{
"type": "FeatureCollection",
"name": "ncr_7_districts",
"crs": { "type": "name", "properties": { "name": "urn:ogc:def:crs:OGC:1.3:CRS84" } },
"features": [
{ "type": "Feature", "properties": { "DISTRICT": "NEW DELHI", "DIST_LGD": "094", "STATE_UT": "DELHI" }, "geometry": { "type": "Polygon", "coordinates": [ [ [ 77.203687845997479, 28.643149903090684, 0.0 ], [ 77.204057322415835, 28.64297706941969, 0.0 ], [ 77.204078467247797, 28.642999181258336, 0.0 ], [ 77.204145680589804, 28.643034178138777, 0.0 ], [ 77.204232870464708, 28.643046293357937, 0.0 ], [ 77.204299234394426, 28.643040701819888, 0.0 ], [ 77.204380180978276, 28.642998782446568, 0.0 ], [ 77.204420134957502, 28.642953017318508, 0.0 ], [ 77.20445469406306, 28.642893806002863, 0.0 ], [ 77.2044736339179, 28.64282131534657, 0.0 ], [ 77.204441356880068, 28.642745146737756, 0.0 ], [ 77.204409835322693, 28.642705057998739, 0.0 ], [ 77.20437329516821, 28.642669560692617, 0.0 ], [ 77.204341059018105, 28.642657218747473, 0.0 ], [ 77.204587280597863, 28.64241495442235, 0.0 ], [ 77.209688977275022, 28.639405459070122, 0.0 ], [ 77.209697781538097, 28.639400264856235, 0.0 ], [ 77.218222639882839, 28.634370654766649, 0.0 ], [ 77.218320416860308, 28.63447922458101, 0.0 ], [ 77.218503408537373, 28.634670217448878, 0.0 ], [ 77.218701830362136, 28.634865468312878, 0.0 ], [ 77.218878666475987, 28.635006935416587, 0.0 ], [ 77.219169386639024, 28.635214207648989, 0.0 ], [ 77.219386454543908, 28.63532343584852, 0.0 ], [ 77.219670830034005, 28.63547216301362, 0.0 ], [ 77.221526138048205, 28.635671825901778, 0.0 ], [ 77.222506531019448, 28.635362503194113, 0.0 ], [ 77.222722722543836, 28.63522864167123, 0.0 ], [ 77.223632690738, 28.636394550273465, 0.0 ], [ 77.22434714370425, 28.635350333147045, 0.0 ], [ 77.22458603644796, 28.635039636729665, 0.0 ], [ 77.22490976189583, 28.634871910002488, 0.0 ], [ 77.227211397513926, 28.633688193749837, 0.0 ], [ 77.229960796225114, 28.632402331178344, 0.0 ], [ 77.230162117835619, 28.632307965234084, 0.0 ], [ 77.232963218202173, 28.630994948762588, 0.0 ], [ 77.234183625621171, 28.630433462469803, 0.0 ], [ 77.234731599343874, 28.630141612341045, 0.0 ], [ 77.236762257440105, 28.629060056885145, 0.0 ], [ 77.239161636814188, 28.627676032830497, 0.0 ], [ 77.239643647842868, 28.627415460895598, 0.0 ], [ 77.241219040051618, 28.626563796863387, 0.0 ], [ 77.242274254480051, 28.625932792269179, 0.0 ], [ 77.243824213386731, 28.625004859383349, 0.0 ], [ 77.244944448260895, 28.623826883913573, 0.0 ], [ 77.245373444717046, 28.623323526084665, 0.0 ], [ 77.245721811010441, 28.622875639834536, 0.0 ], [ 77.2466413288833, 28.621637820483681, 0.0 ], [ 77.246751370304438, 28.62152321220087, 0.0 ], [ 77.246899245087548, 28.621024511756008, 0.0 ], [ 77.247254880497138, 28.619958446573559, 0.0 ], [ 77.247802548804046, 28.618307231810146, 0.0 ], [ 77.248001907116048, 28.617825722446145, 0.0 ], [ 77.248300055158921, 28.616701960451078, 0.0 ], [ 77.248413583678058, 28.616271499169422, 0.0 ], [ 77.248519388159238, 28.615958459907397, 0.0 ], [ 77.248694051160939, 28.615517961547269, 0.0 ], [ 77.24888550287568, 28.614905751699457, 0.0 ], [ 77.249216927127222, 28.614181640906967, 0.0 ], [ 77.250207792202005, 28.613620623549046, 0.0 ], [ 77.250912491253644, 28.613342751044016, 0.0 ], [ 77.251867797130473, 28.613069732565556, 0.0 ], [ 77.252636509411303, 28.612917105183705, 0.0 ], [ 77.252749134023787, 28.612924255794347, 0.0 ], [ 77.2529751548213, 28.612974633577434, 0.0 ], [ 77.254193102090071, 28.613270173178364, 0.0 ], [ 77.255045795213576, 28.613458995816355, 0.0 ], [ 77.255081761998923, 28.613467420089052, 0.0 ], [ 77.255682798371936, 28.613592626450487, 0.0 ], [ 77.25564759131295, 28.613390332884165, 0.0 ], [ 77.255675652731227, 28.613028959282136, 0.0 ], [ 77.255703715309792, 28.612428483857201, 0.0 ], [ 77.255714614014551, 28.611981680192063, 0.0 ], [ 77.255722523252587, 28.611634175827835, 0.0 ], [ 77.255701794716785, 28.611142785039799, 0.0 ], [ 77.255623211067132, 28.610814765347726, 0.0 ], [ 77.255605663379413, 28.610711296296653, 0.0 ], [ 77.255624659095545, 28.610643309990778, 0.0 ], [ 77.255643753115464, 28.610340732732706, 0.0 ], [ 77.255733043410146, 28.60997382782028, 0.0 ], [ 77.255797263331914, 28.609629898428722, 0.0 ], [ 77.255940165691754, 28.608901193017122, 0.0 ], [ 77.256066021500416, 28.60866817871165, 0.0 ], [ 77.254364073146505, 28.608402027298087, 0.0 ], [ 77.250387554699117, 28.607654598115637, 0.0 ], [ 77.249250973162489, 28.607191381203535, 0.0 ], [ 77.247534702297557, 28.606212231089621, 0.0 ], [ 77.247369541768776, 28.606138277354631, 0.0 ], [ 77.245541487046253, 28.605514430009581, 0.0 ], [ 77.2452340797728, 28.605722534281245, 0.0 ], [ 77.244767650005059, 28.606145305458639, 0.0 ], [ 77.244065251844503, 28.606770481962116, 0.0 ], [ 77.24299215685862, 28.607753677098934, 0.0 ], [ 77.242587033372359, 28.608175426318311, 0.0 ], [ 77.241550687497281, 28.60752037734531, 0.0 ], [ 77.241172461179161, 28.607283019358317, 0.0 ], [ 77.240504707341771, 28.606892548042087, 0.0 ], [ 77.238947081211649, 28.606002480700724, 0.0 ], [ 77.2375182886055, 28.605159893268972, 0.0 ], [ 77.236922868720043, 28.604804300110391, 0.0 ], [ 77.235208462747536, 28.603749853354017, 0.0 ], [ 77.234384965991595, 28.603244623423656, 0.0 ], [ 77.234333195936657, 28.603213896860286, 0.0 ], [ 77.233147418737374, 28.602498083240921, 0.0 ], [ 77.233498787593405, 28.601950927704713, 0.0 ], [ 77.233522430699836, 28.601860310823223, 0.0 ], [ 77.233480469985423, 28.601085044789546, 0.0 ], [ 77.233455270736457, 28.600377173354051, 0.0 ], [ 77.233442540924997, 28.599533754733987, 0.0 ], [ 77.233406128172021, 28.598537338707587, 0.0 ], [ 77.233361854924865, 28.595235735269465, 0.0 ], [ 77.233374132510647, 28.595091169382162, 0.0 ], [ 77.233472035547607, 28.594886544095306, 0.0 ], [ 77.233644105040682, 28.594563400468786, 0.0 ], [ 77.234100653230513, 28.593915261188922, 0.0 ], [ 77.235505573314327, 28.592097834037052, 0.0 ], [ 77.214061319204632, 28.589421306231166, 0.0 ], [ 77.212089897158975, 28.589370100309885, 0.0 ], [ 77.212217686012366, 28.58806635304564, 0.0 ], [ 77.211549858952765, 28.587990929904677, 0.0 ], [ 77.209330966595004, 28.587726061664466, 0.0 ], [ 77.208227080966481, 28.587575077347335, 0.0 ], [ 77.207365052175092, 28.587546871346177, 0.0 ], [ 77.206095048412408, 28.587461936362409, 0.0 ], [ 77.204970773065185, 28.587480224444004, 0.0 ], [ 77.204303635298615, 28.587617796228272, 0.0 ], [ 77.203256720577997, 28.588252759392532, 0.0 ], [ 77.202993001571784, 28.588899307253133, 0.0 ], [ 77.202828374767165, 28.589164819026561, 0.0 ], [ 77.202236134165801, 28.589324632565244, 0.0 ], [ 77.202121074789957, 28.589927271273027, 0.0 ], [ 77.201917830682277, 28.590381150989813, 0.0 ], [ 77.201628747415697, 28.590798874803607, 0.0 ], [ 77.201085279931007, 28.591258277187865, 0.0 ], [ 77.200708007848974, 28.591527238327568, 0.0 ], [ 77.200494588183915, 28.591493154808749, 0.0 ], [ 77.200439116441373, 28.590489640483014, 0.0 ], [ 77.200300156792039, 28.589562578263841, 0.0 ], [ 77.200159614847493, 28.587410530351502, 0.0 ], [ 77.200696327456399, 28.585606547415157, 0.0 ], [ 77.202137598879602, 28.580812572652988, 0.0 ], [ 77.210174924938102, 28.580174849346101, 0.0 ], [ 77.20874520382722, 28.576299985883914, 0.0 ], [ 77.207675720394263, 28.571944494630458, 0.0 ], [ 77.206837237937933, 28.568691293089945, 0.0 ], [ 77.206048568611621, 28.565713400933106, 0.0 ], [ 77.205879763272279, 28.562075842554226, 0.0 ], [ 77.205852271994843, 28.562111694777101, 0.0 ], [ 77.204225676999883, 28.563582337359463, 0.0 ], [ 77.203461538035199, 28.563062682048251, 0.0 ], [ 77.202415722756058, 28.562452583914322, 0.0 ], [ 77.20163720395928, 28.56227519709185, 0.0 ], [ 77.201479910294083, 28.5623078326852, 0.0 ], [ 77.20103193689458, 28.562327429082032, 0.0 ], [ 77.200994191327126, 28.562329080782746, 0.0 ], [ 77.200965313503332, 28.56233024856741, 0.0 ], [ 77.200950339116105, 28.562331353807451, 0.0 ], [ 77.200843870317797, 28.562344813925701, 0.0 ], [ 77.200896276905411, 28.562367294147194, 0.0 ], [ 77.200868933393451, 28.562479856705824, 0.0 ], [ 77.200800404855869, 28.56275325897699, 0.0 ], [ 77.200718535069768, 28.56301959668393, 0.0 ], [ 77.200630615029283, 28.563312242261198, 0.0 ], [ 77.200616313981484, 28.563374103310824, 0.0 ], [ 77.200561013493271, 28.56361332658874, 0.0 ], [ 77.200509693120125, 28.563843997448469, 0.0 ], [ 77.200475818576976, 28.564024246058892, 0.0 ], [ 77.200463718888557, 28.564089592486472, 0.0 ], [ 77.200455206691728, 28.564133922658243, 0.0 ], [ 77.20041014880033, 28.564368576622655, 0.0 ], [ 77.200376845207913, 28.564511814416562, 0.0 ], [ 77.200338035494525, 28.564707559917249, 0.0 ], [ 77.200301645445236, 28.564861040849014, 0.0 ], [ 77.200285889615458, 28.565054957660365, 0.0 ], [ 77.200267454166692, 28.565199410287299, 0.0 ], [ 77.200261504171976, 28.565273852662902, 0.0 ], [ 77.200250442398797, 28.565412275824574, 0.0 ], [ 77.20022638028837, 28.565603414588796, 0.0 ], [ 77.200206084664643, 28.565737704978023, 0.0 ], [ 77.200186376343808, 28.565821023423986, 0.0 ], [ 77.200168178289488, 28.565858165092646, 0.0 ], [ 77.200123090026679, 28.56595018509201, 0.0 ], [ 77.200035072923541, 28.566079749478178, 0.0 ], [ 77.199912507032934, 28.566292871745073, 0.0 ], [ 77.199793632206607, 28.566524861567956, 0.0 ], [ 77.19977565075375, 28.566560542720911, 0.0 ], [ 77.199681170420206, 28.566748012303069, 0.0 ], [ 77.199568435803229, 28.56695806256365, 0.0 ], [ 77.199477014717843, 28.567161942637878, 0.0 ], [ 77.199434950092211, 28.567280567869869, 0.0 ], [ 77.199428233244475, 28.567314183317531, 0.0 ], [ 77.199409554924316, 28.567407660008818, 0.0 ], [ 77.199389044865271, 28.567531760764499, 0.0 ], [ 77.199346148420744, 28.567689714758579, 0.0 ], [ 77.199323825107101, 28.567885193382573, 0.0 ], [ 77.199309052380855, 28.568113312054553, 0.0 ], [ 77.199292876630224, 28.568199574688261, 0.0 ], [ 77.199271441399304, 28.56831389291494, 0.0 ], [ 77.19922797898532, 28.568444676013165, 0.0 ], [ 77.199200812616354, 28.568513066671056, 0.0 ], [ 77.199171648749441, 28.568591197555833, 0.0 ], [ 77.199116489814344, 28.568794005120782, 0.0 ], [ 77.199089507962128, 28.568912614887093, 0.0 ], [ 77.199082223558875, 28.568958410262386, 0.0 ], [ 77.199070420977435, 28.569007187817846, 0.0 ], [ 77.199050550229558, 28.56906674492355, 0.0 ], [ 77.199030271303997, 28.569142948170366, 0.0 ], [ 77.198991670315635, 28.569242564811617, 0.0 ], [ 77.198900766379211, 28.569207150632302, 0.0 ], [ 77.198776319646555, 28.569145099726256, 0.0 ], [ 77.19873471111363, 28.5691535391069, 0.0 ], [ 77.19866757656176, 28.569213581155044, 0.0 ], [ 77.198647927221543, 28.569222883064114, 0.0 ], [ 77.198645740212669, 28.569223918990087, 0.0 ], [ 77.198598294359286, 28.569199229973087, 0.0 ], [ 77.198549143373015, 28.569174069719338, 0.0 ], [ 77.198511772195673, 28.569148580468372, 0.0 ], [ 77.198499815629617, 28.5691404255595, 0.0 ], [ 77.198477816449866, 28.569115825434476, 0.0 ], [ 77.19844383486857, 28.569085925001612, 0.0 ], [ 77.19841097272635, 28.569055509347237, 0.0 ], [ 77.19838742412864, 28.569037919663554, 0.0 ], [ 77.198362838273724, 28.569020104424304, 0.0 ], [ 77.198341410509016, 28.569000541862504, 0.0 ], [ 77.198308201574449, 28.568965547586703, 0.0 ], [ 77.198292555868491, 28.568947332411227, 0.0 ], [ 77.198266487812333, 28.568917305729769, 0.0 ], [ 77.198240807520321, 28.568878785793999, 0.0 ], [ 77.198217481528573, 28.568844720978309, 0.0 ], [ 77.198196540562876, 28.568816607246919, 0.0 ], [ 77.198171425820902, 28.568778079791645, 0.0 ], [ 77.198141224355183, 28.568739632743011, 0.0 ], [ 77.19811274816378, 28.568702655438283, 0.0 ], [ 77.198096212911963, 28.568679552105081, 0.0 ], [ 77.198031787622071, 28.568599920338585, 0.0 ], [ 77.197937123175166, 28.568489335318159, 0.0 ], [ 77.197803990776919, 28.568353164440285, 0.0 ], [ 77.197653735490519, 28.568186689734219, 0.0 ], [ 77.197552807796868, 28.568092222982852, 0.0 ], [ 77.197461744579996, 28.567996139472442, 0.0 ], [ 77.197279648118922, 28.567805427829768, 0.0 ], [ 77.197157907927533, 28.567661790208096, 0.0 ], [ 77.197021176976861, 28.567511113850657, 0.0 ], [ 77.196901721162575, 28.567398017280283, 0.0 ], [ 77.196743345532155, 28.56723749884226, 0.0 ], [ 77.196600293533095, 28.567100029442379, 0.0 ], [ 77.196432055456967, 28.566941127269651, 0.0 ], [ 77.196257313369458, 28.566786697799007, 0.0 ], [ 77.196101434878884, 28.566666909080958, 0.0 ], [ 77.196017331706457, 28.566588184587143, 0.0 ], [ 77.195898120196631, 28.566486731855694, 0.0 ], [ 77.195790601140885, 28.566392369885488, 0.0 ], [ 77.195673190623936, 28.566298167026005, 0.0 ], [ 77.195554463579171, 28.566220003490731, 0.0 ], [ 77.195453812127056, 28.566138634564474, 0.0 ], [ 77.195406485051308, 28.566121937451911, 0.0 ], [ 77.195327536201205, 28.566094082584353, 0.0 ], [ 77.195243827076325, 28.566034281254833, 0.0 ], [ 77.195175289072012, 28.565990251306307, 0.0 ], [ 77.195004393388359, 28.565861967917517, 0.0 ], [ 77.19485733556111, 28.565769700121958, 0.0 ], [ 77.194710519285181, 28.56568907784596, 0.0 ], [ 77.194515737040973, 28.56560195242302, 0.0 ], [ 77.194360858588524, 28.565530196422056, 0.0 ], [ 77.194192760669864, 28.565457196796103, 0.0 ], [ 77.193978254029929, 28.565373300043071, 0.0 ], [ 77.193813665815597, 28.565310437068234, 0.0 ], [ 77.193705558299101, 28.565267046356009, 0.0 ], [ 77.193543271331265, 28.565156095404674, 0.0 ], [ 77.193434559422613, 28.565083591644704, 0.0 ], [ 77.193420576370883, 28.565050787477443, 0.0 ], [ 77.193406820326118, 28.565018515747294, 0.0 ], [ 77.193383955121263, 28.564870362969138, 0.0 ], [ 77.19334153369833, 28.564654090012951, 0.0 ], [ 77.193297314087005, 28.564430565054646, 0.0 ], [ 77.193259639163585, 28.564287406749937, 0.0 ], [ 77.193250763009871, 28.56425367307083, 0.0 ], [ 77.193197011431906, 28.564047775955522, 0.0 ], [ 77.19315229053889, 28.563879591385948, 0.0 ], [ 77.193122943759647, 28.56372152321752, 0.0 ], [ 77.193110529914719, 28.563685964857687, 0.0 ], [ 77.193105892035518, 28.563644109232694, 0.0 ], [ 77.193097218208678, 28.563553066245237, 0.0 ], [ 77.193089432246325, 28.563485120878706, 0.0 ], [ 77.193088403432697, 28.563485398198768, 0.0 ], [ 77.193088265485358, 28.563474934138917, 0.0 ], [ 77.193088128567837, 28.563464608631332, 0.0 ], [ 77.193085410439011, 28.563258860280289, 0.0 ], [ 77.193083401054082, 28.563246963274278, 0.0 ], [ 77.193076111257781, 28.563238580779817, 0.0 ], [ 77.193064256568761, 28.563221209583695, 0.0 ], [ 77.193048287439709, 28.563197268656225, 0.0 ], [ 77.193017809444314, 28.563148779443338, 0.0 ], [ 77.192983014210796, 28.563091058161014, 0.0 ], [ 77.192955186529119, 28.563056642386666, 0.0 ], [ 77.192941505042242, 28.563042492304486, 0.0 ], [ 77.192929655762711, 28.563025757895314, 0.0 ], [ 77.192924468865968, 28.563019880314847, 0.0 ], [ 77.192900840684274, 28.562993100913726, 0.0 ], [ 77.19278005021954, 28.562883642956105, 0.0 ], [ 77.192755938379889, 28.562865356995911, 0.0 ], [ 77.192700352408906, 28.562823203151446, 0.0 ], [ 77.192644910854284, 28.562781190359448, 0.0 ], [ 77.192583425088031, 28.562735512427523, 0.0 ], [ 77.19249449190184, 28.562681996376313, 0.0 ], [ 77.192363323348474, 28.562606579886619, 0.0 ], [ 77.192228917896557, 28.562539496374896, 0.0 ], [ 77.192166070841154, 28.562510400101349, 0.0 ], [ 77.192161994502527, 28.562508313657816, 0.0 ], [ 77.192054897544523, 28.562453480450369, 0.0 ], [ 77.191904391735847, 28.562391172125654, 0.0 ], [ 77.191776421930271, 28.562346566992787, 0.0 ], [ 77.191764326299477, 28.562344388948805, 0.0 ], [ 77.191680565820135, 28.562329296228725, 0.0 ], [ 77.191584804178575, 28.562316540910864, 0.0 ], [ 77.191438972751271, 28.562303665739776, 0.0 ], [ 77.191365006203199, 28.56229930964524, 0.0 ], [ 77.19129885842348, 28.562295412249131, 0.0 ], [ 77.1912715001192, 28.562297805966637, 0.0 ], [ 77.191217592659925, 28.562299066282954, 0.0 ], [ 77.191101234289164, 28.562301329127386, 0.0 ], [ 77.190963856931205, 28.562306244858092, 0.0 ], [ 77.19093279864488, 28.562309857809471, 0.0 ], [ 77.190918774524931, 28.562311489856949, 0.0 ], [ 77.19084762710699, 28.562334469879318, 0.0 ], [ 77.190805146738924, 28.562337001889443, 0.0 ], [ 77.190795679596206, 28.562337566425036, 0.0 ], [ 77.190669872028678, 28.562356159226642, 0.0 ], [ 77.190634294678787, 28.562365370640919, 0.0 ], [ 77.190570643060582, 28.562381849365284, 0.0 ], [ 77.190420682179777, 28.562422005178153, 0.0 ], [ 77.190304386221683, 28.56245314703882, 0.0 ], [ 77.190147160284212, 28.562501261050603, 0.0 ], [ 77.190053947624278, 28.562538784538994, 0.0 ], [ 77.189987901993163, 28.562565869683503, 0.0 ], [ 77.189906720038778, 28.562602047120468, 0.0 ], [ 77.189869366579103, 28.562609972016467, 0.0 ], [ 77.189856285351212, 28.562611861864408, 0.0 ], [ 77.189693392897809, 28.56263539538374, 0.0 ], [ 77.18954044799824, 28.562661200310359, 0.0 ], [ 77.189423171131295, 28.562684914943933, 0.0 ], [ 77.18940146957722, 28.562689303423888, 0.0 ], [ 77.189334115243838, 28.562702921889073, 0.0 ], [ 77.189193135730775, 28.562730039097875, 0.0 ], [ 77.189096229121645, 28.562744399300197, 0.0 ], [ 77.189088127722812, 28.562746099739449, 0.0 ], [ 77.188948508146353, 28.562775388432431, 0.0 ], [ 77.188817080893813, 28.562800284554928, 0.0 ], [ 77.188573293662188, 28.562846463729738, 0.0 ], [ 77.188531486245509, 28.562854383233741, 0.0 ], [ 77.188426815249926, 28.562864352941808, 0.0 ], [ 77.188256605152915, 28.562879895372141, 0.0 ], [ 77.188234397006141, 28.56288526836207, 0.0 ], [ 77.188163278375413, 28.562902478781144, 0.0 ], [ 77.187750249894094, 28.562927206104849, 0.0 ], [ 77.187721537056149, 28.562918076059553, 0.0 ], [ 77.187714200215737, 28.562915743044361, 0.0 ], [ 77.187591294105118, 28.562827390939223, 0.0 ], [ 77.187474250671329, 28.562754089113493, 0.0 ], [ 77.187321772416894, 28.562658597066715, 0.0 ], [ 77.187172976043513, 28.562569452441824, 0.0 ], [ 77.187137013234278, 28.562547906186932, 0.0 ], [ 77.187032507687576, 28.562483346270319, 0.0 ], [ 77.18674758191969, 28.562311787966362, 0.0 ], [ 77.186532726246995, 28.56218878381636, 0.0 ], [ 77.186527776966543, 28.56218629008384, 0.0 ], [ 77.186392280395964, 28.562118028160295, 0.0 ], [ 77.186051875571664, 28.561943598444831, 0.0 ], [ 77.185956725424134, 28.561894344302576, 0.0 ], [ 77.185927765237935, 28.561879352557295, 0.0 ], [ 77.185814844978978, 28.56182019667391, 0.0 ], [ 77.185648393571441, 28.561728781264151, 0.0 ], [ 77.185412156375364, 28.561600019332012, 0.0 ], [ 77.185394856673085, 28.561590590147038, 0.0 ], [ 77.185177156083071, 28.561494728846693, 0.0 ], [ 77.184966334907458, 28.561401768467505, 0.0 ], [ 77.184820917098179, 28.561337865021162, 0.0 ], [ 77.184816828764895, 28.561336728649817, 0.0 ], [ 77.184697674065987, 28.561303577126651, 0.0 ], [ 77.18467512899575, 28.561297304918138, 0.0 ], [ 77.184548433511111, 28.561272997480653, 0.0 ], [ 77.184366675738389, 28.561224734382758, 0.0 ], [ 77.18421674929472, 28.561190262420201, 0.0 ], [ 77.183985802251499, 28.561154835718568, 0.0 ], [ 77.183859046350392, 28.561127517420324, 0.0 ], [ 77.183583123713078, 28.56106119664323, 0.0 ], [ 77.183387588155966, 28.561006379908569, 0.0 ], [ 77.183271416092552, 28.560954801568087, 0.0 ], [ 77.183178365731109, 28.560908121313101, 0.0 ], [ 77.183105617751735, 28.560853585474248, 0.0 ], [ 77.18306818946489, 28.560816548719416, 0.0 ], [ 77.182978733523342, 28.560737440266099, 0.0 ], [ 77.182905224745909, 28.560646031373267, 0.0 ], [ 77.182777811142799, 28.560462896247124, 0.0 ], [ 77.182650876936847, 28.56026168737041, 0.0 ], [ 77.182572222315741, 28.560127452482845, 0.0 ], [ 77.182456872413894, 28.559948574990361, 0.0 ], [ 77.182455952860693, 28.559947148629167, 0.0 ], [ 77.182350100287891, 28.559817115058451, 0.0 ], [ 77.182143480347662, 28.559596861286899, 0.0 ], [ 77.181992716297515, 28.559438943710475, 0.0 ], [ 77.18174419068454, 28.559171185661697, 0.0 ], [ 77.181633288812208, 28.559044243979216, 0.0 ], [ 77.1814701726545, 28.558866197907147, 0.0 ], [ 77.181351692709697, 28.558743893776164, 0.0 ], [ 77.181280680818674, 28.558649432426165, 0.0 ], [ 77.18144147572103, 28.558508335296928, 0.0 ], [ 77.181584463837254, 28.558372040094515, 0.0 ], [ 77.181720665975021, 28.558278765434224, 0.0 ], [ 77.181828075677657, 28.558236387103129, 0.0 ], [ 77.181943683905374, 28.558219472492461, 0.0 ], [ 77.182156939471497, 28.558224323159891, 0.0 ], [ 77.182340906856965, 28.558214589017528, 0.0 ], [ 77.182445372045521, 28.558194841423653, 0.0 ], [ 77.18245190052798, 28.558193300699124, 0.0 ], [ 77.182554827141885, 28.558168992721637, 0.0 ], [ 77.182652876221439, 28.55812751738393, 0.0 ], [ 77.182731849144346, 28.558111944374552, 0.0 ], [ 77.182833509058938, 28.558080198064307, 0.0 ], [ 77.183023825132182, 28.558006374494273, 0.0 ], [ 77.183250064302143, 28.557937995070404, 0.0 ], [ 77.183498200496089, 28.557856464794853, 0.0 ], [ 77.183665288831847, 28.557807616418497, 0.0 ], [ 77.183713467246719, 28.557793530621804, 0.0 ], [ 77.183905471973219, 28.557718926594205, 0.0 ], [ 77.1840963760812, 28.557632294335875, 0.0 ], [ 77.184165807886671, 28.557602139010111, 0.0 ], [ 77.184175463904211, 28.55759794507982, 0.0 ], [ 77.184174629307122, 28.557597401897084, 0.0 ], [ 77.184143871287489, 28.557575538349738, 0.0 ], [ 77.184130278151514, 28.55756861755259, 0.0 ], [ 77.184068164545451, 28.55752067243516, 0.0 ], [ 77.183980439785742, 28.557455685857573, 0.0 ], [ 77.183951708815172, 28.557434343375888, 0.0 ], [ 77.183934719268336, 28.557418726608095, 0.0 ], [ 77.183907734806581, 28.557398636074495, 0.0 ], [ 77.183869008884102, 28.557372868435706, 0.0 ], [ 77.183856477880056, 28.557368421469707, 0.0 ], [ 77.183856022057029, 28.557367212475206, 0.0 ], [ 77.183807230377909, 28.557336475292839, 0.0 ], [ 77.18376267176096, 28.557309701902525, 0.0 ], [ 77.183742861984371, 28.557297117067076, 0.0 ], [ 77.183737815352345, 28.557292141623531, 0.0 ], [ 77.183699837204472, 28.557268184432495, 0.0 ], [ 77.183693438649527, 28.557263668624312, 0.0 ], [ 77.183666943625184, 28.5572375690898, 0.0 ], [ 77.183617669592579, 28.557203540670436, 0.0 ], [ 77.183595386159013, 28.557189970841726, 0.0 ], [ 77.183579917003811, 28.557184722428893, 0.0 ], [ 77.183561920764959, 28.557177680737055, 0.0 ], [ 77.183513475991944, 28.557163798655811, 0.0 ], [ 77.183486577935085, 28.557154719955498, 0.0 ], [ 77.183383555829806, 28.557116707751295, 0.0 ], [ 77.183345108426963, 28.557104346168288, 0.0 ], [ 77.183292763850829, 28.55708371884711, 0.0 ], [ 77.183268717184589, 28.557071887615599, 0.0 ], [ 77.18323649184849, 28.557066053450352, 0.0 ], [ 77.183205333699618, 28.557058246320896, 0.0 ], [ 77.183166255626091, 28.557042257864573, 0.0 ], [ 77.183138748572432, 28.557023640569014, 0.0 ], [ 77.183112440224804, 28.557009402347454, 0.0 ], [ 77.183087256316227, 28.556996123447615, 0.0 ], [ 77.183055971918208, 28.556977144945904, 0.0 ], [ 77.183055865304297, 28.556977080676631, 0.0 ], [ 77.183016666489451, 28.556955230255596, 0.0 ], [ 77.182950646282308, 28.55692110412901, 0.0 ], [ 77.182921955249242, 28.556905627442909, 0.0 ], [ 77.182919865438549, 28.556904669420135, 0.0 ], [ 77.182898929254677, 28.55689507292184, 0.0 ], [ 77.182831809253983, 28.556858627260802, 0.0 ], [ 77.182770868340555, 28.55683033034105, 0.0 ], [ 77.18273624468641, 28.556816013124969, 0.0 ], [ 77.18272711064958, 28.556807117661918, 0.0 ], [ 77.182709204901144, 28.556799434328642, 0.0 ], [ 77.182660883801773, 28.556779093430169, 0.0 ], [ 77.182631864583485, 28.556763290700133, 0.0 ], [ 77.182618966207428, 28.556756900393008, 0.0 ], [ 77.182578812760909, 28.556742427699103, 0.0 ], [ 77.182522933500337, 28.556720233983157, 0.0 ], [ 77.182511507383765, 28.556716742220917, 0.0 ], [ 77.182453926944845, 28.556697720364159, 0.0 ], [ 77.182369784367637, 28.556666175881229, 0.0 ], [ 77.182361276894625, 28.556660448427998, 0.0 ], [ 77.182355505288655, 28.556648810404702, 0.0 ], [ 77.182348400406241, 28.556626442114641, 0.0 ], [ 77.182339556625763, 28.55660019438416, 0.0 ], [ 77.182314207708131, 28.556570445919398, 0.0 ], [ 77.182309155931762, 28.556562490432281, 0.0 ], [ 77.182303341851537, 28.556507499974924, 0.0 ], [ 77.182296023175439, 28.556417416811481, 0.0 ], [ 77.182303009932269, 28.556340185702361, 0.0 ], [ 77.182309015530578, 28.556253331477865, 0.0 ], [ 77.182308094017372, 28.556233094442319, 0.0 ], [ 77.182306567351617, 28.556199572026891, 0.0 ], [ 77.182306164179536, 28.556190718781693, 0.0 ], [ 77.182303383458532, 28.556131547792628, 0.0 ], [ 77.182301609832891, 28.556083377468784, 0.0 ], [ 77.182311743500634, 28.556045344310093, 0.0 ], [ 77.182311640903066, 28.55596478419956, 0.0 ], [ 77.182310931493788, 28.555930367919085, 0.0 ], [ 77.182302331566717, 28.555924595702006, 0.0 ], [ 77.18229590570958, 28.555920281184783, 0.0 ], [ 77.182266252977826, 28.555919381371339, 0.0 ], [ 77.18220382593789, 28.555917630273186, 0.0 ], [ 77.182132507811943, 28.555910116461359, 0.0 ], [ 77.182093940448155, 28.555900961694277, 0.0 ], [ 77.182038441077495, 28.555899997118782, 0.0 ], [ 77.182006699393483, 28.555898974122549, 0.0 ], [ 77.181947630499678, 28.555892237131708, 0.0 ], [ 77.181897553799502, 28.555890193934339, 0.0 ], [ 77.181886284935047, 28.555873161383204, 0.0 ], [ 77.181885744913217, 28.555847005208257, 0.0 ], [ 77.181884513884938, 28.55583786393241, 0.0 ], [ 77.181883949148229, 28.555810505449344, 0.0 ], [ 77.181878944954164, 28.555782565787663, 0.0 ], [ 77.181866218145785, 28.555746824362764, 0.0 ], [ 77.181860011796815, 28.555658066255614, 0.0 ], [ 77.181864006998651, 28.555587079667347, 0.0 ], [ 77.181869801327451, 28.555550517615433, 0.0 ], [ 77.181872976881579, 28.555530474939228, 0.0 ], [ 77.181878730964925, 28.555506971278287, 0.0 ], [ 77.181869120047338, 28.555494731443073, 0.0 ], [ 77.181854166004669, 28.555488086395616, 0.0 ], [ 77.181840869871877, 28.55548623407444, 0.0 ], [ 77.181802923619699, 28.555461367710219, 0.0 ], [ 77.181705613786818, 28.55539407723694, 0.0 ], [ 77.181649366643171, 28.555351602652483, 0.0 ], [ 77.181642619850976, 28.555326922188907, 0.0 ], [ 77.181638989451187, 28.555302192180939, 0.0 ], [ 77.181620653558937, 28.555239075575312, 0.0 ], [ 77.181607929658256, 28.555195277940868, 0.0 ], [ 77.181603902411467, 28.555113404315591, 0.0 ], [ 77.181607303132793, 28.555089249885889, 0.0 ], [ 77.181614092304855, 28.555078123594694, 0.0 ], [ 77.181658401820926, 28.555071214291065, 0.0 ], [ 77.181683723587525, 28.555074120354799, 0.0 ], [ 77.181761223209591, 28.555084142725612, 0.0 ], [ 77.181844842235677, 28.55509269511272, 0.0 ], [ 77.181893622035062, 28.555097709097918, 0.0 ], [ 77.181986711761169, 28.555100840439572, 0.0 ], [ 77.182048732997643, 28.555104753338544, 0.0 ], [ 77.182110035962523, 28.555107025955582, 0.0 ], [ 77.182197994172782, 28.555113430869305, 0.0 ], [ 77.182321297233145, 28.555116009316553, 0.0 ], [ 77.182463024081144, 28.555106051149622, 0.0 ], [ 77.182545715501959, 28.555101012981254, 0.0 ], [ 77.182672009625946, 28.555098981447333, 0.0 ], [ 77.182823238036718, 28.555095860659826, 0.0 ], [ 77.182859142063791, 28.555097348744347, 0.0 ], [ 77.18288257324285, 28.555099036797085, 0.0 ], [ 77.182907305972179, 28.555088311669401, 0.0 ], [ 77.182949433435795, 28.555089011421028, 0.0 ], [ 77.183023594911731, 28.555092637350416, 0.0 ], [ 77.183067816124662, 28.555093890565519, 0.0 ], [ 77.183132058573705, 28.555095711918224, 0.0 ], [ 77.183246446422459, 28.555083543742445, 0.0 ], [ 77.183313419874167, 28.555079023132773, 0.0 ], [ 77.183430984380024, 28.55506955685507, 0.0 ], [ 77.183585145210856, 28.555057436378256, 0.0 ], [ 77.183687145351143, 28.555049597985686, 0.0 ], [ 77.183717464196889, 28.555044979772028, 0.0 ], [ 77.183720727076548, 28.555042773992948, 0.0 ], [ 77.18373524804997, 28.555039176052986, 0.0 ], [ 77.183739567730896, 28.555033894337623, 0.0 ], [ 77.183740145042719, 28.555026065757847, 0.0 ], [ 77.183736665049565, 28.555021522546554, 0.0 ], [ 77.18373028337669, 28.555013191307893, 0.0 ], [ 77.183724126210706, 28.555000910700631, 0.0 ], [ 77.183721582935434, 28.554979595439193, 0.0 ], [ 77.183720556762665, 28.554970992661907, 0.0 ], [ 77.18371316300049, 28.554934620686439, 0.0 ], [ 77.183706092849263, 28.554916265061657, 0.0 ], [ 77.183702688019224, 28.554901013674467, 0.0 ], [ 77.183697033234267, 28.554875678229525, 0.0 ], [ 77.183690434145248, 28.554834636644518, 0.0 ], [ 77.183681337061557, 28.554787214990139, 0.0 ], [ 77.183669612402866, 28.55475547404118, 0.0 ], [ 77.1836595267837, 28.554738448711362, 0.0 ], [ 77.183652789057973, 28.554727073472662, 0.0 ], [ 77.183652512264771, 28.554713644320231, 0.0 ], [ 77.183652304846959, 28.554703622001657, 0.0 ], [ 77.183650344527123, 28.554680195852406, 0.0 ], [ 77.183649311681194, 28.554665876262366, 0.0 ], [ 77.183636663167704, 28.554620969049221, 0.0 ], [ 77.183629751578849, 28.554601210662312, 0.0 ], [ 77.183624021869448, 28.554584830121108, 0.0 ], [ 77.183613919686138, 28.554560230861444, 0.0 ], [ 77.183601583113898, 28.554535874737304, 0.0 ], [ 77.183598531483298, 28.554529852795696, 0.0 ], [ 77.183585075903451, 28.554485758871088, 0.0 ], [ 77.183570145350529, 28.554406304773707, 0.0 ], [ 77.183529344304802, 28.554280954954891, 0.0 ], [ 77.1835187533962, 28.554221221170252, 0.0 ], [ 77.183498382916625, 28.554178858422773, 0.0 ], [ 77.183464243118635, 28.554036188873383, 0.0 ], [ 77.183422294851766, 28.553892954823201, 0.0 ], [ 77.183386018717144, 28.553797829749684, 0.0 ], [ 77.18336337841167, 28.553721075314915, 0.0 ], [ 77.183339149808319, 28.553642969849673, 0.0 ], [ 77.183337095788332, 28.553637175603825, 0.0 ], [ 77.183308955228583, 28.553551213653527, 0.0 ], [ 77.183291783103527, 28.553505876002706, 0.0 ], [ 77.183283035292945, 28.553475391219699, 0.0 ], [ 77.183267688283124, 28.553446966151828, 0.0 ], [ 77.183249940152052, 28.553421421723694, 0.0 ], [ 77.183246566681504, 28.553389005140435, 0.0 ], [ 77.183233679759994, 28.553331373906403, 0.0 ], [ 77.1832169637307, 28.553239376681685, 0.0 ], [ 77.183194407113859, 28.553128881221376, 0.0 ], [ 77.183177495445364, 28.553065118150919, 0.0 ], [ 77.183176666211011, 28.553062641961027, 0.0 ], [ 77.183148405558512, 28.552978139298027, 0.0 ], [ 77.183138439350316, 28.552948692639006, 0.0 ], [ 77.183145780351154, 28.552926539841131, 0.0 ], [ 77.183171917044632, 28.552908217155661, 0.0 ], [ 77.183205863293935, 28.552890457123066, 0.0 ], [ 77.183228782861988, 28.552867365545676, 0.0 ], [ 77.183289190258435, 28.552809243739684, 0.0 ], [ 77.183299125612763, 28.552799444486908, 0.0 ], [ 77.183286679286482, 28.552763151063015, 0.0 ], [ 77.18327301280047, 28.5527055326192, 0.0 ], [ 77.183250342960022, 28.552589531217496, 0.0 ], [ 77.183232750353525, 28.552524821182828, 0.0 ], [ 77.183219963366028, 28.552477785574641, 0.0 ], [ 77.18319604613049, 28.552376951615823, 0.0 ], [ 77.183173207718895, 28.552290561953839, 0.0 ], [ 77.183107501818938, 28.552091937253191, 0.0 ], [ 77.183088350234556, 28.552033030105736, 0.0 ], [ 77.183065613411202, 28.551989328078111, 0.0 ], [ 77.183051408552899, 28.551943423386156, 0.0 ], [ 77.18304043534701, 28.551902975019061, 0.0 ], [ 77.183028273883878, 28.551880446669923, 0.0 ], [ 77.183006088098466, 28.551825720933518, 0.0 ], [ 77.182964908825682, 28.551719657110922, 0.0 ], [ 77.182922424953873, 28.551626008283709, 0.0 ], [ 77.182913239570695, 28.551596547808369, 0.0 ], [ 77.182843184671967, 28.551451701135015, 0.0 ], [ 77.182820888514883, 28.551429336937378, 0.0 ], [ 77.182818959474389, 28.551411466453366, 0.0 ], [ 77.182794806010747, 28.55137467168818, 0.0 ], [ 77.182779814407567, 28.551345802274344, 0.0 ], [ 77.182760229866915, 28.551315198487536, 0.0 ], [ 77.182740336449825, 28.551280982689814, 0.0 ], [ 77.182744064733185, 28.551277172234585, 0.0 ], [ 77.182721421530928, 28.55125848000338, 0.0 ], [ 77.18268392150091, 28.551194739395328, 0.0 ], [ 77.18266500614331, 28.551168816382834, 0.0 ], [ 77.182593622661471, 28.551072878103518, 0.0 ], [ 77.182527142262941, 28.550987877216947, 0.0 ], [ 77.182487983254191, 28.550931098320518, 0.0 ], [ 77.182485341393914, 28.550927268041725, 0.0 ], [ 77.182414708706517, 28.550829940095568, 0.0 ], [ 77.182395517569134, 28.550806838874525, 0.0 ], [ 77.18238722517998, 28.550782872283111, 0.0 ], [ 77.18234153896077, 28.550723013730334, 0.0 ], [ 77.182296115513793, 28.550684767026606, 0.0 ], [ 77.182260303177699, 28.550656628031515, 0.0 ], [ 77.182224715385999, 28.550612889656847, 0.0 ], [ 77.182150656383641, 28.550528718037729, 0.0 ], [ 77.182072853207302, 28.550441999415078, 0.0 ], [ 77.182062446219419, 28.550423269037267, 0.0 ], [ 77.182031007131044, 28.550385513272754, 0.0 ], [ 77.182004226160686, 28.550356520834963, 0.0 ], [ 77.181984300191246, 28.550334948826261, 0.0 ], [ 77.181933813789939, 28.550282245967551, 0.0 ], [ 77.181899668056843, 28.550235452110613, 0.0 ], [ 77.181874860455878, 28.550201455774758, 0.0 ], [ 77.181827814406148, 28.550134402995134, 0.0 ], [ 77.181797172236031, 28.550077714644537, 0.0 ], [ 77.181730665239073, 28.54999347613775, 0.0 ], [ 77.181697731836806, 28.549966053914737, 0.0 ], [ 77.181671119377526, 28.54994375637672, 0.0 ], [ 77.181659174742734, 28.54992818699089, 0.0 ], [ 77.181651597654863, 28.549903018234591, 0.0 ], [ 77.181641887992598, 28.549895110638829, 0.0 ], [ 77.181628457139396, 28.549887995139905, 0.0 ], [ 77.181624289852309, 28.549884720484833, 0.0 ], [ 77.18161200031301, 28.549875064495946, 0.0 ], [ 77.181592772280325, 28.549838517012823, 0.0 ], [ 77.181585362518518, 28.549827655428974, 0.0 ], [ 77.181528069261972, 28.549734243418154, 0.0 ], [ 77.181494985931039, 28.549680379847626, 0.0 ], [ 77.18149117727863, 28.549677328045533, 0.0 ], [ 77.181441066720964, 28.549637177969476, 0.0 ], [ 77.181407289909487, 28.549597138441417, 0.0 ], [ 77.181362210694928, 28.549543868444665, 0.0 ], [ 77.181346292411405, 28.549525058057505, 0.0 ], [ 77.181345169163791, 28.549523728987928, 0.0 ], [ 77.181301655438673, 28.549498678557118, 0.0 ], [ 77.181296857270993, 28.549495916619222, 0.0 ], [ 77.181277376685514, 28.549476573545459, 0.0 ], [ 77.181266342788788, 28.549465616718312, 0.0 ], [ 77.181241395586966, 28.549439996082658, 0.0 ], [ 77.181229448029882, 28.549427723976656, 0.0 ], [ 77.181211244322725, 28.549393852418977, 0.0 ], [ 77.181204841498939, 28.549381935162032, 0.0 ], [ 77.181190157807578, 28.549354315024445, 0.0 ], [ 77.181183608044506, 28.5493439300928, 0.0 ], [ 77.181179857687809, 28.549337985618923, 0.0 ], [ 77.181171860461859, 28.549292296652919, 0.0 ], [ 77.181165188230068, 28.549230459808786, 0.0 ], [ 77.181161564842114, 28.549175536730598, 0.0 ], [ 77.181162049070906, 28.549156873900529, 0.0 ], [ 77.181162258735213, 28.549148768107578, 0.0 ], [ 77.181157368851146, 28.549136206905253, 0.0 ], [ 77.181152615359494, 28.54912400041988, 0.0 ], [ 77.18115098523495, 28.549105331426112, 0.0 ], [ 77.181150743183991, 28.549053287456559, 0.0 ], [ 77.181149361519701, 28.549025488540039, 0.0 ], [ 77.181148613688777, 28.549010436193235, 0.0 ], [ 77.181148392540607, 28.548996810639519, 0.0 ], [ 77.181147659281635, 28.548951770190627, 0.0 ], [ 77.181143712516018, 28.548906578463413, 0.0 ], [ 77.181145483320719, 28.548841137389289, 0.0 ], [ 77.181142207131629, 28.548795745566721, 0.0 ], [ 77.181140391456395, 28.548745511458257, 0.0 ], [ 77.181140022951155, 28.548727613397755, 0.0 ], [ 77.181139971378187, 28.548725120642537, 0.0 ], [ 77.180357490835831, 28.548758975618814, 0.0 ], [ 77.17977674242762, 28.548615104698698, 0.0 ], [ 77.179757351325293, 28.548610300279517, 0.0 ], [ 77.17899722088552, 28.54845911310878, 0.0 ], [ 77.178991189356722, 28.548457912839307, 0.0 ], [ 77.178840705380551, 28.548443218461614, 0.0 ], [ 77.178662543257687, 28.548425489435719, 0.0 ], [ 77.178654217286109, 28.548423748558804, 0.0 ], [ 77.178391834064598, 28.548368883442468, 0.0 ], [ 77.178138956643863, 28.54830782244683, 0.0 ], [ 77.177896130568016, 28.548279310823958, 0.0 ], [ 77.177776625929127, 28.548257080498697, 0.0 ], [ 77.177586241990568, 28.54822166544502, 0.0 ], [ 77.177008124172957, 28.548143246356926, 0.0 ], [ 77.176774110084182, 28.548144069053755, 0.0 ], [ 77.176700844548847, 28.548144326763605, 0.0 ], [ 77.176666607009324, 28.548144446613939, 0.0 ], [ 77.176364242785084, 28.548149296079693, 0.0 ], [ 77.176239418646915, 28.548127610840822, 0.0 ], [ 77.176226289788616, 28.548125476560113, 0.0 ], [ 77.17621515829596, 28.547982718477822, 0.0 ], [ 77.176104408580926, 28.547976904907213, 0.0 ], [ 77.175247622712646, 28.547931925489195, 0.0 ], [ 77.174409394527558, 28.547908460016611, 0.0 ], [ 77.174227253984682, 28.547903360670357, 0.0 ], [ 77.173502790843969, 28.547893578310568, 0.0 ], [ 77.172863298493311, 28.547893122555507, 0.0 ], [ 77.172704272147314, 28.547888554910035, 0.0 ], [ 77.17233735245631, 28.547878015427248, 0.0 ], [ 77.171767906738069, 28.547867878821812, 0.0 ], [ 77.171167728407895, 28.54789459230556, 0.0 ], [ 77.170635878158734, 28.547945876838618, 0.0 ], [ 77.169594503455201, 28.547956112475159, 0.0 ], [ 77.169377544304169, 28.547888999149084, 0.0 ], [ 77.169146670690765, 28.547852050962959, 0.0 ], [ 77.169110014416219, 28.547845681039298, 0.0 ], [ 77.169022691632847, 28.547830505316494, 0.0 ], [ 77.1689325271321, 28.547804141018972, 0.0 ], [ 77.168585869851157, 28.547672794844246, 0.0 ], [ 77.16825066461702, 28.547509181814593, 0.0 ], [ 77.167882973897903, 28.547296892892511, 0.0 ], [ 77.167271177832689, 28.54687461758073, 0.0 ], [ 77.166956499484613, 28.546648645722801, 0.0 ], [ 77.166446530636691, 28.546348794213436, 0.0 ], [ 77.166010696120935, 28.5461204757395, 0.0 ], [ 77.16547726235207, 28.545857354367904, 0.0 ], [ 77.165105699995394, 28.545692175272453, 0.0 ], [ 77.16490146779455, 28.545654794987499, 0.0 ], [ 77.164488160111858, 28.545580109934221, 0.0 ], [ 77.164238355941279, 28.545564843783321, 0.0 ], [ 77.163903934372897, 28.54555734322237, 0.0 ], [ 77.163547674696886, 28.545548050885756, 0.0 ], [ 77.163317243305158, 28.545532474470594, 0.0 ], [ 77.162852369571056, 28.54554202191272, 0.0 ], [ 77.162263957174545, 28.545551397386298, 0.0 ], [ 77.161880799464143, 28.545529696628456, 0.0 ], [ 77.161465901152582, 28.545495666354562, 0.0 ], [ 77.161281128271071, 28.545462247974751, 0.0 ], [ 77.160847121871669, 28.545441353806893, 0.0 ], [ 77.16054794197585, 28.545435113748191, 0.0 ], [ 77.160728283929757, 28.545280764270192, 0.0 ], [ 77.16076984785866, 28.545245190261241, 0.0 ], [ 77.160923926934203, 28.545113318302853, 0.0 ], [ 77.161098028275106, 28.544964308019058, 0.0 ], [ 77.161280208555752, 28.544808383121413, 0.0 ], [ 77.161373975383398, 28.544728130019529, 0.0 ], [ 77.161678014714781, 28.544467905997564, 0.0 ], [ 77.161864442421958, 28.544336058022779, 0.0 ], [ 77.162071440794847, 28.544189662135409, 0.0 ], [ 77.162548122059874, 28.5439522293076, 0.0 ], [ 77.163144350920234, 28.543620954446258, 0.0 ], [ 77.163466003181028, 28.543439616377793, 0.0 ], [ 77.163715808965819, 28.543351359323154, 0.0 ], [ 77.164215105716877, 28.543159528463839, 0.0 ], [ 77.164396330572103, 28.543085292434238, 0.0 ], [ 77.164908837236069, 28.542850152444796, 0.0 ], [ 77.165680602068079, 28.542564906738974, 0.0 ], [ 77.166374478015044, 28.542289519365767, 0.0 ], [ 77.16666289250692, 28.542102567481301, 0.0 ], [ 77.1671515219399, 28.54178583390134, 0.0 ], [ 77.168221841346934, 28.54122558738645, 0.0 ], [ 77.169212731354406, 28.540750078238705, 0.0 ], [ 77.169237000597406, 28.540787730169743, 0.0 ], [ 77.16946188075805, 28.540670698992237, 0.0 ], [ 77.169789689451932, 28.540525444170662, 0.0 ], [ 77.170066660922899, 28.540434110987672, 0.0 ], [ 77.170412657388354, 28.540242696939735, 0.0 ], [ 77.170795279841855, 28.53997103357629, 0.0 ], [ 77.171060882389568, 28.539725380147612, 0.0 ], [ 77.171296966847535, 28.539506753901989, 0.0 ], [ 77.171461690426469, 28.539407556901555, 0.0 ], [ 77.171731706638454, 28.539243910768882, 0.0 ], [ 77.17191754859715, 28.539108164472403, 0.0 ], [ 77.172087119439837, 28.538958718655035, 0.0 ], [ 77.172132361172046, 28.538918845827116, 0.0 ], [ 77.172302508271443, 28.538684374814483, 0.0 ], [ 77.172432949265158, 28.538513303482958, 0.0 ], [ 77.172554242419537, 28.538429285004494, 0.0 ], [ 77.17267151309575, 28.53828256490592, 0.0 ], [ 77.172766031553408, 28.538092756421154, 0.0 ], [ 77.172887925341286, 28.537904923878372, 0.0 ], [ 77.173195261426514, 28.537562037685159, 0.0 ], [ 77.173468407272821, 28.537284877348224, 0.0 ], [ 77.173780609986338, 28.53691294304344, 0.0 ], [ 77.17401191174055, 28.536728185280612, 0.0 ], [ 77.174036870367033, 28.53671205485713, 0.0 ], [ 77.174322164682692, 28.536527678700619, 0.0 ], [ 77.17454491783576, 28.536326158479174, 0.0 ], [ 77.174721115894599, 28.536120557233556, 0.0 ], [ 77.174875996240146, 28.535941851445287, 0.0 ], [ 77.174886244566324, 28.535932102970989, 0.0 ], [ 77.174455924596188, 28.535925681769832, 0.0 ], [ 77.174395633513257, 28.535929503169516, 0.0 ], [ 77.174394400327856, 28.535921907467735, 0.0 ], [ 77.174338323780745, 28.535920902277411, 0.0 ], [ 77.174328858848966, 28.535932477548812, 0.0 ], [ 77.174223229202042, 28.535933217679943, 0.0 ], [ 77.174168975475084, 28.535915998767603, 0.0 ], [ 77.174158326634682, 28.535889404843982, 0.0 ], [ 77.174156476290847, 28.53588478371185, 0.0 ], [ 77.174115172854613, 28.53586830980775, 0.0 ], [ 77.173893458478091, 28.535728111377651, 0.0 ], [ 77.173783055241003, 28.535665637976827, 0.0 ], [ 77.173197836944993, 28.535298217416084, 0.0 ], [ 77.17319115105596, 28.535282408052801, 0.0 ], [ 77.173162727826721, 28.535260080087291, 0.0 ], [ 77.172947043063587, 28.535165028376714, 0.0 ], [ 77.172319979347975, 28.534888679468935, 0.0 ], [ 77.172305034541424, 28.534881301268133, 0.0 ], [ 77.172038837220271, 28.534749882728846, 0.0 ], [ 77.171983324974221, 28.534734360092116, 0.0 ], [ 77.171827464733042, 28.534651175331376, 0.0 ], [ 77.171536610618631, 28.534503512237411, 0.0 ], [ 77.17147281407469, 28.534470439579621, 0.0 ], [ 77.171257417236376, 28.534358772945936, 0.0 ], [ 77.171026006181549, 28.534258453026577, 0.0 ], [ 77.170982607899532, 28.534244867897367, 0.0 ], [ 77.170970655952758, 28.534240297860595, 0.0 ], [ 77.170781507604147, 28.53416335695308, 0.0 ], [ 77.170680448522106, 28.534124038318865, 0.0 ], [ 77.170609719181584, 28.53409184973302, 0.0 ], [ 77.170586991579512, 28.534087453704469, 0.0 ], [ 77.170463145321705, 28.534040882605808, 0.0 ], [ 77.170389124077076, 28.534005890394067, 0.0 ], [ 77.170389550252239, 28.533996836815085, 0.0 ], [ 77.170377351315793, 28.533991114569282, 0.0 ], [ 77.170311688731843, 28.533960309377914, 0.0 ], [ 77.170199641865011, 28.53387980385687, 0.0 ], [ 77.170186424449952, 28.533870305485259, 0.0 ], [ 77.170167712095903, 28.53385980223759, 0.0 ], [ 77.17008589105788, 28.533813878144315, 0.0 ], [ 77.169879438695816, 28.533672799259939, 0.0 ], [ 77.169675327949491, 28.533527317286442, 0.0 ], [ 77.169637137817602, 28.533501283899753, 0.0 ], [ 77.169502584387644, 28.533384243994846, 0.0 ], [ 77.169067710692929, 28.532882145729818, 0.0 ], [ 77.168909447900646, 28.532710097286692, 0.0 ], [ 77.168866172762677, 28.532649862881176, 0.0 ], [ 77.16873211622476, 28.532473032432623, 0.0 ], [ 77.168446059501633, 28.532085386012749, 0.0 ], [ 77.168390366016197, 28.531997741968802, 0.0 ], [ 77.168319468844189, 28.531904628570413, 0.0 ], [ 77.168302641651067, 28.531872530441404, 0.0 ], [ 77.168303523830488, 28.531868233879287, 0.0 ], [ 77.168275662524465, 28.531827041099614, 0.0 ], [ 77.16762962879622, 28.530898722778186, 0.0 ], [ 77.167588320898304, 28.530838882422739, 0.0 ], [ 77.167310882457514, 28.530436975686893, 0.0 ], [ 77.167022463551305, 28.530002400211718, 0.0 ], [ 77.167002588397992, 28.529987063592671, 0.0 ], [ 77.166787807034453, 28.529673423033895, 0.0 ], [ 77.166767943887749, 28.529642599233572, 0.0 ], [ 77.166646925918315, 28.529446362312541, 0.0 ], [ 77.166569645813738, 28.529326588379075, 0.0 ], [ 77.16649328393747, 28.529222337328399, 0.0 ], [ 77.166418952130613, 28.529114531195507, 0.0 ], [ 77.166418405977467, 28.529102749074319, 0.0 ], [ 77.166376165382758, 28.52906000941519, 0.0 ], [ 77.166116825798952, 28.528683382335604, 0.0 ], [ 77.165908747331102, 28.528358810434256, 0.0 ], [ 77.165890056674215, 28.528331580945974, 0.0 ], [ 77.165841018525342, 28.528275957895893, 0.0 ], [ 77.165737195946818, 28.528145890805792, 0.0 ], [ 77.165670201351787, 28.528083262811613, 0.0 ], [ 77.165440785136468, 28.527850669139017, 0.0 ], [ 77.16543012857592, 28.527839800987842, 0.0 ], [ 77.165203676123085, 28.527605931913616, 0.0 ], [ 77.165188419640828, 28.52759017520869, 0.0 ], [ 77.165087388466915, 28.527485835235289, 0.0 ], [ 77.164594282138239, 28.526976573086412, 0.0 ], [ 77.164440038411712, 28.52681739723911, 0.0 ], [ 77.164025577974257, 28.52638967824921, 0.0 ], [ 77.163623389267769, 28.526383672235042, 0.0 ], [ 77.162863424052759, 28.526343633849979, 0.0 ], [ 77.162700862843067, 28.526341080948978, 0.0 ], [ 77.161999970273897, 28.526330070258453, 0.0 ], [ 77.161919354954861, 28.526307917816247, 0.0 ], [ 77.161644101283784, 28.526223597459975, 0.0 ], [ 77.161304064275328, 28.526106334078904, 0.0 ], [ 77.160688698615445, 28.525900973760997, 0.0 ], [ 77.160406857913372, 28.525859540084259, 0.0 ], [ 77.160218669381777, 28.525841921765288, 0.0 ], [ 77.159705383928696, 28.525799802298007, 0.0 ], [ 77.159471954756341, 28.525802388356635, 0.0 ], [ 77.159496815198409, 28.525469471564268, 0.0 ], [ 77.159367778493703, 28.525294416762847, 0.0 ], [ 77.158623685099514, 28.524271397791285, 0.0 ], [ 77.157994151557929, 28.523395421277201, 0.0 ], [ 77.157405403839235, 28.522781069611451, 0.0 ], [ 77.157069253358443, 28.522376078877237, 0.0 ], [ 77.15645091971723, 28.521687759559182, 0.0 ], [ 77.156350727509292, 28.521573143468192, 0.0 ], [ 77.156335401039271, 28.521512757705679, 0.0 ], [ 77.156290441572907, 28.52141170071155, 0.0 ], [ 77.156275054186835, 28.521323256367769, 0.0 ], [ 77.156259740731002, 28.521283530393188, 0.0 ], [ 77.15621373312689, 28.521256472997059, 0.0 ], [ 77.156014607927418, 28.521309799166083, 0.0 ], [ 77.154983865983525, 28.521472416670804, 0.0 ], [ 77.154174749125403, 28.521668410986198, 0.0 ], [ 77.154060337423019, 28.521688270622008, 0.0 ], [ 77.153744682029327, 28.521898535769889, 0.0 ], [ 77.153328927964722, 28.522124282277289, 0.0 ], [ 77.152757960257347, 28.522307558286023, 0.0 ], [ 77.151794668347122, 28.522608206607607, 0.0 ], [ 77.150189712825266, 28.522976665304608, 0.0 ], [ 77.14921103815071, 28.5230787769354, 0.0 ], [ 77.148455031175033, 28.523215162321776, 0.0 ], [ 77.147120854191158, 28.52348790381523, 0.0 ], [ 77.146060473053183, 28.523606262868928, 0.0 ], [ 77.145175749469487, 28.523621780181124, 0.0 ], [ 77.144219456870772, 28.523543418081655, 0.0 ], [ 77.143236573126018, 28.523503814010045, 0.0 ], [ 77.142483852487985, 28.523522464971194, 0.0 ], [ 77.142392508752422, 28.523524603185585, 0.0 ], [ 77.142271211170126, 28.523527442417368, 0.0 ], [ 77.141645969627504, 28.523559052185487, 0.0 ], [ 77.141055384578337, 28.52349600925179, 0.0 ], [ 77.140260572927133, 28.52340135814903, 0.0 ], [ 77.139402361788484, 28.523409563053573, 0.0 ], [ 77.138888552148245, 28.523480905842302, 0.0 ], [ 77.137310098456979, 28.523768858855114, 0.0 ], [ 77.135945211978793, 28.523802431996724, 0.0 ], [ 77.134187650909837, 28.524036633772283, 0.0 ], [ 77.133585043181967, 28.521188603442113, 0.0 ], [ 77.133509410401288, 28.521074936868576, 0.0 ], [ 77.133390852708359, 28.520904382706021, 0.0 ], [ 77.133210097343337, 28.520754654712363, 0.0 ], [ 77.133117095667416, 28.520650916068597, 0.0 ], [ 77.132998545070876, 28.520485774950952, 0.0 ], [ 77.132355945212907, 28.519664730372174, 0.0 ], [ 77.131925091438205, 28.519043397054766, 0.0 ], [ 77.131726525639351, 28.518757042058983, 0.0 ], [ 77.131421068715312, 28.518318569331029, 0.0 ], [ 77.131176864345974, 28.517852969032102, 0.0 ], [ 77.130721279956958, 28.515167181280216, 0.0 ], [ 77.130632581395147, 28.514644259054453, 0.0 ], [ 77.130509581591724, 28.513919104253276, 0.0 ], [ 77.129895597736933, 28.510070317878839, 0.0 ], [ 77.12978578416562, 28.509672330964818, 0.0 ], [ 77.129675853035977, 28.508829147058023, 0.0 ], [ 77.129369370247574, 28.506824512983425, 0.0 ], [ 77.129696310080803, 28.506703006055737, 0.0 ], [ 77.129969895327676, 28.506601327789859, 0.0 ], [ 77.130954492312298, 28.506222477622817, 0.0 ], [ 77.132230681001417, 28.505903173872291, 0.0 ], [ 77.132623370836768, 28.505823685437655, 0.0 ], [ 77.132685719329274, 28.50581106449151, 0.0 ], [ 77.13360449216178, 28.505625080482972, 0.0 ], [ 77.134109950945884, 28.505488878213161, 0.0 ], [ 77.134777439317858, 28.504986720259378, 0.0 ], [ 77.135160640981567, 28.504788305641789, 0.0 ], [ 77.135564159024824, 28.50439717670978, 0.0 ], [ 77.13612187003254, 28.504452540418697, 0.0 ], [ 77.136712236832608, 28.504344226391041, 0.0 ], [ 77.136912481339564, 28.504144748451633, 0.0 ], [ 77.13766006086064, 28.503403886644172, 0.0 ], [ 77.138240224014893, 28.502900329173595, 0.0 ], [ 77.13946265742976, 28.501849010133785, 0.0 ], [ 77.140500346291716, 28.500961100756108, 0.0 ], [ 77.140867989558544, 28.500651524188818, 0.0 ], [ 77.14117027385835, 28.500332060172994, 0.0 ], [ 77.141270379870818, 28.500130816350811, 0.0 ], [ 77.141461297350475, 28.499854700103377, 0.0 ], [ 77.141565501407399, 28.499765360497566, 0.0 ], [ 77.141874879513637, 28.4994838568383, 0.0 ], [ 77.142372269705675, 28.499000082663038, 0.0 ], [ 77.14285930225374, 28.498423450889849, 0.0 ], [ 77.142949239689372, 28.498244832564026, 0.0 ], [ 77.142953260954783, 28.498186123919364, 0.0 ], [ 77.142922620573486, 28.498019243278183, 0.0 ], [ 77.142922554363352, 28.497945261323434, 0.0 ], [ 77.142960332505638, 28.497889267801504, 0.0 ], [ 77.143215648550523, 28.497661935864997, 0.0 ], [ 77.14337495208639, 28.497489531937973, 0.0 ], [ 77.144955280171956, 28.498707412064036, 0.0 ], [ 77.145099266520646, 28.498610854706538, 0.0 ], [ 77.145446625030843, 28.498778597383861, 0.0 ], [ 77.145686684089242, 28.498958138780008, 0.0 ], [ 77.145776547261292, 28.499013198700194, 0.0 ], [ 77.145853204385617, 28.49902128070395, 0.0 ], [ 77.14599104742679, 28.499024877219281, 0.0 ], [ 77.146070739911437, 28.499036610211952, 0.0 ], [ 77.146149421265079, 28.499069020261956, 0.0 ], [ 77.14632101676456, 28.499145706442654, 0.0 ], [ 77.14656617240523, 28.499218791557716, 0.0 ], [ 77.14685211991609, 28.499273729499372, 0.0 ], [ 77.147107553589294, 28.499319764971411, 0.0 ], [ 77.147249526257482, 28.499355775821805, 0.0 ], [ 77.147318978203757, 28.499396360629799, 0.0 ], [ 77.147377246789134, 28.499484850285668, 0.0 ], [ 77.147439570627526, 28.499602057206456, 0.0 ], [ 77.14746714445559, 28.499662522847359, 0.0 ], [ 77.147491610374374, 28.499690555567707, 0.0 ], [ 77.147539636748803, 28.499722096323961, 0.0 ], [ 77.147598856957416, 28.499736498487653, 0.0 ], [ 77.147716331444855, 28.499768113336145, 0.0 ], [ 77.147868536302013, 28.499805043396496, 0.0 ], [ 77.148093284191205, 28.499828466109292, 0.0 ], [ 77.148235297762611, 28.49983118192096, 0.0 ], [ 77.14844972469399, 28.49981398623606, 0.0 ], [ 77.148712201340857, 28.499784121143421, 0.0 ], [ 77.149004356691009, 28.499797632675772, 0.0 ], [ 77.149177000113397, 28.499855351358068, 0.0 ], [ 77.149241347147637, 28.499895925683461, 0.0 ], [ 77.14937619914221, 28.499998811698443, 0.0 ], [ 77.149868452555182, 28.499635991972319, 0.0 ], [ 77.150003280269189, 28.499506011283991, 0.0 ], [ 77.150019507027196, 28.499389637600725, 0.0 ], [ 77.150008299412931, 28.499300313642806, 0.0 ], [ 77.14986215202029, 28.499058482677345, 0.0 ], [ 77.149705870776188, 28.498749956712441, 0.0 ], [ 77.149605677771746, 28.498492782282536, 0.0 ], [ 77.149415640889799, 28.498121092370877, 0.0 ], [ 77.149322598324474, 28.497889157593725, 0.0 ], [ 77.149218329879602, 28.497491298654992, 0.0 ], [ 77.1491630334706, 28.496733396298012, 0.0 ], [ 77.149035192683186, 28.496094563603567, 0.0 ], [ 77.148868501223888, 28.495458509369179, 0.0 ], [ 77.148742832681265, 28.495067755894901, 0.0 ], [ 77.148582317221013, 28.494464174545676, 0.0 ], [ 77.148349333102331, 28.494068982458032, 0.0 ], [ 77.148098052749276, 28.4937586176762, 0.0 ], [ 77.14802046095798, 28.493638675060772, 0.0 ], [ 77.147995834997602, 28.493542165203657, 0.0 ], [ 77.147965147789606, 28.493262417448424, 0.0 ], [ 77.147924250287645, 28.492715587586861, 0.0 ], [ 77.14788638927395, 28.492610985685065, 0.0 ], [ 77.147802611319477, 28.492412465745932, 0.0 ], [ 77.147636047374405, 28.492114745471838, 0.0 ], [ 77.147269270937684, 28.491592376049532, 0.0 ], [ 77.147059817371556, 28.491269348374221, 0.0 ], [ 77.146827955791551, 28.490949111471927, 0.0 ], [ 77.14672885755607, 28.49074523853411, 0.0 ], [ 77.146670299818268, 28.490645231465258, 0.0 ], [ 77.146433530237971, 28.4902408650475, 0.0 ], [ 77.146072919218341, 28.489674274350843, 0.0 ], [ 77.145851267608407, 28.489399075417431, 0.0 ], [ 77.145655122121383, 28.489253846773209, 0.0 ], [ 77.145470239697872, 28.488994035764872, 0.0 ], [ 77.145303639110338, 28.488623231726038, 0.0 ], [ 77.14519431240744, 28.488342558677378, 0.0 ], [ 77.145123815825883, 28.48810349644527, 0.0 ], [ 77.145053315094756, 28.487849097009448, 0.0 ], [ 77.145027707772201, 28.487542290125948, 0.0 ], [ 77.144976544359295, 28.487128160000999, 0.0 ], [ 77.144921236621613, 28.486357531452018, 0.0 ], [ 77.144706576357294, 28.485457963426011, 0.0 ], [ 77.144396854612324, 28.483932209738132, 0.0 ], [ 77.143832143945502, 28.484062291668319, 0.0 ], [ 77.14275477357296, 28.484371881975964, 0.0 ], [ 77.140930943037176, 28.485192345868604, 0.0 ], [ 77.140377417248544, 28.485477512681801, 0.0 ], [ 77.139998629545644, 28.485687836393048, 0.0 ], [ 77.139375688662611, 28.485903537368078, 0.0 ], [ 77.138492248240482, 28.486235664720574, 0.0 ], [ 77.137490441598402, 28.486612956096522, 0.0 ], [ 77.137303541917362, 28.486697729792862, 0.0 ], [ 77.13707793120048, 28.486761819128095, 0.0 ], [ 77.136787839939558, 28.48680337385607, 0.0 ], [ 77.13641100210863, 28.486832307149083, 0.0 ], [ 77.13574410287309, 28.486955030642633, 0.0 ], [ 77.13563380434023, 28.486984824456147, 0.0 ], [ 77.135574609462623, 28.486996581248388, 0.0 ], [ 77.135545944369866, 28.486992972279399, 0.0 ], [ 77.135521475382077, 28.486969537686402, 0.0 ], [ 77.135485781694086, 28.486926250014236, 0.0 ], [ 77.135446897439195, 28.486876606865962, 0.0 ], [ 77.135429559783077, 28.486867585893098, 0.0 ], [ 77.135369301885149, 28.486846790431603, 0.0 ], [ 77.135291671300934, 28.486855858694064, 0.0 ], [ 77.134985295106659, 28.48690010148654, 0.0 ], [ 77.134934277736761, 28.486973172414359, 0.0 ], [ 77.13452471576538, 28.487101320141512, 0.0 ], [ 77.134030460752797, 28.487171789780806, 0.0 ], [ 77.13329714202213, 28.487358612087252, 0.0 ], [ 77.132932541714979, 28.487513837495253, 0.0 ], [ 77.13265890951331, 28.487602222135461, 0.0 ], [ 77.132357599547859, 28.487644665393315, 0.0 ], [ 77.131796950332003, 28.487663659018395, 0.0 ], [ 77.131226008417798, 28.487714209451223, 0.0 ], [ 77.130924732571856, 28.487702514495872, 0.0 ], [ 77.130410970627494, 28.487610513578698, 0.0 ], [ 77.129969816707558, 28.487533793278448, 0.0 ], [ 77.128939274547761, 28.487341618832129, 0.0 ], [ 77.127993590268872, 28.487088108445516, 0.0 ], [ 77.127622857602276, 28.487004232209379, 0.0 ], [ 77.127414513217516, 28.486967254885926, 0.0 ], [ 77.127265410134669, 28.486956417023329, 0.0 ], [ 77.12705300667011, 28.486956404443074, 0.0 ], [ 77.126815079001133, 28.486987105860763, 0.0 ], [ 77.126084873530786, 28.487085421185594, 0.0 ], [ 77.125817243624937, 28.487157637678663, 0.0 ], [ 77.125620107889873, 28.487200962384811, 0.0 ], [ 77.125423027724622, 28.487277668785143, 0.0 ], [ 77.125161547130972, 28.487340856104783, 0.0 ], [ 77.124961442941313, 28.487394060008061, 0.0 ], [ 77.12480009205666, 28.487403981839869, 0.0 ], [ 77.12464375661466, 28.487394066323244, 0.0 ], [ 77.124583533436251, 28.487400421754444, 0.0 ], [ 77.124460979746246, 28.487404864924805, 0.0 ], [ 77.124309865675812, 28.487436460191031, 0.0 ], [ 77.124208695619501, 28.487473499857558, 0.0 ], [ 77.124068793889961, 28.487488769975091, 0.0 ], [ 77.123911527423076, 28.487468040907107, 0.0 ], [ 77.123157820269739, 28.48760162405652, 0.0 ], [ 77.118565273595024, 28.488052482856983, 0.0 ], [ 77.119189746706837, 28.48997727876996, 0.0 ], [ 77.119693199622063, 28.49244322520266, 0.0 ], [ 77.12073213166714, 28.495940198226155, 0.0 ], [ 77.120728165507501, 28.495940766146962, 0.0 ], [ 77.117941953978615, 28.496339858311153, 0.0 ], [ 77.116970622652403, 28.496356366132364, 0.0 ], [ 77.114650786028548, 28.497338773697567, 0.0 ], [ 77.112180453886353, 28.498408388025332, 0.0 ], [ 77.10918916596809, 28.499760843570684, 0.0 ], [ 77.108669539344277, 28.499994096052593, 0.0 ], [ 77.108651030314405, 28.500004469160221, 0.0 ], [ 77.108299161028356, 28.500201682647177, 0.0 ], [ 77.104504890331086, 28.502328168832285, 0.0 ], [ 77.102949342157004, 28.50298729149392, 0.0 ], [ 77.10265511863507, 28.503098689970724, 0.0 ], [ 77.102185333450592, 28.503278751615465, 0.0 ], [ 77.101680376943563, 28.503435522179288, 0.0 ], [ 77.101350509976086, 28.503541678120339, 0.0 ], [ 77.101019819377669, 28.503679419496695, 0.0 ], [ 77.100171242224661, 28.504077503429954, 0.0 ], [ 77.099808840255875, 28.50425523015377, 0.0 ], [ 77.099482901124006, 28.504406609515602, 0.0 ], [ 77.098633842374653, 28.504822734380834, 0.0 ], [ 77.098292102407456, 28.504991849785604, 0.0 ], [ 77.097970559286381, 28.505170403684758, 0.0 ], [ 77.097473095322329, 28.505431153515147, 0.0 ], [ 77.097115085152012, 28.505636052467466, 0.0 ], [ 77.096809217021004, 28.505801381197728, 0.0 ], [ 77.096548381732731, 28.506003743575931, 0.0 ], [ 77.096188245568399, 28.506289863544232, 0.0 ], [ 77.095921472652805, 28.506523707558436, 0.0 ], [ 77.096161288554299, 28.506930411634801, 0.0 ], [ 77.096322437977179, 28.507218126861595, 0.0 ], [ 77.096678965297187, 28.507852945058129, 0.0 ], [ 77.096943150678825, 28.508305290373361, 0.0 ], [ 77.097099783133231, 28.508570338591198, 0.0 ], [ 77.09773583501098, 28.509657809650815, 0.0 ], [ 77.097897109302764, 28.509941009948204, 0.0 ], [ 77.098342071304899, 28.510713064113745, 0.0 ], [ 77.098527713904133, 28.511041906113821, 0.0 ], [ 77.099685009264235, 28.510987953209181, 0.0 ], [ 77.100943395274143, 28.514153945325486, 0.0 ], [ 77.100943469570552, 28.514158871049297, 0.0 ], [ 77.101459947462843, 28.514980380938216, 0.0 ], [ 77.101897104991409, 28.515645851882137, 0.0 ], [ 77.102386765092888, 28.516382693812854, 0.0 ], [ 77.10359616462965, 28.518123506853193, 0.0 ], [ 77.103491614683705, 28.51826047520813, 0.0 ], [ 77.103346660109793, 28.518420627643785, 0.0 ], [ 77.103085507977227, 28.51864574216436, 0.0 ], [ 77.102733153854771, 28.518908362115731, 0.0 ], [ 77.102562306457756, 28.519050868297178, 0.0 ], [ 77.102416901566258, 28.519188468065344, 0.0 ], [ 77.101861975814145, 28.519797106659567, 0.0 ], [ 77.101546433895834, 28.520113293013242, 0.0 ], [ 77.101377372457307, 28.520346003051895, 0.0 ], [ 77.100998214727028, 28.520803033628766, 0.0 ], [ 77.100872695745679, 28.5209132546962, 0.0 ], [ 77.099884142196444, 28.521293987566271, 0.0 ], [ 77.09985878792439, 28.521303402732823, 0.0 ], [ 77.099856148829602, 28.52130578341826, 0.0 ], [ 77.099507489958484, 28.521620138130565, 0.0 ], [ 77.099144634891658, 28.521869376311024, 0.0 ], [ 77.098656076880019, 28.522219812052445, 0.0 ], [ 77.098274309759091, 28.52254603880235, 0.0 ], [ 77.097852491070256, 28.522913487380354, 0.0 ], [ 77.096434704185938, 28.524063294767512, 0.0 ], [ 77.096012604795547, 28.524417207623696, 0.0 ], [ 77.09562517907645, 28.524716444668734, 0.0 ], [ 77.095238019460353, 28.525029210579966, 0.0 ], [ 77.094880338598472, 28.525282870310328, 0.0 ], [ 77.093480597780868, 28.526315067446781, 0.0 ], [ 77.09296216051635, 28.526706549561457, 0.0 ], [ 77.092308147733988, 28.527217422292189, 0.0 ], [ 77.092000631663993, 28.527425185315206, 0.0 ], [ 77.091828954385363, 28.527527087454171, 0.0 ], [ 77.091560867107845, 28.527662054737842, 0.0 ], [ 77.091257386665205, 28.527815613589951, 0.0 ], [ 77.091091081711085, 28.52793096629815, 0.0 ], [ 77.090950400277151, 28.528050435053661, 0.0 ], [ 77.09079000308904, 28.528206301360321, 0.0 ], [ 77.090700035905968, 28.528306943549282, 0.0 ], [ 77.090585423613248, 28.528453081360034, 0.0 ], [ 77.090505580299649, 28.528549055353075, 0.0 ], [ 77.090364541387203, 28.528650482424503, 0.0 ], [ 77.089800384390855, 28.529056192991344, 0.0 ], [ 77.088764786408575, 28.529906784476129, 0.0 ], [ 77.0884424678312, 28.530141837270492, 0.0 ], [ 77.087827756924682, 28.530575386763122, 0.0 ], [ 77.087253721332218, 28.530999285643045, 0.0 ], [ 77.086972074707973, 28.531224686153841, 0.0 ], [ 77.086795278860805, 28.5313266605481, 0.0 ], [ 77.086542497270997, 28.531461383652225, 0.0 ], [ 77.086345093829536, 28.531554650194227, 0.0 ], [ 77.0858881107672, 28.53169702120119, 0.0 ], [ 77.085578865112453, 28.531762266265101, 0.0 ], [ 77.08562241469177, 28.532020002761652, 0.0 ], [ 77.085704129672962, 28.532309722378706, 0.0 ], [ 77.085748907232031, 28.532612009350697, 0.0 ], [ 77.085875496613312, 28.533032496241628, 0.0 ], [ 77.086239936950292, 28.533775129164521, 0.0 ], [ 77.086707593002174, 28.534726307834529, 0.0 ], [ 77.086724921318975, 28.53494194976626, 0.0 ], [ 77.086707431747584, 28.53508089408027, 0.0 ], [ 77.086699246862452, 28.53512694441272, 0.0 ], [ 77.086716636440443, 28.535273111478752, 0.0 ], [ 77.086776845567911, 28.535373327628008, 0.0 ], [ 77.087003515584428, 28.535796515547386, 0.0 ], [ 77.087099477968735, 28.535989654474044, 0.0 ], [ 77.087168941658788, 28.536020345207842, 0.0 ], [ 77.087325248169392, 28.536051054454152, 0.0 ], [ 77.087455998151128, 28.536205402406523, 0.0 ], [ 77.087595926152119, 28.536358798420832, 0.0 ], [ 77.087769516215914, 28.536628696133249, 0.0 ], [ 77.088197444222033, 28.537149385038713, 0.0 ], [ 77.08865601839446, 28.537995854612262, 0.0 ], [ 77.088772442883837, 28.538234224331426, 0.0 ], [ 77.0889160206235, 28.538528187698809, 0.0 ], [ 77.088393138744223, 28.53858590962794, 0.0 ], [ 77.087813750606472, 28.538674222562779, 0.0 ], [ 77.08737128860173, 28.538768818066821, 0.0 ], [ 77.086949351920779, 28.538831879420766, 0.0 ], [ 77.086885906610988, 28.538852613227224, 0.0 ], [ 77.086641762847876, 28.538901209878297, 0.0 ], [ 77.086284067636527, 28.538957956809433, 0.0 ], [ 77.085979531916536, 28.539052682962041, 0.0 ], [ 77.085106859017444, 28.539241852445734, 0.0 ], [ 77.084561176100777, 28.539387017344168, 0.0 ], [ 77.084301585676869, 28.539455514831435, 0.0 ], [ 77.083295091962256, 28.53976014212445, 0.0 ], [ 77.082531708149219, 28.539963857899146, 0.0 ], [ 77.080833164532436, 28.540342325302106, 0.0 ], [ 77.079188264639868, 28.540642596331775, 0.0 ], [ 77.077986305435545, 28.541293639290597, 0.0 ], [ 77.075674138570534, 28.542511773943154, 0.0 ], [ 77.073075741593826, 28.543431680862057, 0.0 ], [ 77.071307286578119, 28.543788757710026, 0.0 ], [ 77.071287470112239, 28.543897587154227, 0.0 ], [ 77.071026037460442, 28.545333375429369, 0.0 ], [ 77.071100240829452, 28.547532704416827, 0.0 ], [ 77.070539544948289, 28.548198081320027, 0.0 ], [ 77.068280596512778, 28.549137449939632, 0.0 ], [ 77.06458886012264, 28.551053782212911, 0.0 ], [ 77.063305462824673, 28.551512995192802, 0.0 ], [ 77.062093438484965, 28.55222309111765, 0.0 ], [ 77.061716648741964, 28.552330863150175, 0.0 ], [ 77.061176938051844, 28.552609470015543, 0.0 ], [ 77.06080001585525, 28.55291510541905, 0.0 ], [ 77.060331477511383, 28.553301710196074, 0.0 ], [ 77.059954507915151, 28.553589389276667, 0.0 ], [ 77.059424885568518, 28.553966903618441, 0.0 ], [ 77.058844387699551, 28.554245488961545, 0.0 ], [ 77.058253653060021, 28.554560047547906, 0.0 ], [ 77.056585569971261, 28.55549933102921, 0.0 ], [ 77.056055977941611, 28.555642967764133, 0.0 ], [ 77.055383779730633, 28.556020372128845, 0.0 ], [ 77.054843851209469, 28.556415891027534, 0.0 ], [ 77.053817344465713, 28.557139616708739, 0.0 ], [ 77.052727410731791, 28.557786702423051, 0.0 ], [ 77.051800583659315, 28.558271973021711, 0.0 ], [ 77.050914417723021, 28.558757164728558, 0.0 ], [ 77.050629380784926, 28.558901582592821, 0.0 ], [ 77.050702617640042, 28.559002567258194, 0.0 ], [ 77.051011025296717, 28.559596878137778, 0.0 ], [ 77.052293914006512, 28.561245022241895, 0.0 ], [ 77.052697225390759, 28.561790558572746, 0.0 ], [ 77.053748777650043, 28.563489917077558, 0.0 ], [ 77.055416390527384, 28.56625604975941, 0.0 ], [ 77.055756564499305, 28.566826983574156, 0.0 ], [ 77.055757360846087, 28.566828507487777, 0.0 ], [ 77.056131531910495, 28.567544604483459, 0.0 ], [ 77.05683068711383, 28.568882632119973, 0.0 ], [ 77.057400579708982, 28.569908240247706, 0.0 ], [ 77.057715440564195, 28.570232965917111, 0.0 ], [ 77.05876563911211, 28.571460510660632, 0.0 ], [ 77.06128326064028, 28.570643711302829, 0.0 ], [ 77.061753784195687, 28.570533521369352, 0.0 ], [ 77.06350338628566, 28.570002009385366, 0.0 ], [ 77.064092828337166, 28.569963263951394, 0.0 ], [ 77.065110730039549, 28.569873777246698, 0.0 ], [ 77.065121839848501, 28.569872800811936, 0.0 ], [ 77.065584945690347, 28.569775613005511, 0.0 ], [ 77.066261385224294, 28.571118412583839, 0.0 ], [ 77.066591747681414, 28.571748291895908, 0.0 ], [ 77.067047179876582, 28.572209437574802, 0.0 ], [ 77.067488069043662, 28.572501721993348, 0.0 ], [ 77.067252838520062, 28.572618540077762, 0.0 ], [ 77.067223335646602, 28.572761275000694, 0.0 ], [ 77.067821539724193, 28.573759876871581, 0.0 ], [ 77.068233254958017, 28.573636756299695, 0.0 ], [ 77.068909324592241, 28.573929147172375, 0.0 ], [ 77.069042223187623, 28.574129314437073, 0.0 ], [ 77.06921839929295, 28.574629268423074, 0.0 ], [ 77.069460746357009, 28.574927912675353, 0.0 ], [ 77.070701910676803, 28.574693417064314, 0.0 ], [ 77.071889424001498, 28.574428241598554, 0.0 ], [ 77.072445398533574, 28.574360015838501, 0.0 ], [ 77.073047137113605, 28.574066609125747, 0.0 ], [ 77.073276720484643, 28.574073655625718, 0.0 ], [ 77.073735941412806, 28.573975957784437, 0.0 ], [ 77.075073804442766, 28.573675793720216, 0.0 ], [ 77.075707191545234, 28.573459304096886, 0.0 ], [ 77.076744416793375, 28.572844511113473, 0.0 ], [ 77.077563777470701, 28.572517616666946, 0.0 ], [ 77.080041707132537, 28.571539668941657, 0.0 ], [ 77.080714621277153, 28.571323182322221, 0.0 ], [ 77.081144731386871, 28.571176605676271, 0.0 ], [ 77.081706336380179, 28.571806652282937, 0.0 ], [ 77.082098584694734, 28.572260819463004, 0.0 ], [ 77.082381054786183, 28.572590344940096, 0.0 ], [ 77.083045298312243, 28.573360659379965, 0.0 ], [ 77.083337637948887, 28.57367198463708, 0.0 ], [ 77.08405396612244, 28.574491122121067, 0.0 ], [ 77.084995167127033, 28.57556847344495, 0.0 ], [ 77.08571672101553, 28.576392032835408, 0.0 ], [ 77.086412025801025, 28.577179897151069, 0.0 ], [ 77.08753056096073, 28.578434966126871, 0.0 ], [ 77.088016790164261, 28.578986924432936, 0.0 ], [ 77.088471922138041, 28.579516799494431, 0.0 ], [ 77.08972172479352, 28.580945779768761, 0.0 ], [ 77.090187182536667, 28.58148000241049, 0.0 ], [ 77.090454285849816, 28.581805233395425, 0.0 ], [ 77.090841589719517, 28.582263961423703, 0.0 ], [ 77.091506403549161, 28.583056776932033, 0.0 ], [ 77.092321196109722, 28.583937508955547, 0.0 ], [ 77.094094583411163, 28.586051017771737, 0.0 ], [ 77.095389732811725, 28.587234698069295, 0.0 ], [ 77.096101105298914, 28.587998458664828, 0.0 ], [ 77.096084475633944, 28.58815717948379, 0.0 ], [ 77.09604216249619, 28.588708427438448, 0.0 ], [ 77.096029980733448, 28.589091346002714, 0.0 ], [ 77.096022034139096, 28.589410949421453, 0.0 ], [ 77.096021870477074, 28.589417556464063, 0.0 ], [ 77.096019827209972, 28.589499747751542, 0.0 ], [ 77.096020681707628, 28.589542824294135, 0.0 ], [ 77.096023452089781, 28.589682421772618, 0.0 ], [ 77.096027010178986, 28.58986176979349, 0.0 ], [ 77.096028844355899, 28.58995417915985, 0.0 ], [ 77.096031920855509, 28.590109242484115, 0.0 ], [ 77.096041060906046, 28.590343276597999, 0.0 ], [ 77.096044716760147, 28.590436862143111, 0.0 ], [ 77.096047384281817, 28.590505162119264, 0.0 ], [ 77.096051354247791, 28.590705196034893, 0.0 ], [ 77.096048952148394, 28.590737462007077, 0.0 ], [ 77.096046394044222, 28.590750995106003, 0.0 ], [ 77.096022577202774, 28.590877010592195, 0.0 ], [ 77.096018659882873, 28.590897738129218, 0.0 ], [ 77.096015247981683, 28.590916896900335, 0.0 ], [ 77.095985572207681, 28.59108357309438, 0.0 ], [ 77.095976222529586, 28.59113608942873, 0.0 ], [ 77.095973898892282, 28.59117238243957, 0.0 ], [ 77.095989322907386, 28.591182887703301, 0.0 ], [ 77.096026263806024, 28.591191492737028, 0.0 ], [ 77.09603081502587, 28.591191422333782, 0.0 ], [ 77.096098217141176, 28.591190380785299, 0.0 ], [ 77.096113470003701, 28.591190145454089, 0.0 ], [ 77.096148195676363, 28.591202142219622, 0.0 ], [ 77.096174173713024, 28.591206164339766, 0.0 ], [ 77.096211167268066, 28.591211892345651, 0.0 ], [ 77.096211278075572, 28.591211909957671, 0.0 ], [ 77.096216589085202, 28.591329341665418, 0.0 ], [ 77.096220572986198, 28.591417388150308, 0.0 ], [ 77.096222123414094, 28.591451676427813, 0.0 ], [ 77.096208175493118, 28.591487274463546, 0.0 ], [ 77.096312003351443, 28.591445560313225, 0.0 ], [ 77.096574726855536, 28.591327007435023, 0.0 ], [ 77.096636882214909, 28.591302631088595, 0.0 ], [ 77.096812571452801, 28.591233726918887, 0.0 ], [ 77.097002837066356, 28.591158605188621, 0.0 ], [ 77.097158985533582, 28.591093759837936, 0.0 ], [ 77.097195822375511, 28.591078463033874, 0.0 ], [ 77.097246661282981, 28.59107403173628, 0.0 ], [ 77.097299980091307, 28.59106938497564, 0.0 ], [ 77.097302632134429, 28.591069810265381, 0.0 ], [ 77.097540442410235, 28.59110797669539, 0.0 ], [ 77.097663813014179, 28.591130865694964, 0.0 ], [ 77.097738569158366, 28.591144735875442, 0.0 ], [ 77.097914192777267, 28.591184329638729, 0.0 ], [ 77.097928750712043, 28.591186568620181, 0.0 ], [ 77.097987735488033, 28.591195637305407, 0.0 ], [ 77.098142439682263, 28.59117582008497, 0.0 ], [ 77.098176858056291, 28.591168212008551, 0.0 ], [ 77.09872707585231, 28.591069226016547, 0.0 ], [ 77.099336345126488, 28.590927487140132, 0.0 ], [ 77.100429621299881, 28.5902688124511, 0.0 ], [ 77.100976430577418, 28.589939366058843, 0.0 ], [ 77.100716925832586, 28.588813253250972, 0.0 ], [ 77.1045259314741, 28.587205466193179, 0.0 ], [ 77.106150877366559, 28.589342786447155, 0.0 ], [ 77.105566518602757, 28.59002631001858, 0.0 ], [ 77.105503339646631, 28.590100210996233, 0.0 ], [ 77.104279898865713, 28.591516457541825, 0.0 ], [ 77.105530779986296, 28.595168865250752, 0.0 ], [ 77.104041885236398, 28.596199305464864, 0.0 ], [ 77.103361771577482, 28.597237406202588, 0.0 ], [ 77.103240970007519, 28.597421791071774, 0.0 ], [ 77.101597283395577, 28.598037897791546, 0.0 ], [ 77.100401624235204, 28.598492199739223, 0.0 ], [ 77.099696068636462, 28.598764592404137, 0.0 ], [ 77.100330643739028, 28.59988774814461, 0.0 ], [ 77.098825814940454, 28.601019861615587, 0.0 ], [ 77.101067298459284, 28.603830868457251, 0.0 ], [ 77.101394165244642, 28.604699533651033, 0.0 ], [ 77.101931963541375, 28.60501661833468, 0.0 ], [ 77.102157765405508, 28.605631147443439, 0.0 ], [ 77.102191570406319, 28.605680787725408, 0.0 ], [ 77.102191514188419, 28.605790860574999, 0.0 ], [ 77.102101493242174, 28.605885547557762, 0.0 ], [ 77.101946270195825, 28.606336917003869, 0.0 ], [ 77.102770488596519, 28.606259741265724, 0.0 ], [ 77.103250986199072, 28.609776689494666, 0.0 ], [ 77.10394190356196, 28.612761009483872, 0.0 ], [ 77.106903165822402, 28.614124058892838, 0.0 ], [ 77.110429400684495, 28.615531399952712, 0.0 ], [ 77.11367555520718, 28.617657882193306, 0.0 ], [ 77.11530633822187, 28.618184822145668, 0.0 ], [ 77.11637150267731, 28.620064179611582, 0.0 ], [ 77.115751087402046, 28.620550503147498, 0.0 ], [ 77.116731912482294, 28.622322546872564, 0.0 ], [ 77.116924661468829, 28.622955043800424, 0.0 ], [ 77.116754228012255, 28.623434338340882, 0.0 ], [ 77.117566262670593, 28.625765082127227, 0.0 ], [ 77.117933775347979, 28.62675189542853, 0.0 ], [ 77.117960551967954, 28.626823791909167, 0.0 ], [ 77.117993814986363, 28.626913106946795, 0.0 ], [ 77.118112362783933, 28.627100479952745, 0.0 ], [ 77.118242748122768, 28.627305346839055, 0.0 ], [ 77.118290719093821, 28.627358710607194, 0.0 ], [ 77.118369622879868, 28.627429436892669, 0.0 ], [ 77.118430329088397, 28.627483853324676, 0.0 ], [ 77.118551073558862, 28.627567909830667, 0.0 ], [ 77.11868312168545, 28.627619198353855, 0.0 ], [ 77.118787421924566, 28.627659708830294, 0.0 ], [ 77.119113590205899, 28.627912443746141, 0.0 ], [ 77.119329769935675, 28.62807776875335, 0.0 ], [ 77.119513767254801, 28.628020656119414, 0.0 ], [ 77.119749953356688, 28.627878443458911, 0.0 ], [ 77.119964483913066, 28.627749267247321, 0.0 ], [ 77.120050890061009, 28.627697239894133, 0.0 ], [ 77.120217921841871, 28.627930179443673, 0.0 ], [ 77.120580783742042, 28.627854471134672, 0.0 ], [ 77.120663956401046, 28.627833760781417, 0.0 ], [ 77.120990019772023, 28.627752569027145, 0.0 ], [ 77.121291950806224, 28.627696912047352, 0.0 ], [ 77.121357620088332, 28.627698439112812, 0.0 ], [ 77.121537393354799, 28.627702617707016, 0.0 ], [ 77.121956016887623, 28.627708793553708, 0.0 ], [ 77.122144564579514, 28.627935027639477, 0.0 ], [ 77.122351722712153, 28.628189617637485, 0.0 ], [ 77.12251701360249, 28.628401587113839, 0.0 ], [ 77.122533186846923, 28.62842232932018, 0.0 ], [ 77.122626524737925, 28.628587394347285, 0.0 ], [ 77.122649156592274, 28.628627416598459, 0.0 ], [ 77.122605357751709, 28.628656068168198, 0.0 ], [ 77.122374966558027, 28.628806785887662, 0.0 ], [ 77.122228327128326, 28.628908408398029, 0.0 ], [ 77.122125894338126, 28.62897939419015, 0.0 ], [ 77.12198760465931, 28.629099337114223, 0.0 ], [ 77.122033317092658, 28.629219581209149, 0.0 ], [ 77.122132175844911, 28.629458027296742, 0.0 ], [ 77.122173616061616, 28.629557981171196, 0.0 ], [ 77.122295369376587, 28.629871206315809, 0.0 ], [ 77.122332473566715, 28.629978997823475, 0.0 ], [ 77.122414158151386, 28.630216308282549, 0.0 ], [ 77.122520078059736, 28.630459751238586, 0.0 ], [ 77.122394436192437, 28.630563326258137, 0.0 ], [ 77.12230359127696, 28.630638216874896, 0.0 ], [ 77.122265838207227, 28.630734303064237, 0.0 ], [ 77.122167710811425, 28.631057338798161, 0.0 ], [ 77.122141854079061, 28.631140821075022, 0.0 ], [ 77.122062690519371, 28.631396397398429, 0.0 ], [ 77.121968492104671, 28.631695555910053, 0.0 ], [ 77.121960955895432, 28.631719489677611, 0.0 ], [ 77.122051552198386, 28.631918609291489, 0.0 ], [ 77.122171707881975, 28.632152279858481, 0.0 ], [ 77.122197643357111, 28.632204077033457, 0.0 ], [ 77.12240100815518, 28.632610244776625, 0.0 ], [ 77.122454533726199, 28.632711012135911, 0.0 ], [ 77.122607260597945, 28.632998540735738, 0.0 ], [ 77.122732941394233, 28.633255353031625, 0.0 ], [ 77.122780916047446, 28.633353384585284, 0.0 ], [ 77.12280668550487, 28.63340604179254, 0.0 ], [ 77.122949254829365, 28.633677558669536, 0.0 ], [ 77.123044424032841, 28.633865444806784, 0.0 ], [ 77.123110820243127, 28.633996524552121, 0.0 ], [ 77.12323309527558, 28.634335204342687, 0.0 ], [ 77.123273362288515, 28.634431775716074, 0.0 ], [ 77.123445397130453, 28.634844363598514, 0.0 ], [ 77.123478426346438, 28.634936269061715, 0.0 ], [ 77.123540951498839, 28.635110250151588, 0.0 ], [ 77.123642823101463, 28.63533147349564, 0.0 ], [ 77.123703556915586, 28.635494635007266, 0.0 ], [ 77.123722927059617, 28.635546672058901, 0.0 ], [ 77.123817330259541, 28.635755279127217, 0.0 ], [ 77.123934216486575, 28.636011596935923, 0.0 ], [ 77.123975869956695, 28.636102940082136, 0.0 ], [ 77.124126365667962, 28.636409345696048, 0.0 ], [ 77.124201725752599, 28.636571506033121, 0.0 ], [ 77.124292314738653, 28.636766438557327, 0.0 ], [ 77.124432183942588, 28.637082560440188, 0.0 ], [ 77.12445430421289, 28.637119213316204, 0.0 ], [ 77.124529235124115, 28.637243377262852, 0.0 ], [ 77.124694994479484, 28.637590924442559, 0.0 ], [ 77.124812554962944, 28.637860408619279, 0.0 ], [ 77.124907036926473, 28.637858281714493, 0.0 ], [ 77.125197473546464, 28.638206577496224, 0.0 ], [ 77.125325684231129, 28.638363774134234, 0.0 ], [ 77.125273268863864, 28.638940367814701, 0.0 ], [ 77.125301315978376, 28.638943425707073, 0.0 ], [ 77.125517391204355, 28.638966980583387, 0.0 ], [ 77.129558505024775, 28.639407449306933, 0.0 ], [ 77.131428564088964, 28.640258232824195, 0.0 ], [ 77.133039763666801, 28.640641527334786, 0.0 ], [ 77.13390166380573, 28.640973741839396, 0.0 ], [ 77.136290170978327, 28.641030382898609, 0.0 ], [ 77.138597870955039, 28.640616718350497, 0.0 ], [ 77.139093233129671, 28.64042964057208, 0.0 ], [ 77.140543256858479, 28.639859670293557, 0.0 ], [ 77.145624966357005, 28.638196691278754, 0.0 ], [ 77.147083166994676, 28.640205481483171, 0.0 ], [ 77.14968038728351, 28.637253176417591, 0.0 ], [ 77.153226233657719, 28.63949194291785, 0.0 ], [ 77.158101505501961, 28.635851803789549, 0.0 ], [ 77.161690079078298, 28.632998179117802, 0.0 ], [ 77.163342693377416, 28.631018151257983, 0.0 ], [ 77.164732483048056, 28.62892738615831, 0.0 ], [ 77.165494031034768, 28.627957546945517, 0.0 ], [ 77.167772100828671, 28.628955378389087, 0.0 ], [ 77.172655840901385, 28.629988002908522, 0.0 ], [ 77.174234612119619, 28.630033691616077, 0.0 ], [ 77.17546011411153, 28.630069146452293, 0.0 ], [ 77.175468573199311, 28.630069385991803, 0.0 ], [ 77.176656726953453, 28.630103155438654, 0.0 ], [ 77.176668740072245, 28.62967806231747, 0.0 ], [ 77.176744103349677, 28.629365561215572, 0.0 ], [ 77.176857286081017, 28.62890357346857, 0.0 ], [ 77.177126505975409, 28.628321780955911, 0.0 ], [ 77.177547942659473, 28.627435272545043, 0.0 ], [ 77.177810751898321, 28.627038551022572, 0.0 ], [ 77.178186756705742, 28.62667610111157, 0.0 ], [ 77.178522425749591, 28.626341367181489, 0.0 ], [ 77.178768962466535, 28.625899791620053, 0.0 ], [ 77.178963091162416, 28.625644027767247, 0.0 ], [ 77.179206017411175, 28.625522822411344, 0.0 ], [ 77.179343093637726, 28.625475503094776, 0.0 ], [ 77.179540576238168, 28.625382096699649, 0.0 ], [ 77.179847059565574, 28.625120013301924, 0.0 ], [ 77.180033851524868, 28.625004221018116, 0.0 ], [ 77.181682931623172, 28.623664576664904, 0.0 ], [ 77.181688262568855, 28.623660245418936, 0.0 ], [ 77.183730511756622, 28.624998824572106, 0.0 ], [ 77.183864902276156, 28.625068840999727, 0.0 ], [ 77.185127432666619, 28.626036490686225, 0.0 ], [ 77.185538992685849, 28.626404301787865, 0.0 ], [ 77.185881864074915, 28.626664945467841, 0.0 ], [ 77.186308015510392, 28.62699642720035, 0.0 ], [ 77.186887547846922, 28.627573561219489, 0.0 ], [ 77.187170396193977, 28.627898330249472, 0.0 ], [ 77.187662480547516, 28.628449803635807, 0.0 ], [ 77.188118413648084, 28.628983812236147, 0.0 ], [ 77.188642394489008, 28.629593415251367, 0.0 ], [ 77.188801733068757, 28.629879572907164, 0.0 ], [ 77.18899947604659, 28.630291430172147, 0.0 ], [ 77.189906800631846, 28.632370071431012, 0.0 ], [ 77.190007242600217, 28.632585752371504, 0.0 ], [ 77.190549066600653, 28.633749208204183, 0.0 ], [ 77.190468777159182, 28.633822689375585, 0.0 ], [ 77.190429662791317, 28.633909038800745, 0.0 ], [ 77.190421781518779, 28.634021952734809, 0.0 ], [ 77.190464269276021, 28.6340979601577, 0.0 ], [ 77.190547837795549, 28.634182325416834, 0.0 ], [ 77.190625358690085, 28.634221674725048, 0.0 ], [ 77.190738193238289, 28.634237895246365, 0.0 ], [ 77.190824906826748, 28.634227470564991, 0.0 ], [ 77.190926018884468, 28.634171697966817, 0.0 ], [ 77.191313572731048, 28.634612060287946, 0.0 ], [ 77.191957798478256, 28.635346021942855, 0.0 ], [ 77.192506456213053, 28.635910094252299, 0.0 ], [ 77.193674278817639, 28.637231078930238, 0.0 ], [ 77.194208651800551, 28.637844999232353, 0.0 ], [ 77.194899208405047, 28.638591729067464, 0.0 ], [ 77.195152286402788, 28.638957564911269, 0.0 ], [ 77.195548933471869, 28.639587245782518, 0.0 ], [ 77.195935267705167, 28.640212581014502, 0.0 ], [ 77.196437268005937, 28.640989427611427, 0.0 ], [ 77.196750820132422, 28.641557292148978, 0.0 ], [ 77.197134125262636, 28.642281924400656, 0.0 ], [ 77.19759750428419, 28.643167666323798, 0.0 ], [ 77.198018488945365, 28.643981911791052, 0.0 ], [ 77.198208579085303, 28.644759301456332, 0.0 ], [ 77.198449702826977, 28.64553135012352, 0.0 ], [ 77.198362980911185, 28.645541780573829, 0.0 ], [ 77.198271806032579, 28.645583863177833, 0.0 ], [ 77.198191513449956, 28.645657349604402, 0.0 ], [ 77.198147383747596, 28.645748294229332, 0.0 ], [ 77.198143964824951, 28.64582955521373, 0.0 ], [ 77.198155412201004, 28.645888017273727, 0.0 ], [ 77.198271083395156, 28.646039527687893, 0.0 ], [ 77.198353726984919, 28.646078788831179, 0.0 ], [ 77.198471688260796, 28.646094919026645, 0.0 ], [ 77.198568635182738, 28.646084322975707, 0.0 ], [ 77.198669753473183, 28.646028543772026, 0.0 ], [ 77.198724765433241, 28.645969001951791, 0.0 ], [ 77.198764159385817, 28.645896180304103, 0.0 ], [ 77.198792762538289, 28.645796464161098, 0.0 ], [ 77.198754718520263, 28.645688808155896, 0.0 ], [ 77.198707671924893, 28.645639947102342, 0.0 ], [ 77.198677759943166, 28.64560503366685, 0.0 ], [ 77.198924239123485, 28.645234914488853, 0.0 ], [ 77.199577892977985, 28.644944592454838, 0.0 ], [ 77.200369102762565, 28.64462947315106, 0.0 ], [ 77.201443297138553, 28.644151851042643, 0.0 ], [ 77.202705032979893, 28.643594476548582, 0.0 ], [ 77.203687845997479, 28.643149903090684, 0.0 ] ] ] } },
{ "type": "Feature", "properties": { "DISTRICT": "FARIDABAD", "DIST_LGD": "088", "STATE_UT": "HARYANA" }, "geometry": { "type": "Polygon", "coordinates": [ [ [ 77.352465255220508, 28.499598350223209, 0.0 ], [ 77.352800619669281, 28.499457113016145, 0.0 ], [ 77.352811003285439, 28.499457285379986, 0.0 ], [ 77.352818746161688, 28.499454505380513, 0.0 ], [ 77.353323846942757, 28.499273116280762, 0.0 ], [ 77.354097229922701, 28.499047390785481, 0.0 ], [ 77.354246652426255, 28.499049868950753, 0.0 ], [ 77.354325646989963, 28.499051179500363, 0.0 ], [ 77.354751528475447, 28.49904906735572, 0.0 ], [ 77.355351965215576, 28.499141600622359, 0.0 ], [ 77.355620744429885, 28.499201107826774, 0.0 ], [ 77.35653057882439, 28.499885978791646, 0.0 ], [ 77.356571330025275, 28.499923354906255, 0.0 ], [ 77.356601503808776, 28.499969730834444, 0.0 ], [ 77.357130305338188, 28.50050147875956, 0.0 ], [ 77.357527054195543, 28.500893410227832, 0.0 ], [ 77.3576575503279, 28.501106600648235, 0.0 ], [ 77.358048851846931, 28.501755344670858, 0.0 ], [ 77.358058651506539, 28.501783033314016, 0.0 ], [ 77.358079027663393, 28.501801720205837, 0.0 ], [ 77.358088826314557, 28.501829407910733, 0.0 ], [ 77.358098819659844, 28.501847924630741, 0.0 ], [ 77.358119974664163, 28.501829923913931, 0.0 ], [ 77.358141129642888, 28.501811924111017, 0.0 ], [ 77.35817266739582, 28.501794096301772, 0.0 ], [ 77.358192431801783, 28.501768944382047, 0.0 ], [ 77.358194018081775, 28.501766925523704, 0.0 ], [ 77.358368935477927, 28.50163106571928, 0.0 ], [ 77.358922692844402, 28.501200954142426, 0.0 ], [ 77.360295600502894, 28.500131833161333, 0.0 ], [ 77.361453445062622, 28.499407797779874, 0.0 ], [ 77.361821696399232, 28.499184509437008, 0.0 ], [ 77.361853234016934, 28.499166679927793, 0.0 ], [ 77.362691227533389, 28.4988318789608, 0.0 ], [ 77.364068527582376, 28.498533513240286, 0.0 ], [ 77.364245808409237, 28.498499742772669, 0.0 ], [ 77.364370204355723, 28.498510972987855, 0.0 ], [ 77.365001988473395, 28.498594811926626, 0.0 ], [ 77.365116002059153, 28.498605870005218, 0.0 ], [ 77.365155979701086, 28.498679932750232, 0.0 ], [ 77.36548637631121, 28.499263427149298, 0.0 ], [ 77.365900710931967, 28.499316147220448, 0.0 ], [ 77.367567762898716, 28.500050155573806, 0.0 ], [ 77.367639085486829, 28.500115558848574, 0.0 ], [ 77.36776837638088, 28.50024326294831, 0.0 ], [ 77.367771344070491, 28.500246193842294, 0.0 ], [ 77.367782481854292, 28.500241502010109, 0.0 ], [ 77.367855182356976, 28.500210877991861, 0.0 ], [ 77.3679388256149, 28.500184732179868, 0.0 ], [ 77.368200138850057, 28.500106466753312, 0.0 ], [ 77.368273399294637, 28.500080150334192, 0.0 ], [ 77.368931580608944, 28.4998983290144, 0.0 ], [ 77.368973305081497, 28.499889841337534, 0.0 ], [ 77.369943740451944, 28.499676466562271, 0.0 ], [ 77.369953002990954, 28.499670564644092, 0.0 ], [ 77.370148916141986, 28.499545740809378, 0.0 ], [ 77.370743865941748, 28.499166670608016, 0.0 ], [ 77.371735519352853, 28.49843982237303, 0.0 ], [ 77.371737902631693, 28.49843005157344, 0.0 ], [ 77.371849221788978, 28.49797376032031, 0.0 ], [ 77.37124673343601, 28.496744257628581, 0.0 ], [ 77.37124184067045, 28.496734272365284, 0.0 ], [ 77.370728768483445, 28.494964169003715, 0.0 ], [ 77.37005928214738, 28.492732715688057, 0.0 ], [ 77.370102716977371, 28.491659922551673, 0.0 ], [ 77.370311566560417, 28.490131089203885, 0.0 ], [ 77.370319529178673, 28.490117026364491, 0.0 ], [ 77.37109907805349, 28.488740245586353, 0.0 ], [ 77.371099034544855, 28.488739060338414, 0.0 ], [ 77.371033225021833, 28.486940791271628, 0.0 ], [ 77.370062552860517, 28.485695287539688, 0.0 ], [ 77.372046829485996, 28.482709288207907, 0.0 ], [ 77.372935570015997, 28.481439369321787, 0.0 ], [ 77.373010754298107, 28.481321326064307, 0.0 ], [ 77.37324958968027, 28.480829785575903, 0.0 ], [ 77.373307686691007, 28.480537127847622, 0.0 ], [ 77.373483140444677, 28.479604120404833, 0.0 ], [ 77.373541430908602, 28.479302289821408, 0.0 ], [ 77.374378096876811, 28.47754519864122, 0.0 ], [ 77.37474329273482, 28.476477676501641, 0.0 ], [ 77.374758192114768, 28.476469651065798, 0.0 ], [ 77.378345993257327, 28.474536679676923, 0.0 ], [ 77.378345286024214, 28.474533034555016, 0.0 ], [ 77.378308525790089, 28.474343377422972, 0.0 ], [ 77.378163875221503, 28.473322514089393, 0.0 ], [ 77.378081267022296, 28.472807325358598, 0.0 ], [ 77.378098370411251, 28.472806096338292, 0.0 ], [ 77.378185266205605, 28.472799859189976, 0.0 ], [ 77.378185138379123, 28.472792222145237, 0.0 ], [ 77.378180678268748, 28.472524516522217, 0.0 ], [ 77.37840205050442, 28.472295796912064, 0.0 ], [ 77.378626504459803, 28.472063893226291, 0.0 ], [ 77.379270326414215, 28.471569817411815, 0.0 ], [ 77.379480635425793, 28.471444816029319, 0.0 ], [ 77.379491257061403, 28.471433521202982, 0.0 ], [ 77.379565608476042, 28.471354456476156, 0.0 ], [ 77.379750373945356, 28.470962943493426, 0.0 ], [ 77.379963384186951, 28.470709526421487, 0.0 ], [ 77.380445389748729, 28.470290601643651, 0.0 ], [ 77.380471092379793, 28.470268263103634, 0.0 ], [ 77.381037605402724, 28.469993125638787, 0.0 ], [ 77.381758276774704, 28.469793920413284, 0.0 ], [ 77.382616200724073, 28.469486857752134, 0.0 ], [ 77.383661542541091, 28.469155340442818, 0.0 ], [ 77.384647294193996, 28.468694378065528, 0.0 ], [ 77.384856824282267, 28.468606058680155, 0.0 ], [ 77.385035596178042, 28.468498883384203, 0.0 ], [ 77.385066350959207, 28.468517738956315, 0.0 ], [ 77.386103800813927, 28.468066791733094, 0.0 ], [ 77.386302755235974, 28.46798747073499, 0.0 ], [ 77.387340760610698, 28.468004481197596, 0.0 ], [ 77.387350755610669, 28.468022996128635, 0.0 ], [ 77.387371515618838, 28.468023336339336, 0.0 ], [ 77.387795740388398, 28.468589998992488, 0.0 ], [ 77.388189597485891, 28.469119458433255, 0.0 ], [ 77.389121493167465, 28.470235789224571, 0.0 ], [ 77.389640309612389, 28.470748940679183, 0.0 ], [ 77.389804086527349, 28.470861727506009, 0.0 ], [ 77.390204111795214, 28.471097664273369, 0.0 ], [ 77.390307338632184, 28.471126879651273, 0.0 ], [ 77.390702559944856, 28.471096644555274, 0.0 ], [ 77.391269441125644, 28.471298606271688, 0.0 ], [ 77.391648325588591, 28.471552544291679, 0.0 ], [ 77.39167543158861, 28.471745673479067, 0.0 ], [ 77.391706381401633, 28.471755355328728, 0.0 ], [ 77.39172082727498, 28.471772659943806, 0.0 ], [ 77.391939365782989, 28.472034432897185, 0.0 ], [ 77.392054319278245, 28.471999610377569, 0.0 ], [ 77.397677067192305, 28.469274566070606, 0.0 ], [ 77.399536196745615, 28.468258877894382, 0.0 ], [ 77.400876336795974, 28.467730189549751, 0.0 ], [ 77.401589644466796, 28.467383966676135, 0.0 ], [ 77.403036818525464, 28.466701018708999, 0.0 ], [ 77.403727251360039, 28.4664553436468, 0.0 ], [ 77.404018654590388, 28.466423385791888, 0.0 ], [ 77.405776626942028, 28.465772999704974, 0.0 ], [ 77.405787007821615, 28.465773168628594, 0.0 ], [ 77.405799948505361, 28.465775017046198, 0.0 ], [ 77.407163904637116, 28.465969899587598, 0.0 ], [ 77.407580766265383, 28.466894237146747, 0.0 ], [ 77.407699787524294, 28.467162264572959, 0.0 ], [ 77.408094228119225, 28.467168676898321, 0.0 ], [ 77.408094409618784, 28.467159959402583, 0.0 ], [ 77.40809804651083, 28.466985227872339, 0.0 ], [ 77.408133888843025, 28.466260937553997, 0.0 ], [ 77.408134270816078, 28.466242590795325, 0.0 ], [ 77.407126836802419, 28.464758114592879, 0.0 ], [ 77.406746412912497, 28.464577590590519, 0.0 ], [ 77.406304093959221, 28.464377707432146, 0.0 ], [ 77.404907488149874, 28.463134624560105, 0.0 ], [ 77.403151642030863, 28.461692984957057, 0.0 ], [ 77.402271344836919, 28.460091250861812, 0.0 ], [ 77.40149601126312, 28.458436163601345, 0.0 ], [ 77.401426418849965, 28.45828821822052, 0.0 ], [ 77.401206497588177, 28.457880901857173, 0.0 ], [ 77.400206107130117, 28.456066145868643, 0.0 ], [ 77.400219813396689, 28.456062355027349, 0.0 ], [ 77.400268764341931, 28.456048816298747, 0.0 ], [ 77.40026635170473, 28.456044129450024, 0.0 ], [ 77.400059229830603, 28.455641665311255, 0.0 ], [ 77.400070502702931, 28.455639201975305, 0.0 ], [ 77.402677188328468, 28.455069556375868, 0.0 ], [ 77.40455496604045, 28.454641344665596, 0.0 ], [ 77.40764298984071, 28.453929991445801, 0.0 ], [ 77.408771165073276, 28.453599651007426, 0.0 ], [ 77.412236778492939, 28.452701652554222, 0.0 ], [ 77.413488142403168, 28.45243750859175, 0.0 ], [ 77.413704763262999, 28.452505252752065, 0.0 ], [ 77.413902341566839, 28.45249010498145, 0.0 ], [ 77.41425141210452, 28.452679283744867, 0.0 ], [ 77.415412034426978, 28.453285351365125, 0.0 ], [ 77.416738713444943, 28.452893941053606, 0.0 ], [ 77.417658327746878, 28.452606037349717, 0.0 ], [ 77.418874739896594, 28.452524799075707, 0.0 ], [ 77.418888397156906, 28.452514459853546, 0.0 ], [ 77.418969669877569, 28.452452930225583, 0.0 ], [ 77.418970316024954, 28.452448955660948, 0.0 ], [ 77.419005368615728, 28.452233288448557, 0.0 ], [ 77.41901284958594, 28.452233410495623, 0.0 ], [ 77.419119535675179, 28.452235137884244, 0.0 ], [ 77.419617907014768, 28.452234028643126, 0.0 ], [ 77.420446690593792, 28.452320845030265, 0.0 ], [ 77.420954681017662, 28.452356589335043, 0.0 ], [ 77.422511191146171, 28.452598209046332, 0.0 ], [ 77.422538081307835, 28.452602414160388, 0.0 ], [ 77.423364781284036, 28.452790115599846, 0.0 ], [ 77.423871067409337, 28.452908404612636, 0.0 ], [ 77.426628384421761, 28.453622762617478, 0.0 ], [ 77.426762741874242, 28.453652458744997, 0.0 ], [ 77.42953501481864, 28.454146787701955, 0.0 ], [ 77.429762026272243, 28.454214678146879, 0.0 ], [ 77.429865627086798, 28.454225523354342, 0.0 ], [ 77.430374574499112, 28.454215376091881, 0.0 ], [ 77.430424955638628, 28.454289593897538, 0.0 ], [ 77.430686481956627, 28.454697540420515, 0.0 ], [ 77.432015538478922, 28.455196090113677, 0.0 ], [ 77.433433328319197, 28.454916119540798, 0.0 ], [ 77.433436613091217, 28.454905704794594, 0.0 ], [ 77.433511085314208, 28.45466962581094, 0.0 ], [ 77.433521842426586, 28.454651447605453, 0.0 ], [ 77.434844800579157, 28.450406001437685, 0.0 ], [ 77.435720248323761, 28.447217721436193, 0.0 ], [ 77.43585442006281, 28.446751910228222, 0.0 ], [ 77.436232397563643, 28.445537600442236, 0.0 ], [ 77.437310809587473, 28.44206809908658, 0.0 ], [ 77.437583659300799, 28.440916317844682, 0.0 ], [ 77.437606678981084, 28.440806577283109, 0.0 ], [ 77.438262931726229, 28.438679126538311, 0.0 ], [ 77.438215192502042, 28.437971810498219, 0.0 ], [ 77.438174624730337, 28.437925279715571, 0.0 ], [ 77.436055891881864, 28.437973800636176, 0.0 ], [ 77.436074408413901, 28.437962156954541, 0.0 ], [ 77.436475981246247, 28.437709651519366, 0.0 ], [ 77.436539681296637, 28.437669598180705, 0.0 ], [ 77.435967970120544, 28.437706283302592, 0.0 ], [ 77.435982227854524, 28.437699705048544, 0.0 ], [ 77.436890259888614, 28.437280668509924, 0.0 ], [ 77.436885420691056, 28.437273235255173, 0.0 ], [ 77.436860070379637, 28.437234302397659, 0.0 ], [ 77.436100053153723, 28.437341368883651, 0.0 ], [ 77.436108718976158, 28.437335025487972, 0.0 ], [ 77.436774599906826, 28.436847537388008, 0.0 ], [ 77.437794806231523, 28.436203265201858, 0.0 ], [ 77.437800787214655, 28.436196476636955, 0.0 ], [ 77.437841749501558, 28.436149985438224, 0.0 ], [ 77.437922354931899, 28.436058499497616, 0.0 ], [ 77.439156885829121, 28.435087327667269, 0.0 ], [ 77.439170432450041, 28.435075780826502, 0.0 ], [ 77.439209715647536, 28.435042295774522, 0.0 ], [ 77.438740655833229, 28.434631015766453, 0.0 ], [ 77.437866694311438, 28.434222402235562, 0.0 ], [ 77.437634621485088, 28.433897510953347, 0.0 ], [ 77.437624431946503, 28.433888172062886, 0.0 ], [ 77.43761405577601, 28.433888004320121, 0.0 ], [ 77.437563678605486, 28.433813786481533, 0.0 ], [ 77.437230853709437, 28.433340458586617, 0.0 ], [ 77.437222552029596, 28.433239388251913, 0.0 ], [ 77.437134819885003, 28.432962696675453, 0.0 ], [ 77.437033689329397, 28.432832607307411, 0.0 ], [ 77.436983125196875, 28.432767561230488, 0.0 ], [ 77.436678793181102, 28.432423154580309, 0.0 ], [ 77.435925234375389, 28.4317136539469, 0.0 ], [ 77.435915046200179, 28.431704314015533, 0.0 ], [ 77.435904858007603, 28.431694975000749, 0.0 ], [ 77.435487517850007, 28.431293691076167, 0.0 ], [ 77.435506076211283, 28.431292169183976, 0.0 ], [ 77.435581099834479, 28.431286019982466, 0.0 ], [ 77.435574866984837, 28.431277420857601, 0.0 ], [ 77.435520537879825, 28.431202460343872, 0.0 ], [ 77.435515447920594, 28.430945449712375, 0.0 ], [ 77.435532478061518, 28.430946910210245, 0.0 ], [ 77.436437682646797, 28.431024514661846, 0.0 ], [ 77.437653117795762, 28.430979824239884, 0.0 ], [ 77.439428157893957, 28.430980818871486, 0.0 ], [ 77.440550574729599, 28.430916257960806, 0.0 ], [ 77.441599409247289, 28.430896390803824, 0.0 ], [ 77.442119767850016, 28.430831332453355, 0.0 ], [ 77.442115074630337, 28.430827452748829, 0.0 ], [ 77.441599205407115, 28.430400880362718, 0.0 ], [ 77.441200532870241, 28.430100845961455, 0.0 ], [ 77.441138647278905, 28.430081501176772, 0.0 ], [ 77.440689599501525, 28.429707248164814, 0.0 ], [ 77.44074892102681, 28.42962334170889, 0.0 ], [ 77.440753745907259, 28.429616516972981, 0.0 ], [ 77.440753347836662, 28.429615733369889, 0.0 ], [ 77.440673934617621, 28.429459242585562, 0.0 ], [ 77.440876184528918, 28.429214735416949, 0.0 ], [ 77.441093213390914, 28.428937980166925, 0.0 ], [ 77.441259927328005, 28.428725386809528, 0.0 ], [ 77.441697827975887, 28.428631477668283, 0.0 ], [ 77.442231755607921, 28.428410642867394, 0.0 ], [ 77.443053597004834, 28.42832289071081, 0.0 ], [ 77.44397108738066, 28.42812655484687, 0.0 ], [ 77.444148810042591, 28.428065171877023, 0.0 ], [ 77.445632286069795, 28.427602617028903, 0.0 ], [ 77.445983810446606, 28.427456370653811, 0.0 ], [ 77.446375618218624, 28.427293362902276, 0.0 ], [ 77.446378353495106, 28.427293407649341, 0.0 ], [ 77.446437878373686, 28.427294359615253, 0.0 ], [ 77.447062739429768, 28.427194256156092, 0.0 ], [ 77.448548679869461, 28.427117110076008, 0.0 ], [ 77.448725459245765, 28.427101587195843, 0.0 ], [ 77.450368551063747, 28.4269535305014, 0.0 ], [ 77.452051081220887, 28.426907023250518, 0.0 ], [ 77.452248800847826, 28.426882655200572, 0.0 ], [ 77.452244831712392, 28.426875846420959, 0.0 ], [ 77.451757418369681, 28.426039775338623, 0.0 ], [ 77.451757793774405, 28.426021428269781, 0.0 ], [ 77.451737414944688, 28.426002750252565, 0.0 ], [ 77.451631285604648, 28.425101792373255, 0.0 ], [ 77.451632787210855, 28.425028407660999, 0.0 ], [ 77.451605223001636, 28.424853621121375, 0.0 ], [ 77.451615599513445, 28.424853786137611, 0.0 ], [ 77.451607475428816, 28.424743544008848, 0.0 ], [ 77.451619761539945, 28.424743520253354, 0.0 ], [ 77.453143765502176, 28.424740569214318, 0.0 ], [ 77.453673344574909, 28.424730676961861, 0.0 ], [ 77.454556101165835, 28.424708070565369, 0.0 ], [ 77.454878522071667, 28.424676514926865, 0.0 ], [ 77.455387160345694, 28.424675458634134, 0.0 ], [ 77.456405184149688, 28.424636650578968, 0.0 ], [ 77.457246245294201, 28.424622541707045, 0.0 ], [ 77.458513867310685, 28.424560171558145, 0.0 ], [ 77.459698102015324, 28.424514816133708, 0.0 ], [ 77.461412660042527, 28.424422841483434, 0.0 ], [ 77.46212976129722, 28.424379202978727, 0.0 ], [ 77.46250387695423, 28.424357630361001, 0.0 ], [ 77.462486357716429, 28.424348468030768, 0.0 ], [ 77.462123870041268, 28.424158883014652, 0.0 ], [ 77.462001594844921, 28.424046822583492, 0.0 ], [ 77.461962331329062, 28.423936083222145, 0.0 ], [ 77.461962420385277, 28.423422220415652, 0.0 ], [ 77.461827056102791, 28.422933729081237, 0.0 ], [ 77.46171076394026, 28.422528126071533, 0.0 ], [ 77.461664489082168, 28.42225210367214, 0.0 ], [ 77.461666171681557, 28.422169546324813, 0.0 ], [ 77.461304113359176, 28.419053051376128, 0.0 ], [ 77.461143890538949, 28.417747477709984, 0.0 ], [ 77.461145386489591, 28.417674090255982, 0.0 ], [ 77.461203808456247, 28.417353852770063, 0.0 ], [ 77.461658384207425, 28.416948163275475, 0.0 ], [ 77.462194558422084, 28.416103310595922, 0.0 ], [ 77.462204336952624, 28.416104465618844, 0.0 ], [ 77.462463769069785, 28.416135124639993, 0.0 ], [ 77.462785420374558, 28.416140246450396, 0.0 ], [ 77.462788725413489, 28.416133963825196, 0.0 ], [ 77.463249699766152, 28.415257539744033, 0.0 ], [ 77.463261516429029, 28.41526140844039, 0.0 ], [ 77.463455907303342, 28.415325054941903, 0.0 ], [ 77.46346401074662, 28.415310607522493, 0.0 ], [ 77.46355283811468, 28.415152248928052, 0.0 ], [ 77.465141372273763, 28.415636332849441, 0.0 ], [ 77.465547335042416, 28.415578554100239, 0.0 ], [ 77.466330929204446, 28.415324901745876, 0.0 ], [ 77.466664678763408, 28.416266183458394, 0.0 ], [ 77.467972903988937, 28.416754959336366, 0.0 ], [ 77.470357256735099, 28.417407626937894, 0.0 ], [ 77.470964904836876, 28.417274648588968, 0.0 ], [ 77.471451944829496, 28.417168062668988, 0.0 ], [ 77.472246658581582, 28.416877851759324, 0.0 ], [ 77.472442497815152, 28.416945190571166, 0.0 ], [ 77.472734325937182, 28.416885585951654, 0.0 ], [ 77.474149610487856, 28.418238571280558, 0.0 ], [ 77.475156758720843, 28.419245557432522, 0.0 ], [ 77.475157293187081, 28.419219192745061, 0.0 ], [ 77.475158059399405, 28.419181345030449, 0.0 ], [ 77.475303961668871, 28.419197408061187, 0.0 ], [ 77.476098324541624, 28.41928486609061, 0.0 ], [ 77.476131555804614, 28.419288524235757, 0.0 ], [ 77.476204188238768, 28.419289674588295, 0.0 ], [ 77.476401706216052, 28.419274449509192, 0.0 ], [ 77.476626505306996, 28.419021158120515, 0.0 ], [ 77.476730983807059, 28.418903437284147, 0.0 ], [ 77.476770296314925, 28.4188603675499, 0.0 ], [ 77.47680528854238, 28.418822029438918, 0.0 ], [ 77.477321305931554, 28.418967839616382, 0.0 ], [ 77.477630917148673, 28.419055325092152, 0.0 ], [ 77.477698678484458, 28.418930647778478, 0.0 ], [ 77.478946179846986, 28.416635263085499, 0.0 ], [ 77.479296954652369, 28.415714010601576, 0.0 ], [ 77.479537656864963, 28.415103010442252, 0.0 ], [ 77.479537842514262, 28.415093836264713, 0.0 ], [ 77.479546400672788, 28.41508647009239, 0.0 ], [ 77.480149405957405, 28.414567401884167, 0.0 ], [ 77.480699768289284, 28.414093643175303, 0.0 ], [ 77.481260261221863, 28.413065583171466, 0.0 ], [ 77.481338648539804, 28.41226848579069, 0.0 ], [ 77.481354216802032, 28.412011796364052, 0.0 ], [ 77.481771099394052, 28.411412748814147, 0.0 ], [ 77.481824274677749, 28.411349354553558, 0.0 ], [ 77.482134246806936, 28.410904614029231, 0.0 ], [ 77.482143401331371, 28.410897194702915, 0.0 ], [ 77.482345277235282, 28.410733597003038, 0.0 ], [ 77.482605226428319, 28.410521776752102, 0.0 ], [ 77.483052290788493, 28.410157480671991, 0.0 ], [ 77.483800983124652, 28.40905896874937, 0.0 ], [ 77.483768744790098, 28.408085770085254, 0.0 ], [ 77.483519925754351, 28.408072664256458, 0.0 ], [ 77.483215902333654, 28.406168358498558, 0.0 ], [ 77.481969044375973, 28.40624042816793, 0.0 ], [ 77.481881987409821, 28.404899301420855, 0.0 ], [ 77.481424749092994, 28.404928781608209, 0.0 ], [ 77.481414188724173, 28.404937791931125, 0.0 ], [ 77.481414374201577, 28.40492861852783, 0.0 ], [ 77.481300991507382, 28.40489012087783, 0.0 ], [ 77.48101774875218, 28.403500008481412, 0.0 ], [ 77.480786755487188, 28.402092366888915, 0.0 ], [ 77.480619474660259, 28.401640077435584, 0.0 ], [ 77.480676171385738, 28.401402386153919, 0.0 ], [ 77.480720451528583, 28.401265439617845, 0.0 ], [ 77.480736094855359, 28.401258578024734, 0.0 ], [ 77.481003162949932, 28.401141438383096, 0.0 ], [ 77.481013537506854, 28.401141602408526, 0.0 ], [ 77.481020688768822, 28.401135142425233, 0.0 ], [ 77.481372949607945, 28.400816931632686, 0.0 ], [ 77.481373691505027, 28.400780237790674, 0.0 ], [ 77.481356836416111, 28.400587266148634, 0.0 ], [ 77.481358133722708, 28.400523050967927, 0.0 ], [ 77.48137999557477, 28.400468338184016, 0.0 ], [ 77.481123980872212, 28.399785234356678, 0.0 ], [ 77.48109359847588, 28.399748048384691, 0.0 ], [ 77.480657697303073, 28.399236452629491, 0.0 ], [ 77.480403715010198, 28.398966320147416, 0.0 ], [ 77.480211238742811, 28.398733865598242, 0.0 ], [ 77.479942475031308, 28.398487557119132, 0.0 ], [ 77.47992594988618, 28.398472412486917, 0.0 ], [ 77.47992535000715, 28.398502065795892, 0.0 ], [ 77.479925207557883, 28.398509107367229, 0.0 ], [ 77.479407045511905, 28.398473383024033, 0.0 ], [ 77.479245456840175, 28.398541658398376, 0.0 ], [ 77.479209043707613, 28.398557043748028, 0.0 ], [ 77.479197702535956, 28.398561836094753, 0.0 ], [ 77.478541516488391, 28.398679926128793, 0.0 ], [ 77.478520395391229, 28.398697944710459, 0.0 ], [ 77.478084484882771, 28.398700223505372, 0.0 ], [ 77.477214866001304, 28.399108576858616, 0.0 ], [ 77.476891586862138, 28.399186047195208, 0.0 ], [ 77.476837135889042, 28.399219152309172, 0.0 ], [ 77.476835050225048, 28.399220420495169, 0.0 ], [ 77.476818037105673, 28.399230764506978, 0.0 ], [ 77.476745415304237, 28.399229615300325, 0.0 ], [ 77.476389340850886, 28.399389152983119, 0.0 ], [ 77.475940637123301, 28.399510517654274, 0.0 ], [ 77.475669600054871, 28.399570459375507, 0.0 ], [ 77.47543693441672, 28.399273127433979, 0.0 ], [ 77.475085505525215, 28.399203324407139, 0.0 ], [ 77.475065685394142, 28.399157128188502, 0.0 ], [ 77.474700721269983, 28.399243109892442, 0.0 ], [ 77.473970538000302, 28.397891770965082, 0.0 ], [ 77.473439114527878, 28.396974874119536, 0.0 ], [ 77.473945685251678, 28.396559792269748, 0.0 ], [ 77.474241131480085, 28.396317703017552, 0.0 ], [ 77.474829920636708, 28.395761361355635, 0.0 ], [ 77.474928839012648, 28.395667892144036, 0.0 ], [ 77.475424799201605, 28.395206910383806, 0.0 ], [ 77.478471936741201, 28.392374558741192, 0.0 ], [ 77.478682940792169, 28.392203542701409, 0.0 ], [ 77.478686086940542, 28.392200014570307, 0.0 ], [ 77.479489909530471, 28.39129865267418, 0.0 ], [ 77.479854871177722, 28.390955079700827, 0.0 ], [ 77.480103462808145, 28.390721055367706, 0.0 ], [ 77.480181684395063, 28.390626925498534, 0.0 ], [ 77.480592710151086, 28.390132312942534, 0.0 ], [ 77.480666438692225, 28.390078419667635, 0.0 ], [ 77.482808251128731, 28.387818117452113, 0.0 ], [ 77.482812163999881, 28.387816124645546, 0.0 ], [ 77.48286067443361, 28.387791415158599, 0.0 ], [ 77.485216373558416, 28.386754945589011, 0.0 ], [ 77.486985760471242, 28.385975316965521, 0.0 ], [ 77.48740439486707, 28.385798385835539, 0.0 ], [ 77.48860564776578, 28.385404374922715, 0.0 ], [ 77.491173582290784, 28.385160351384005, 0.0 ], [ 77.491191059837945, 28.385156777971023, 0.0 ], [ 77.491215259976002, 28.385151831160631, 0.0 ], [ 77.491217633687242, 28.385147524342266, 0.0 ], [ 77.491506049363977, 28.384624163940622, 0.0 ], [ 77.491517530797964, 28.384569284192338, 0.0 ], [ 77.491602546974178, 28.38446967932946, 0.0 ], [ 77.491614305028492, 28.38445939947362, 0.0 ], [ 77.492035604528766, 28.384091076596206, 0.0 ], [ 77.492035670596621, 28.384090990458574, 0.0 ], [ 77.492195447800242, 28.383882530040022, 0.0 ], [ 77.492280279357374, 28.383792098437013, 0.0 ], [ 77.492750726514586, 28.383102075065242, 0.0 ], [ 77.493245420353944, 28.38223807426462, 0.0 ], [ 77.493267827509143, 28.382155836231703, 0.0 ], [ 77.493503968161804, 28.381764953808762, 0.0 ], [ 77.494204037881289, 28.380491227668095, 0.0 ], [ 77.494236632440916, 28.380418326211025, 0.0 ], [ 77.494242658245312, 28.380409536158009, 0.0 ], [ 77.494291999712956, 28.380337568929754, 0.0 ], [ 77.494728354990528, 28.379701098539833, 0.0 ], [ 77.495509229905821, 28.378733853174602, 0.0 ], [ 77.495898861002075, 28.378251223066506, 0.0 ], [ 77.496127064480206, 28.377949582650242, 0.0 ], [ 77.49649576617945, 28.377462226879587, 0.0 ], [ 77.496591330444176, 28.377353607512116, 0.0 ], [ 77.496666150403712, 28.377244662063639, 0.0 ], [ 77.49673022903653, 28.37715390116449, 0.0 ], [ 77.496836903671209, 28.377008749397348, 0.0 ], [ 77.498321052152761, 28.374921404192932, 0.0 ], [ 77.498445652953535, 28.374799880820408, 0.0 ], [ 77.498765532369561, 28.374487897568876, 0.0 ], [ 77.499184310972879, 28.374076372609579, 0.0 ], [ 77.499464100248062, 28.373801426941267, 0.0 ], [ 77.499612258019155, 28.373656922984935, 0.0 ], [ 77.499620817369532, 28.37365167334973, 0.0 ], [ 77.499827045000089, 28.373525198103561, 0.0 ], [ 77.499874878685702, 28.373495862025543, 0.0 ], [ 77.500118902632877, 28.373347986631362, 0.0 ], [ 77.500967213529762, 28.372833916701101, 0.0 ], [ 77.500971641354155, 28.372830213606186, 0.0 ], [ 77.502011904888832, 28.371960148801616, 0.0 ], [ 77.502325384787909, 28.371331863004048, 0.0 ], [ 77.502358338916068, 28.371240611999823, 0.0 ], [ 77.502479786047587, 28.370875442452004, 0.0 ], [ 77.502756734825098, 28.369998807771804, 0.0 ], [ 77.502789505470375, 28.369916730423608, 0.0 ], [ 77.502792933411726, 28.369916784167781, 0.0 ], [ 77.502903597336029, 28.369918518229532, 0.0 ], [ 77.504624622025489, 28.369982191143336, 0.0 ], [ 77.504821507266058, 28.369994451445859, 0.0 ], [ 77.504809302148601, 28.369979513143736, 0.0 ], [ 77.504791126099008, 28.36995726834396, 0.0 ], [ 77.504628112657386, 28.369807885865995, 0.0 ], [ 77.503803594144301, 28.369014937318425, 0.0 ], [ 77.503437002911568, 28.368669649771718, 0.0 ], [ 77.503355497277056, 28.368594957712638, 0.0 ], [ 77.502280416469773, 28.367880664138568, 0.0 ], [ 77.502219105028885, 28.367833818540397, 0.0 ], [ 77.501982574259159, 28.367729164900808, 0.0 ], [ 77.501036456227013, 28.36731054484747, 0.0 ], [ 77.500986437218259, 28.367217990816727, 0.0 ], [ 77.50083564254345, 28.366977027071432, 0.0 ], [ 77.500564987101711, 28.366504759313763, 0.0 ], [ 77.50042419670558, 28.366282305583244, 0.0 ], [ 77.500153545368903, 28.36581003665145, 0.0 ], [ 77.500053138699627, 28.36564327731082, 0.0 ], [ 77.500064789696594, 28.365636089335169, 0.0 ], [ 77.500357781492383, 28.365455341983594, 0.0 ], [ 77.501923017408629, 28.364488787276787, 0.0 ], [ 77.502532390441147, 28.364143085143294, 0.0 ], [ 77.502615629469787, 28.364095862147298, 0.0 ], [ 77.502630829035994, 28.364087552221328, 0.0 ], [ 77.502909341609012, 28.363935281774463, 0.0 ], [ 77.505039371504736, 28.362738946248999, 0.0 ], [ 77.50519696270274, 28.362640468161917, 0.0 ], [ 77.505196576083634, 28.362640087688643, 0.0 ], [ 77.504922260137405, 28.362370034096145, 0.0 ], [ 77.504525305169054, 28.36198756207629, 0.0 ], [ 77.50446580955952, 28.36192391674691, 0.0 ], [ 77.504464362179732, 28.361922368866928, 0.0 ], [ 77.503884400975195, 28.361353488221408, 0.0 ], [ 77.503813087361948, 28.361288132154957, 0.0 ], [ 77.503701758943322, 28.361148733566722, 0.0 ], [ 77.50268833812612, 28.35994902126286, 0.0 ], [ 77.502485877153305, 28.359698068361457, 0.0 ], [ 77.50220210092624, 28.359363247356505, 0.0 ], [ 77.501408524542398, 28.358066023631817, 0.0 ], [ 77.501177162668967, 28.357704491299085, 0.0 ], [ 77.500453628527964, 28.356536835061814, 0.0 ], [ 77.500374156722359, 28.356361225087689, 0.0 ], [ 77.500194655135957, 28.356000504276153, 0.0 ], [ 77.499496298251344, 28.354612986552972, 0.0 ], [ 77.499316801723381, 28.354252263810011, 0.0 ], [ 77.498768317087908, 28.353151581146602, 0.0 ], [ 77.497752061626159, 28.35209861045027, 0.0 ], [ 77.49637691151797, 28.350838094075936, 0.0 ], [ 77.496336167152762, 28.350800745258784, 0.0 ], [ 77.496296924875097, 28.349139069468173, 0.0 ], [ 77.493160431854847, 28.346226464954352, 0.0 ], [ 77.490166122404915, 28.343472037651974, 0.0 ], [ 77.490145752353612, 28.343453362245398, 0.0 ], [ 77.489099694465622, 28.343372634668196, 0.0 ], [ 77.486904808139386, 28.343163651935697, 0.0 ], [ 77.486044105380799, 28.342636144583825, 0.0 ], [ 77.485972441732343, 28.34258912723709, 0.0 ], [ 77.485808006148147, 28.342513113534817, 0.0 ], [ 77.484062369440721, 28.341632065430559, 0.0 ], [ 77.481741434851912, 28.340475760976588, 0.0 ], [ 77.481720316894226, 28.34047046946181, 0.0 ], [ 77.480451358055419, 28.340152507636446, 0.0 ], [ 77.478896318236693, 28.339595618712366, 0.0 ], [ 77.478887690757418, 28.339592513277996, 0.0 ], [ 77.478175466635562, 28.339336420275902, 0.0 ], [ 77.476924315737961, 28.338628308549183, 0.0 ], [ 77.476007196633475, 28.338329280670106, 0.0 ], [ 77.47485162291747, 28.337512537169804, 0.0 ], [ 77.473634923005349, 28.337153681869193, 0.0 ], [ 77.473061310156453, 28.336795843085156, 0.0 ], [ 77.472472494530109, 28.336676371942474, 0.0 ], [ 77.472044799575087, 28.336284136190145, 0.0 ], [ 77.472034988624472, 28.336256448555368, 0.0 ], [ 77.471750418146129, 28.335967434234448, 0.0 ], [ 77.471520858247246, 28.335523276886899, 0.0 ], [ 77.471311107472488, 28.335125320937568, 0.0 ], [ 77.471293346248714, 28.334978201020508, 0.0 ], [ 77.471213557020363, 28.334820919566447, 0.0 ], [ 77.471343009401281, 28.334575186179002, 0.0 ], [ 77.471805759517352, 28.334261324752852, 0.0 ], [ 77.472184810419208, 28.333982843298887, 0.0 ], [ 77.472441872926098, 28.333789297889272, 0.0 ], [ 77.472542936792166, 28.33371320511333, 0.0 ], [ 77.472545282321221, 28.333710271645451, 0.0 ], [ 77.472883483679823, 28.333287273346826, 0.0 ], [ 77.473010886335729, 28.333142456248648, 0.0 ], [ 77.473120711580506, 28.332841345371534, 0.0 ], [ 77.473178506132356, 28.332548585920392, 0.0 ], [ 77.473132240300615, 28.332272530505083, 0.0 ], [ 77.472985632505214, 28.331829689249545, 0.0 ], [ 77.472779044310997, 28.331275767235208, 0.0 ], [ 77.472549488349699, 28.330831608255554, 0.0 ], [ 77.472278088336367, 28.33040513997982, 0.0 ], [ 77.47220755317494, 28.330303069076702, 0.0 ], [ 77.472170356629817, 28.330091398026099, 0.0 ], [ 77.472227221930012, 28.32984450984662, 0.0 ], [ 77.472158361547727, 28.329659869000071, 0.0 ], [ 77.472048956299133, 28.329428696491181, 0.0 ], [ 77.471929368961426, 28.329188184760934, 0.0 ], [ 77.471829217707352, 28.329012223203883, 0.0 ], [ 77.471789603229624, 28.328919820260555, 0.0 ], [ 77.471649652017035, 28.328660629970429, 0.0 ], [ 77.471621708898752, 28.328504169581414, 0.0 ], [ 77.47161692192158, 28.328228770679612, 0.0 ], [ 77.471743762636535, 28.328111477766324, 0.0 ], [ 77.471745785429391, 28.328110798638694, 0.0 ], [ 77.472683624209751, 28.327796007553964, 0.0 ], [ 77.473698241965536, 28.327446584967287, 0.0 ], [ 77.473728094856384, 28.327436303645925, 0.0 ], [ 77.473730943203563, 28.327435522874353, 0.0 ], [ 77.474645909541451, 28.327184714671354, 0.0 ], [ 77.475273960386389, 28.326900993445918, 0.0 ], [ 77.475796468147848, 28.326707372397934, 0.0 ], [ 77.476577998139689, 28.326527031669915, 0.0 ], [ 77.478236036549291, 28.326085244435827, 0.0 ], [ 77.480092729520535, 28.325563986400137, 0.0 ], [ 77.480968858181228, 28.325320877421628, 0.0 ], [ 77.481490609063201, 28.325163935228559, 0.0 ], [ 77.48194903736416, 28.325061055329474, 0.0 ], [ 77.482278784484691, 28.325167221055565, 0.0 ], [ 77.482413483640286, 28.325247400553259, 0.0 ], [ 77.482453008470856, 28.325270927825688, 0.0 ], [ 77.484861050546513, 28.325694430742484, 0.0 ], [ 77.484866374337685, 28.325684866623526, 0.0 ], [ 77.485033235252814, 28.32538511656562, 0.0 ], [ 77.485312432758008, 28.324912296798029, 0.0 ], [ 77.485981698600469, 28.322582604073926, 0.0 ], [ 77.48571044570771, 28.321633036742465, 0.0 ], [ 77.485721167722687, 28.321627009442018, 0.0 ], [ 77.488028758665351, 28.32032970386237, 0.0 ], [ 77.488985613785047, 28.319537605063086, 0.0 ], [ 77.489410413337083, 28.319185945280104, 0.0 ], [ 77.490720385282273, 28.318203673506545, 0.0 ], [ 77.495559741644016, 28.314574680938179, 0.0 ], [ 77.497629684491088, 28.312716636057978, 0.0 ], [ 77.49774663094793, 28.312611099365995, 0.0 ], [ 77.498749224493352, 28.311706329671299, 0.0 ], [ 77.499011003203478, 28.311527271587323, 0.0 ], [ 77.500021495745642, 28.310836078743439, 0.0 ], [ 77.500431698536403, 28.310548833182885, 0.0 ], [ 77.500452800497413, 28.310530809307732, 0.0 ], [ 77.500455346246781, 28.310527506795758, 0.0 ], [ 77.50199283922737, 28.308533344562818, 0.0 ], [ 77.502081785845604, 28.308417976043629, 0.0 ], [ 77.502090104254364, 28.308406924544723, 0.0 ], [ 77.502090914936446, 28.308405850633839, 0.0 ], [ 77.502348124554345, 28.308064224590737, 0.0 ], [ 77.502379960256377, 28.308028012622948, 0.0 ], [ 77.502382455511309, 28.30802686326933, 0.0 ], [ 77.504923345754889, 28.306856433556668, 0.0 ], [ 77.505331688430331, 28.306660922379347, 0.0 ], [ 77.505457190553685, 28.306607822318554, 0.0 ], [ 77.506822076534121, 28.305824094481881, 0.0 ], [ 77.506841929531731, 28.305812694728324, 0.0 ], [ 77.506844033547864, 28.305811555694429, 0.0 ], [ 77.507072565279287, 28.305687818635135, 0.0 ], [ 77.507072702218665, 28.305680969651952, 0.0 ], [ 77.507072748721185, 28.305678643841869, 0.0 ], [ 77.506972565722506, 28.305502698248684, 0.0 ], [ 77.506442576718513, 28.304521560474878, 0.0 ], [ 77.506422394080516, 28.304493711262381, 0.0 ], [ 77.506360281736633, 28.304378726633587, 0.0 ], [ 77.506242399160485, 28.304160493905627, 0.0 ], [ 77.506202583574037, 28.30407727093873, 0.0 ], [ 77.50535979043137, 28.300071740562505, 0.0 ], [ 77.505325251914797, 28.299909569061281, 0.0 ], [ 77.505302915686812, 28.299804693626253, 0.0 ], [ 77.505292917694376, 28.29978618143193, 0.0 ], [ 77.504260770965132, 28.294364262247861, 0.0 ], [ 77.504232794634873, 28.29420779872725, 0.0 ], [ 77.504203900177146, 28.294097210819071, 0.0 ], [ 77.50352467736397, 28.291250592168918, 0.0 ], [ 77.503467075829676, 28.291020241054387, 0.0 ], [ 77.503457445149962, 28.290983378512664, 0.0 ], [ 77.502935547391829, 28.289084540024209, 0.0 ], [ 77.50170140909313, 28.287027670546863, 0.0 ], [ 77.501661235418112, 28.286962794438626, 0.0 ], [ 77.501403944533777, 28.28686697607673, 0.0 ], [ 77.499890384902812, 28.286338424300258, 0.0 ], [ 77.498791991707193, 28.285788847122848, 0.0 ], [ 77.498495084926631, 28.285600622658826, 0.0 ], [ 77.498507286903504, 28.285590614993559, 0.0 ], [ 77.498595568934263, 28.285518215531685, 0.0 ], [ 77.498758626802783, 28.285384491220594, 0.0 ], [ 77.498765921350738, 28.28538007195553, 0.0 ], [ 77.499624179416926, 28.284860063039758, 0.0 ], [ 77.499629772560027, 28.284856674302755, 0.0 ], [ 77.49986074467742, 28.284713453744676, 0.0 ], [ 77.501733712097533, 28.283861769644886, 0.0 ], [ 77.501732463800096, 28.283859750170258, 0.0 ], [ 77.5007997418667, 28.282351092342893, 0.0 ], [ 77.50066941180728, 28.28212877199282, 0.0 ], [ 77.500287686573813, 28.281517027028073, 0.0 ], [ 77.500303750934123, 28.281509612968886, 0.0 ], [ 77.502769886025305, 28.280371428480588, 0.0 ], [ 77.503134061856571, 28.280203346826966, 0.0 ], [ 77.503427025780994, 28.280070270937969, 0.0 ], [ 77.503420688378341, 28.280068592899838, 0.0 ], [ 77.503169196666306, 28.280001980785222, 0.0 ], [ 77.501941509168262, 28.279698199488244, 0.0 ], [ 77.501632043060255, 28.279619918200257, 0.0 ], [ 77.501312212890994, 28.279541472651449, 0.0 ], [ 77.500437111451262, 28.279234036047075, 0.0 ], [ 77.500035654973033, 28.279090060451498, 0.0 ], [ 77.499819471388207, 28.279013239970102, 0.0 ], [ 77.498774068981973, 28.278409419054221, 0.0 ], [ 77.498431000849294, 28.27742197142268, 0.0 ], [ 77.498138163827221, 28.277031888418009, 0.0 ], [ 77.496595378929072, 28.275383104789331, 0.0 ], [ 77.496494499361262, 28.275243846454838, 0.0 ], [ 77.496342166908292, 28.275085421425509, 0.0 ], [ 77.496161505597584, 28.274788879047975, 0.0 ], [ 77.494667969118353, 28.27275536234216, 0.0 ], [ 77.494663107788668, 28.27276089272311, 0.0 ], [ 77.494604311260275, 28.272827785113304, 0.0 ], [ 77.494518496158932, 28.273487262335522, 0.0 ], [ 77.494345345102033, 28.274365640124799, 0.0 ], [ 77.494248566361335, 28.274538502052607, 0.0 ], [ 77.494144362398842, 28.274816259097456, 0.0 ], [ 77.494139027810846, 28.2748304782431, 0.0 ], [ 77.494027971751109, 28.274681878915864, 0.0 ], [ 77.494046998429752, 28.274250805850279, 0.0 ], [ 77.493982928753738, 28.273827602047273, 0.0 ], [ 77.493872794565505, 28.273633126321755, 0.0 ], [ 77.493424151825053, 28.273258935447409, 0.0 ], [ 77.492432676181977, 28.27255495560539, 0.0 ], [ 77.490788259384402, 28.271326698977884, 0.0 ], [ 77.490856686766193, 28.270501739435041, 0.0 ], [ 77.490934769007268, 28.270227623926679, 0.0 ], [ 77.491114120992989, 28.267495338834696, 0.0 ], [ 77.491193461161075, 28.266643012006494, 0.0 ], [ 77.491284117134157, 28.266258953558054, 0.0 ], [ 77.491295587751949, 28.266204065100244, 0.0 ], [ 77.491870972954715, 28.263881849823541, 0.0 ], [ 77.49226282460836, 28.262437852136003, 0.0 ], [ 77.492138212911641, 28.261417095123068, 0.0 ], [ 77.491922803817658, 28.261303560441522, 0.0 ], [ 77.491824891800675, 28.261017489297267, 0.0 ], [ 77.491646256817219, 28.260106018605132, 0.0 ], [ 77.491494623666824, 28.258882907660276, 0.0 ], [ 77.491419990885106, 28.257954715867957, 0.0 ], [ 77.491594063342404, 28.257030442998211, 0.0 ], [ 77.492024613303471, 28.256238707773552, 0.0 ], [ 77.49208844866537, 28.256157108830308, 0.0 ], [ 77.492180385510011, 28.25570881582874, 0.0 ], [ 77.492380705392137, 28.254509599928994, 0.0 ], [ 77.492391990000883, 28.254463885915403, 0.0 ], [ 77.492500372286784, 28.253712962408219, 0.0 ], [ 77.49250092559835, 28.253685435975854, 0.0 ], [ 77.492672364559823, 28.252375620270289, 0.0 ], [ 77.492690654856631, 28.251981234370234, 0.0 ], [ 77.492723032286563, 28.251917495761926, 0.0 ], [ 77.492734132118102, 28.251880957053036, 0.0 ], [ 77.492743387792885, 28.25187304794256, 0.0 ], [ 77.492753986045315, 28.251863991577704, 0.0 ], [ 77.492755225267686, 28.251862932643551, 0.0 ], [ 77.493559669047599, 28.250517191136993, 0.0 ], [ 77.493858653353186, 28.250081333776627, 0.0 ], [ 77.493863759113722, 28.250081291212979, 0.0 ], [ 77.49538261456064, 28.250068612204071, 0.0 ], [ 77.495498438825422, 28.249978650331187, 0.0 ], [ 77.496036477728836, 28.249539548547546, 0.0 ], [ 77.496436310637023, 28.249213236335084, 0.0 ], [ 77.49704463673946, 28.248757637130119, 0.0 ], [ 77.497996363287157, 28.248044838892199, 0.0 ], [ 77.497988554377457, 28.24804286662615, 0.0 ], [ 77.497203237089295, 28.247844533076808, 0.0 ], [ 77.496025814035661, 28.247495519882175, 0.0 ], [ 77.494946553491644, 28.246918604556292, 0.0 ], [ 77.494169547324589, 28.245786619935686, 0.0 ], [ 77.493551729452676, 28.244491951964452, 0.0 ], [ 77.493288861932683, 28.243625077806257, 0.0 ], [ 77.493344597576396, 28.240890983426215, 0.0 ], [ 77.493375127594589, 28.240462443093008, 0.0 ], [ 77.493446482001701, 28.239460863085672, 0.0 ], [ 77.493387506935761, 28.237257261640661, 0.0 ], [ 77.493603261551698, 28.235847300787164, 0.0 ], [ 77.49450093483712, 28.234622516171196, 0.0 ], [ 77.495867903553233, 28.23345755613563, 0.0 ], [ 77.495907121856106, 28.233424133563798, 0.0 ], [ 77.49617162674285, 28.233189697151087, 0.0 ], [ 77.497103134987469, 28.23234172420802, 0.0 ], [ 77.497802409352303, 28.231673628800291, 0.0 ], [ 77.498171949731429, 28.230871828749791, 0.0 ], [ 77.498187376623946, 28.230837378714313, 0.0 ], [ 77.498237249301724, 28.230726017019055, 0.0 ], [ 77.498198576245869, 28.230073783328923, 0.0 ], [ 77.497834032818488, 28.229609131953104, 0.0 ], [ 77.497265071762783, 28.229489999844887, 0.0 ], [ 77.497257883801169, 28.229489885831896, 0.0 ], [ 77.497159253783167, 28.229469110082835, 0.0 ], [ 77.496201103357365, 28.229453443637595, 0.0 ], [ 77.495645365027812, 28.229444354462299, 0.0 ], [ 77.494894651717644, 28.229067016075703, 0.0 ], [ 77.493728481455292, 28.228176652956311, 0.0 ], [ 77.493053434749882, 28.227147219129556, 0.0 ], [ 77.492440337515845, 28.226137119450261, 0.0 ], [ 77.491670079296938, 28.224683986772135, 0.0 ], [ 77.491037445447219, 28.224123280480921, 0.0 ], [ 77.490275625533314, 28.223276008597995, 0.0 ], [ 77.489124068410291, 28.222183916184349, 0.0 ], [ 77.489523490226375, 28.221446856445628, 0.0 ], [ 77.489961106975528, 28.219856864426159, 0.0 ], [ 77.490237962870239, 28.219016898943085, 0.0 ], [ 77.48931967093128, 28.218203843541243, 0.0 ], [ 77.48840446341022, 28.21774876600859, 0.0 ], [ 77.488386277591559, 28.2177575934451, 0.0 ], [ 77.48747068300662, 28.218201992938706, 0.0 ], [ 77.48718148323924, 28.218628754451135, 0.0 ], [ 77.486688089227897, 28.219896629807351, 0.0 ], [ 77.486212263192428, 28.221320807215815, 0.0 ], [ 77.485616766256172, 28.221485712273147, 0.0 ], [ 77.48484035194025, 28.221354046632587, 0.0 ], [ 77.484826869977866, 28.221345708341541, 0.0 ], [ 77.484337700561824, 28.221043174827166, 0.0 ], [ 77.484196588368746, 28.220325055219234, 0.0 ], [ 77.483877578061282, 28.219163564052426, 0.0 ], [ 77.483423432947745, 28.218513880761208, 0.0 ], [ 77.482858305302344, 28.218211184818628, 0.0 ], [ 77.482833080147387, 28.218214593910822, 0.0 ], [ 77.481764552912239, 28.218358956740651, 0.0 ], [ 77.48015270214448, 28.218443389046765, 0.0 ], [ 77.478574637747542, 28.218399850237084, 0.0 ], [ 77.478559061944509, 28.218382396597146, 0.0 ], [ 77.477843541984029, 28.217580521681196, 0.0 ], [ 77.477523117494101, 28.21699719494303, 0.0 ], [ 77.477621084674496, 28.216273703945152, 0.0 ], [ 77.478115157717312, 28.21548311633827, 0.0 ], [ 77.478578366286285, 28.214290709732364, 0.0 ], [ 77.478509893169232, 28.214289624163886, 0.0 ], [ 77.478515326111435, 28.214275573833032, 0.0 ], [ 77.477303056532776, 28.214258476499687, 0.0 ], [ 77.476249000994386, 28.21451639104971, 0.0 ], [ 77.475393723181767, 28.214905040159543, 0.0 ], [ 77.474660310574407, 28.214991308095176, 0.0 ], [ 77.472511104915895, 28.215259086567727, 0.0 ], [ 77.47100366881061, 28.215521820824826, 0.0 ], [ 77.470565336065363, 28.21518824672912, 0.0 ], [ 77.470397861100878, 28.214920869315819, 0.0 ], [ 77.470223572357, 28.214642613589167, 0.0 ], [ 77.4702231559897, 28.214168859182486, 0.0 ], [ 77.470186839234032, 28.213356781205203, 0.0 ], [ 77.469885568468726, 28.212468200346677, 0.0 ], [ 77.469090278031871, 28.211710791565885, 0.0 ], [ 77.468173158312652, 28.211359506496105, 0.0 ], [ 77.467917893143223, 28.211098990131823, 0.0 ], [ 77.467775562108713, 28.210953730114568, 0.0 ], [ 77.467357401374812, 28.210322401903309, 0.0 ], [ 77.466602660812029, 28.209262627399312, 0.0 ], [ 77.466383076689382, 28.208522876109935, 0.0 ], [ 77.466006125610662, 28.208505043182029, 0.0 ], [ 77.464555136187329, 28.209151218702551, 0.0 ], [ 77.462014281771374, 28.209946929313329, 0.0 ], [ 77.459906029237601, 28.210385915020463, 0.0 ], [ 77.458494095183852, 28.208952024043313, 0.0 ], [ 77.456648811868206, 28.206805554388005, 0.0 ], [ 77.456627407657891, 28.205465570364392, 0.0 ], [ 77.456107710376486, 28.205217767689529, 0.0 ], [ 77.4554305137505, 28.205484359989665, 0.0 ], [ 77.454717641238247, 28.20566975584401, 0.0 ], [ 77.452650318854296, 28.206271019193363, 0.0 ], [ 77.45145877841594, 28.20655141577236, 0.0 ], [ 77.450384066699357, 28.206502378439055, 0.0 ], [ 77.449691537385249, 28.206642632314789, 0.0 ], [ 77.449690376320646, 28.206649504417335, 0.0 ], [ 77.449677621046902, 28.206651987495551, 0.0 ], [ 77.449584297803952, 28.207244108843817, 0.0 ], [ 77.449035102194046, 28.207373928874478, 0.0 ], [ 77.447323554982404, 28.207022920199972, 0.0 ], [ 77.44538450699217, 28.206878602438422, 0.0 ], [ 77.44211876807644, 28.207508350646158, 0.0 ], [ 77.442125001908821, 28.20751804945402, 0.0 ], [ 77.442106045607332, 28.207521758562383, 0.0 ], [ 77.443099106235564, 28.209069029084969, 0.0 ], [ 77.442722054270106, 28.209442477439648, 0.0 ], [ 77.442410997750883, 28.209748377424365, 0.0 ], [ 77.440409468865454, 28.210775672846875, 0.0 ], [ 77.438800403446223, 28.211448673799445, 0.0 ], [ 77.437150703955567, 28.212311221618116, 0.0 ], [ 77.434946124955303, 28.213634124162606, 0.0 ], [ 77.434228070980708, 28.213882575856065, 0.0 ], [ 77.433035520005859, 28.212646879687, 0.0 ], [ 77.432398691657767, 28.212304257341902, 0.0 ], [ 77.430808831983697, 28.210856629822953, 0.0 ], [ 77.42715044521799, 28.207988666426903, 0.0 ], [ 77.424923844596321, 28.205909586728733, 0.0 ], [ 77.424047277389363, 28.206842885328534, 0.0 ], [ 77.423731133074739, 28.207177171053075, 0.0 ], [ 77.423720571816034, 28.207188337969939, 0.0 ], [ 77.421216815984337, 28.206000374426303, 0.0 ], [ 77.419822309324715, 28.205289324769321, 0.0 ], [ 77.419072305289973, 28.204478569014267, 0.0 ], [ 77.417759989423956, 28.202300161182105, 0.0 ], [ 77.415809246083057, 28.200432636555092, 0.0 ], [ 77.415804226872183, 28.200427892881724, 0.0 ], [ 77.411808319710829, 28.202990288883644, 0.0 ], [ 77.411804118745522, 28.20299790346461, 0.0 ], [ 77.411800414160439, 28.203004615551986, 0.0 ], [ 77.413407997125461, 28.20480880428055, 0.0 ], [ 77.41366681516547, 28.205308251473141, 0.0 ], [ 77.413488728699136, 28.205511448405552, 0.0 ], [ 77.4131895140697, 28.205851676954385, 0.0 ], [ 77.414063746427829, 28.206934110035718, 0.0 ], [ 77.414068445116698, 28.206939929802395, 0.0 ], [ 77.412415191482197, 28.208306652451512, 0.0 ], [ 77.41236401663447, 28.208355895366555, 0.0 ], [ 77.411474317021103, 28.209212008140675, 0.0 ], [ 77.41147120150903, 28.209219734859946, 0.0 ], [ 77.411461594821432, 28.209229030187963, 0.0 ], [ 77.410973856428186, 28.210449968455467, 0.0 ], [ 77.410420657965929, 28.210967339209731, 0.0 ], [ 77.41041719148464, 28.210976493943537, 0.0 ], [ 77.410409715322473, 28.210983478631341, 0.0 ], [ 77.40994269009164, 28.212221455861286, 0.0 ], [ 77.409270187360804, 28.212830926825276, 0.0 ], [ 77.408757127907165, 28.213548632819776, 0.0 ], [ 77.408707441513428, 28.213617692129745, 0.0 ], [ 77.408274058913392, 28.21429900592393, 0.0 ], [ 77.408268244353792, 28.214308146172264, 0.0 ], [ 77.40760933833532, 28.214600319213027, 0.0 ], [ 77.406731173452258, 28.213475338186964, 0.0 ], [ 77.405837775013907, 28.211588240194732, 0.0 ], [ 77.405504900109719, 28.211151393755262, 0.0 ], [ 77.404859036538085, 28.211315260768966, 0.0 ], [ 77.403969574593447, 28.211732166082523, 0.0 ], [ 77.403953316581948, 28.211739921349864, 0.0 ], [ 77.403132282341247, 28.212131558205492, 0.0 ], [ 77.402196982412931, 28.212758823646276, 0.0 ], [ 77.401162286649637, 28.213182520300663, 0.0 ], [ 77.39927856922499, 28.214069642663578, 0.0 ], [ 77.396997357277726, 28.215133819868189, 0.0 ], [ 77.396256888705466, 28.215360357124894, 0.0 ], [ 77.396055832749525, 28.21506333614138, 0.0 ], [ 77.39563725866148, 28.215258424419098, 0.0 ], [ 77.395424889866248, 28.21500711239716, 0.0 ], [ 77.393631259171642, 28.215546838686343, 0.0 ], [ 77.391722703417912, 28.216130553999562, 0.0 ], [ 77.389955401342007, 28.216900110352213, 0.0 ], [ 77.389955320828264, 28.216900144829033, 0.0 ], [ 77.386640149273887, 28.218341901961551, 0.0 ], [ 77.384098035240697, 28.219484215148746, 0.0 ], [ 77.381763450091427, 28.220611545979292, 0.0 ], [ 77.380335920913026, 28.220982743558938, 0.0 ], [ 77.379801454369542, 28.221358051347892, 0.0 ], [ 77.379799495879098, 28.221359427134999, 0.0 ], [ 77.379302386796169, 28.221837725873272, 0.0 ], [ 77.379236135711665, 28.221889820721039, 0.0 ], [ 77.378764991181654, 28.222260285229584, 0.0 ], [ 77.378154561436475, 28.222841812919309, 0.0 ], [ 77.37767578194098, 28.223297918599719, 0.0 ], [ 77.376557348755028, 28.224738935189052, 0.0 ], [ 77.376142514277348, 28.225246115827332, 0.0 ], [ 77.376127383810683, 28.225264938154904, 0.0 ], [ 77.375727482428843, 28.225762469788041, 0.0 ], [ 77.375244981903947, 28.226394502106469, 0.0 ], [ 77.375201062361882, 28.226451754882987, 0.0 ], [ 77.375201008426828, 28.226452101872795, 0.0 ], [ 77.375194629049332, 28.226460458617041, 0.0 ], [ 77.375088459004033, 28.227073695448595, 0.0 ], [ 77.374613640510333, 28.228461055673868, 0.0 ], [ 77.374195825005401, 28.229601524034585, 0.0 ], [ 77.373941063132463, 28.230873184224421, 0.0 ], [ 77.373735394947715, 28.232274156596183, 0.0 ], [ 77.373816475013854, 28.232853762884737, 0.0 ], [ 77.374085438236762, 28.233530009564209, 0.0 ], [ 77.374092087355749, 28.233546725602125, 0.0 ], [ 77.37355033074509, 28.233528723816985, 0.0 ], [ 77.373543172114964, 28.233528485376741, 0.0 ], [ 77.37351536564536, 28.234849779789947, 0.0 ], [ 77.373399977547408, 28.235407783445503, 0.0 ], [ 77.373379221365454, 28.235506674236998, 0.0 ], [ 77.372872996644986, 28.235777434556162, 0.0 ], [ 77.370147453397806, 28.236517310422009, 0.0 ], [ 77.367921151577619, 28.236923306569913, 0.0 ], [ 77.367263958510392, 28.236422472628977, 0.0 ], [ 77.366352156640005, 28.235344080072963, 0.0 ], [ 77.364859793514583, 28.232447454115764, 0.0 ], [ 77.363468993794967, 28.233151192247895, 0.0 ], [ 77.360962430997901, 28.234157147582881, 0.0 ], [ 77.359571648068567, 28.234563007162055, 0.0 ], [ 77.358099313241127, 28.235027554185947, 0.0 ], [ 77.355317583209498, 28.236010729124359, 0.0 ], [ 77.354735051870904, 28.235924069885872, 0.0 ], [ 77.354619656978642, 28.235906903121911, 0.0 ], [ 77.352872427219026, 28.235202811327969, 0.0 ], [ 77.351598917491202, 28.234882226010374, 0.0 ], [ 77.350564686837217, 28.234945220011241, 0.0 ], [ 77.349010847105362, 28.235332936612359, 0.0 ], [ 77.3469833984975, 28.234908508654463, 0.0 ], [ 77.345674174049364, 28.234840577434078, 0.0 ], [ 77.345055680323227, 28.235013205166595, 0.0 ], [ 77.344915011553184, 28.235052465782147, 0.0 ], [ 77.344912317165651, 28.235061558315287, 0.0 ], [ 77.344905464558863, 28.235063349458681, 0.0 ], [ 77.344771180898718, 28.235529229966183, 0.0 ], [ 77.344661770269099, 28.237748682564714, 0.0 ], [ 77.344285287730088, 28.23888057226856, 0.0 ], [ 77.344323422943603, 28.2400098291766, 0.0 ], [ 77.342208124430201, 28.24120126286423, 0.0 ], [ 77.342205267232401, 28.241207278598509, 0.0 ], [ 77.342193764817466, 28.241213779556453, 0.0 ], [ 77.341618628682411, 28.242424949030788, 0.0 ], [ 77.341603968698081, 28.243599584140092, 0.0 ], [ 77.341437995318046, 28.24506540924499, 0.0 ], [ 77.34102685074879, 28.24546983175529, 0.0 ], [ 77.341025100731144, 28.24547155196127, 0.0 ], [ 77.335927289579971, 28.248021998735396, 0.0 ], [ 77.335912286098321, 28.248029506204428, 0.0 ], [ 77.331798994582712, 28.250078717913826, 0.0 ], [ 77.33179482363073, 28.250080795760454, 0.0 ], [ 77.331732455587357, 28.25008892838822, 0.0 ], [ 77.331700388862274, 28.250134286453378, 0.0 ], [ 77.331399662512609, 28.250624890779068, 0.0 ], [ 77.331127565459283, 28.251356395338711, 0.0 ], [ 77.331080719667654, 28.251482335773204, 0.0 ], [ 77.330767070255632, 28.252092044881085, 0.0 ], [ 77.330381474872169, 28.252673009892249, 0.0 ], [ 77.329772183175081, 28.253534757226124, 0.0 ], [ 77.329616012356283, 28.253688338081432, 0.0 ], [ 77.329226362581068, 28.254069362118027, 0.0 ], [ 77.329202802051725, 28.254098895191269, 0.0 ], [ 77.328891696882081, 28.254474558385716, 0.0 ], [ 77.328472445259237, 28.255174275109511, 0.0 ], [ 77.328017580747428, 28.256084497759485, 0.0 ], [ 77.327368969092944, 28.25684460787976, 0.0 ], [ 77.326850223981097, 28.257304510765621, 0.0 ], [ 77.326437369282814, 28.257601964251435, 0.0 ], [ 77.325714145885044, 28.258120167202733, 0.0 ], [ 77.325280781044384, 28.258413283701106, 0.0 ], [ 77.324588634076378, 28.258881428039359, 0.0 ], [ 77.324237601080725, 28.259079154033724, 0.0 ], [ 77.323591790568685, 28.259442916608965, 0.0 ], [ 77.322373777098974, 28.260165890710869, 0.0 ], [ 77.322039415586332, 28.260288763390793, 0.0 ], [ 77.322015578428264, 28.260286334658065, 0.0 ], [ 77.321284318996277, 28.26021180682131, 0.0 ], [ 77.320852584369888, 28.260243484848601, 0.0 ], [ 77.320783603591565, 28.260248545418374, 0.0 ], [ 77.320775562152662, 28.260249136029675, 0.0 ], [ 77.320518661577708, 28.260143846381702, 0.0 ], [ 77.320428354627083, 28.260004647052266, 0.0 ], [ 77.320253569193085, 28.25993745383979, 0.0 ], [ 77.320159713400926, 28.25996341043485, 0.0 ], [ 77.32005610422938, 28.260025585375974, 0.0 ], [ 77.319981183640081, 28.260070545480062, 0.0 ], [ 77.319675343722423, 28.260313216955094, 0.0 ], [ 77.319570010563353, 28.260351104651598, 0.0 ], [ 77.319529084997171, 28.260365824068018, 0.0 ], [ 77.319397523566948, 28.26021675342637, 0.0 ], [ 77.31922589246966, 28.260002753386939, 0.0 ], [ 77.319136079068358, 28.259965583463515, 0.0 ], [ 77.319133417833896, 28.25996448309548, 0.0 ], [ 77.318838728079541, 28.26017062411875, 0.0 ], [ 77.318397578690394, 28.260438548498197, 0.0 ], [ 77.317949025113393, 28.260568667429222, 0.0 ], [ 77.317899360577641, 28.260577786169502, 0.0 ], [ 77.317720059348247, 28.260610702953738, 0.0 ], [ 77.317421711112232, 28.260504708683147, 0.0 ], [ 77.317217417375076, 28.26036358845899, 0.0 ], [ 77.317065528242395, 28.260195813323069, 0.0 ], [ 77.316845158841431, 28.260174323085998, 0.0 ], [ 77.31683794445081, 28.260173620426038, 0.0 ], [ 77.316576115800444, 28.260297704863991, 0.0 ], [ 77.316415077803839, 28.260388888633408, 0.0 ], [ 77.3163662921921, 28.260414538443303, 0.0 ], [ 77.316218484718732, 28.260412532755716, 0.0 ], [ 77.31608841679008, 28.260288417930301, 0.0 ], [ 77.315739162787267, 28.259924400945557, 0.0 ], [ 77.315443376670942, 28.259676776557317, 0.0 ], [ 77.315165992932961, 28.259573203155071, 0.0 ], [ 77.314942467298962, 28.25960406081396, 0.0 ], [ 77.314936952532435, 28.259606896613974, 0.0 ], [ 77.314921941455012, 28.259608948935586, 0.0 ], [ 77.314659233164846, 28.259749732322085, 0.0 ], [ 77.314534289196516, 28.259813991564581, 0.0 ], [ 77.314413641282044, 28.259832782177781, 0.0 ], [ 77.314368985362023, 28.259836960963643, 0.0 ], [ 77.314112342564101, 28.259622636291205, 0.0 ], [ 77.313757903568032, 28.259254192848111, 0.0 ], [ 77.313650066703289, 28.259215416696676, 0.0 ], [ 77.3134671907887, 28.259241069669152, 0.0 ], [ 77.313460484679695, 28.259244253362926, 0.0 ], [ 77.313457760567701, 28.259244631414223, 0.0 ], [ 77.313358583133322, 28.25929261442716, 0.0 ], [ 77.313237776932198, 28.259351060968953, 0.0 ], [ 77.313228073528734, 28.259355754388263, 0.0 ], [ 77.313102670554102, 28.259416425174614, 0.0 ], [ 77.313016898904536, 28.259388550822607, 0.0 ], [ 77.313005640355186, 28.259339115157147, 0.0 ], [ 77.313007813366639, 28.259203735567869, 0.0 ], [ 77.313009204483706, 28.259032276639527, 0.0 ], [ 77.313006573835011, 28.258910512068464, 0.0 ], [ 77.312851045980736, 28.25878682614114, 0.0 ], [ 77.312449672768608, 28.258604140297106, 0.0 ], [ 77.311764207644899, 28.258006699657034, 0.0 ], [ 77.311164621915509, 28.257610814804504, 0.0 ], [ 77.310371237936721, 28.256970077284095, 0.0 ], [ 77.309708925630147, 28.256263956763981, 0.0 ], [ 77.308990306346914, 28.255545251023015, 0.0 ], [ 77.308565468877987, 28.255218585045917, 0.0 ], [ 77.308562899267315, 28.255218627856081, 0.0 ], [ 77.308558471405618, 28.255215050404448, 0.0 ], [ 77.30849157819587, 28.255219833475874, 0.0 ], [ 77.308464891296808, 28.255221741829452, 0.0 ], [ 77.308454651551997, 28.255222473611589, 0.0 ], [ 77.308323760370044, 28.255273303219958, 0.0 ], [ 77.308318755198471, 28.255275247010061, 0.0 ], [ 77.308058776291801, 28.255794031300894, 0.0 ], [ 77.307905785338505, 28.256158588477398, 0.0 ], [ 77.307637998513769, 28.256593360105139, 0.0 ], [ 77.307632753541085, 28.256600551789422, 0.0 ], [ 77.307295728199975, 28.25704777191163, 0.0 ], [ 77.307018780215955, 28.257391872615624, 0.0 ], [ 77.306522833591288, 28.257796516241434, 0.0 ], [ 77.305962727493721, 28.25829185909468, 0.0 ], [ 77.305362354233509, 28.258731445568731, 0.0 ], [ 77.304896410336525, 28.259200522894261, 0.0 ], [ 77.304893145159923, 28.259203391867569, 0.0 ], [ 77.304209445998467, 28.259794992226041, 0.0 ], [ 77.303839815035545, 28.260109982168935, 0.0 ], [ 77.30331513770598, 28.260403985440675, 0.0 ], [ 77.302999103457424, 28.260637272173859, 0.0 ], [ 77.302176020252944, 28.261509070697286, 0.0 ], [ 77.302129125002395, 28.261558738993557, 0.0 ], [ 77.301960743464448, 28.261685092454126, 0.0 ], [ 77.30124396657942, 28.26222294644511, 0.0 ], [ 77.300960598431459, 28.262383353807685, 0.0 ], [ 77.300916040166115, 28.262396318894279, 0.0 ], [ 77.300767146498544, 28.262437640613179, 0.0 ], [ 77.300604442244705, 28.262453915659759, 0.0 ], [ 77.30049660568659, 28.262415129841301, 0.0 ], [ 77.300404242399907, 28.262385106683034, 0.0 ], [ 77.300283022470069, 28.262197664439768, 0.0 ], [ 77.300064304216349, 28.261741180328748, 0.0 ], [ 77.299992316091291, 28.261710812408232, 0.0 ], [ 77.299936383693819, 28.261716264359656, 0.0 ], [ 77.299928550358928, 28.261723226417992, 0.0 ], [ 77.299927852359346, 28.261723337565165, 0.0 ], [ 77.29963193590352, 28.261984495148646, 0.0 ], [ 77.29912538561905, 28.262398112256324, 0.0 ], [ 77.298545098981535, 28.262865548473471, 0.0 ], [ 77.298100522802443, 28.263289398093828, 0.0 ], [ 77.297932166878937, 28.263356078161479, 0.0 ], [ 77.297817231324643, 28.263358010628846, 0.0 ], [ 77.297741772160563, 28.263356730031962, 0.0 ], [ 77.297480628311718, 28.263151634610534, 0.0 ], [ 77.297154504802222, 28.262913501073708, 0.0 ], [ 77.296959495250817, 28.262849107289373, 0.0 ], [ 77.296832156092094, 28.262851248699704, 0.0 ], [ 77.296614678280761, 28.262927090100764, 0.0 ], [ 77.296325695867594, 28.26299511044099, 0.0 ], [ 77.295859081440653, 28.262858586583949, 0.0 ], [ 77.29546397213754, 28.262729883426598, 0.0 ], [ 77.294834363205439, 28.262596095740072, 0.0 ], [ 77.294295215233987, 28.262641243198907, 0.0 ], [ 77.293771828692414, 28.26270868256255, 0.0 ], [ 77.293768652235087, 28.262709309581652, 0.0 ], [ 77.293396349469376, 28.262782661032848, 0.0 ], [ 77.293384273003284, 28.262787026499321, 0.0 ], [ 77.293384201042102, 28.262787046385771, 0.0 ], [ 77.292715600237415, 28.263023490295296, 0.0 ], [ 77.291755321440178, 28.263363830440898, 0.0 ], [ 77.29143920583104, 28.263474184011404, 0.0 ], [ 77.290438182994578, 28.263842866026767, 0.0 ], [ 77.289431069132334, 28.264137163719941, 0.0 ], [ 77.289384131425749, 28.264150817484332, 0.0 ], [ 77.288016811134042, 28.264577271819292, 0.0 ], [ 77.287963498547398, 28.264591641653109, 0.0 ], [ 77.287126370301706, 28.264809682215763, 0.0 ], [ 77.286367315496989, 28.265056987326357, 0.0 ], [ 77.286174908247489, 28.2650971126982, 0.0 ], [ 77.286087284869453, 28.265113450159717, 0.0 ], [ 77.286085088849305, 28.265214376895837, 0.0 ], [ 77.286234347286054, 28.265501456286795, 0.0 ], [ 77.28625048400545, 28.265712836384935, 0.0 ], [ 77.286247889892053, 28.265832113183887, 0.0 ], [ 77.286108978029688, 28.266022493672025, 0.0 ], [ 77.285866902432659, 28.266168190316321, 0.0 ], [ 77.285803848935799, 28.266198674017794, 0.0 ], [ 77.285396101156635, 28.26638665508256, 0.0 ], [ 77.284808576114628, 28.266707059914552, 0.0 ], [ 77.284210485164166, 28.267036459683037, 0.0 ], [ 77.283915991425744, 28.26717436828935, 0.0 ], [ 77.283542239123761, 28.267346455818302, 0.0 ], [ 77.282782195306666, 28.267548642775349, 0.0 ], [ 77.282643000552113, 28.267606922469863, 0.0 ], [ 77.282465244783239, 28.267676700339109, 0.0 ], [ 77.282149549831857, 28.267891594893143, 0.0 ], [ 77.281612426764838, 28.268277096545326, 0.0 ], [ 77.280979831783881, 28.268761930435399, 0.0 ], [ 77.28051744613272, 28.269047740484158, 0.0 ], [ 77.279696285749438, 28.269666263453832, 0.0 ], [ 77.279689872033629, 28.269668618215373, 0.0 ], [ 77.279549211691361, 28.269710402100184, 0.0 ], [ 77.279516504821942, 28.269707425327475, 0.0 ], [ 77.279311577356196, 28.269681894311457, 0.0 ], [ 77.278977972163005, 28.269570161706174, 0.0 ], [ 77.278188895729713, 28.269127667433526, 0.0 ], [ 77.277538994391676, 28.268759542139968, 0.0 ], [ 77.276322528340401, 28.268107609078665, 0.0 ], [ 77.275807262142635, 28.267900817432551, 0.0 ], [ 77.275703393722395, 28.267859132133655, 0.0 ], [ 77.275674939842773, 28.267847713432477, 0.0 ], [ 77.275670038640072, 28.267844612559735, 0.0 ], [ 77.2751326026996, 28.267504850664661, 0.0 ], [ 77.274499341892678, 28.267199592972567, 0.0 ], [ 77.273820912410216, 28.266926666369702, 0.0 ], [ 77.273350760310194, 28.266623199578536, 0.0 ], [ 77.273243980843901, 28.266633998442448, 0.0 ], [ 77.273239964597806, 28.266636989721441, 0.0 ], [ 77.273230135558777, 28.266637611551381, 0.0 ], [ 77.273019463650272, 28.266790036187828, 0.0 ], [ 77.272722875942748, 28.26707866686883, 0.0 ], [ 77.272246704242434, 28.267520255115922, 0.0 ], [ 77.271782897280204, 28.267870266353381, 0.0 ], [ 77.271446858487593, 28.268066433295509, 0.0 ], [ 77.27128769715172, 28.268133512573659, 0.0 ], [ 77.27125045207552, 28.268149208768296, 0.0 ], [ 77.271237586084609, 28.268154630128507, 0.0 ], [ 77.270804262340647, 28.268532698224515, 0.0 ], [ 77.270320324454246, 28.268854825105226, 0.0 ], [ 77.27000206408313, 28.268975559651516, 0.0 ], [ 77.269996250618746, 28.268977765538427, 0.0 ], [ 77.269425062178982, 28.2690230382896, 0.0 ], [ 77.269043718383287, 28.26903425235394, 0.0 ], [ 77.269030854799965, 28.269034630933451, 0.0 ], [ 77.268612503941128, 28.269201843627677, 0.0 ], [ 77.268181981052109, 28.269451452235479, 0.0 ], [ 77.267595001431062, 28.269744266204917, 0.0 ], [ 77.26695760856424, 28.269971963912205, 0.0 ], [ 77.266457350294147, 28.27009187179965, 0.0 ], [ 77.266077862386965, 28.270189036461311, 0.0 ], [ 77.265852651762088, 28.270246698266828, 0.0 ], [ 77.26569009741759, 28.270288624276557, 0.0 ], [ 77.265519012189756, 28.270332751364165, 0.0 ], [ 77.265153675332215, 28.270445794290943, 0.0 ], [ 77.264819632326706, 28.270550195848415, 0.0 ], [ 77.26443640369196, 28.270657737334059, 0.0 ], [ 77.264148330495786, 28.270737173981683, 0.0 ], [ 77.263783175749623, 28.270819922537882, 0.0 ], [ 77.263503190301307, 28.270833586769882, 0.0 ], [ 77.26303691552063, 28.270954102245334, 0.0 ], [ 77.262856763653801, 28.271017953745947, 0.0 ], [ 77.262693207930582, 28.271073526138334, 0.0 ], [ 77.262410774937734, 28.271187989750324, 0.0 ], [ 77.262138706975961, 28.271302630270338, 0.0 ], [ 77.261929423598971, 28.271390814462073, 0.0 ], [ 77.26166345557445, 28.271520629167497, 0.0 ], [ 77.26136890759561, 28.271599810731942, 0.0 ], [ 77.261324624255536, 28.27160996357204, 0.0 ], [ 77.261125390343452, 28.27165233482495, 0.0 ], [ 77.260970220152487, 28.271645737436749, 0.0 ], [ 77.260773463103519, 28.271636737942465, 0.0 ], [ 77.260770357473177, 28.271637237022727, 0.0 ], [ 77.260762866773902, 28.271636918082852, 0.0 ], [ 77.260565154497328, 28.271670229108572, 0.0 ], [ 77.260478218038244, 28.271709761822894, 0.0 ], [ 77.26043871132832, 28.271727727637291, 0.0 ], [ 77.260429017401492, 28.271732135270064, 0.0 ], [ 77.260218120713347, 28.271893717707474, 0.0 ], [ 77.259988105894266, 28.271981542363076, 0.0 ], [ 77.259894724780153, 28.271991716739905, 0.0 ], [ 77.259782337946135, 28.272000528452388, 0.0 ], [ 77.259328860820389, 28.272003520857975, 0.0 ], [ 77.259315980265868, 28.272006637204907, 0.0 ], [ 77.259313668174585, 28.272006644193077, 0.0 ], [ 77.259257450690825, 28.272020801053372, 0.0 ], [ 77.258938362632648, 28.272101144221356, 0.0 ], [ 77.258449402650626, 28.272236141899448, 0.0 ], [ 77.258281223313986, 28.27228257463296, 0.0 ], [ 77.258251389190306, 28.272287040806152, 0.0 ], [ 77.257896358469196, 28.272340193816412, 0.0 ], [ 77.257149776141489, 28.272345686442947, 0.0 ], [ 77.257130246837932, 28.27234474863187, 0.0 ], [ 77.257066186806171, 28.271903679495139, 0.0 ], [ 77.256715622810773, 28.270401543882326, 0.0 ], [ 77.25638909299029, 28.26922106837403, 0.0 ], [ 77.256207123916283, 28.26853872141152, 0.0 ], [ 77.256101603049999, 28.268151403157464, 0.0 ], [ 77.256096285022821, 28.26792184856879, 0.0 ], [ 77.256055165187121, 28.267434678023299, 0.0 ], [ 77.256095667256801, 28.266535879574757, 0.0 ], [ 77.256131124785981, 28.26586645660365, 0.0 ], [ 77.256108640885103, 28.265003284930483, 0.0 ], [ 77.256150152039197, 28.264058606192897, 0.0 ], [ 77.256220328871052, 28.26322456483005, 0.0 ], [ 77.256328122000056, 28.262565565424087, 0.0 ], [ 77.256424542278836, 28.261952261109951, 0.0 ], [ 77.256714624835269, 28.261489152393857, 0.0 ], [ 77.256866157660028, 28.261198048950977, 0.0 ], [ 77.257038819537257, 28.260888951440869, 0.0 ], [ 77.257077774037555, 28.260531655774852, 0.0 ], [ 77.257024070868781, 28.260145227728565, 0.0 ], [ 77.256886458158604, 28.259803247594434, 0.0 ], [ 77.256475721008812, 28.259229322463018, 0.0 ], [ 77.256474102750019, 28.259227063242221, 0.0 ], [ 77.256032076794227, 28.258586116252051, 0.0 ], [ 77.255627267659122, 28.258138559270325, 0.0 ], [ 77.255247366173734, 28.258141098332736, 0.0 ], [ 77.255243655529085, 28.258141123352505, 0.0 ], [ 77.254969590296525, 28.258347505084227, 0.0 ], [ 77.254361502150402, 28.258658268587453, 0.0 ], [ 77.253449062256593, 28.259138171450829, 0.0 ], [ 77.25344061444541, 28.259142137635834, 0.0 ], [ 77.252614751707384, 28.259522737063794, 0.0 ], [ 77.251328204740659, 28.260130447146906, 0.0 ], [ 77.250200605459398, 28.260718812663725, 0.0 ], [ 77.250151688306332, 28.260750397023667, 0.0 ], [ 77.25006416336295, 28.260796123748342, 0.0 ], [ 77.24899707628856, 28.261348897253487, 0.0 ], [ 77.247456941396408, 28.261793033912635, 0.0 ], [ 77.246397796992142, 28.262414483484491, 0.0 ], [ 77.246106386873478, 28.262572590904341, 0.0 ], [ 77.245766622578216, 28.262934315063887, 0.0 ], [ 77.245255185711798, 28.263402901435011, 0.0 ], [ 77.243732633040167, 28.265013466272482, 0.0 ], [ 77.241673760895736, 28.266830221380935, 0.0 ], [ 77.241103931753713, 28.267137591199802, 0.0 ], [ 77.240040904727024, 28.267645234406739, 0.0 ], [ 77.238654007527174, 28.268670313443554, 0.0 ], [ 77.23843090989179, 28.268887801224285, 0.0 ], [ 77.237264602799655, 28.270024762304654, 0.0 ], [ 77.237232670338599, 28.270055891981382, 0.0 ], [ 77.237769102129505, 28.270980713001418, 0.0 ], [ 77.238636412430921, 28.272475940100843, 0.0 ], [ 77.238716244389011, 28.272695928313421, 0.0 ], [ 77.239085209356659, 28.273712657175171, 0.0 ], [ 77.239719718775504, 28.27507035283508, 0.0 ], [ 77.240805192974662, 28.277579016013881, 0.0 ], [ 77.241262041481605, 28.278336739091571, 0.0 ], [ 77.241868325425074, 28.279342297213582, 0.0 ], [ 77.241771566852236, 28.279379079287878, 0.0 ], [ 77.241404976623159, 28.279518434873744, 0.0 ], [ 77.240719276806018, 28.280024357792858, 0.0 ], [ 77.237311711697643, 28.282734919100392, 0.0 ], [ 77.23560243902979, 28.283794346216386, 0.0 ], [ 77.230858696419574, 28.287724900945172, 0.0 ], [ 77.228326550185216, 28.289547734613659, 0.0 ], [ 77.228324430034107, 28.289549260742383, 0.0 ], [ 77.227431609798771, 28.289148141432285, 0.0 ], [ 77.227014133122665, 28.289528288447677, 0.0 ], [ 77.226442712406126, 28.289124384271485, 0.0 ], [ 77.223746994688739, 28.28759105682467, 0.0 ], [ 77.221084919943138, 28.289832673350837, 0.0 ], [ 77.219832551119481, 28.290557698694883, 0.0 ], [ 77.218169887906697, 28.291577193875668, 0.0 ], [ 77.216857906612518, 28.292492059166211, 0.0 ], [ 77.216280436429955, 28.292894729248644, 0.0 ], [ 77.213966440080767, 28.294258118090102, 0.0 ], [ 77.213237518451351, 28.295056523034091, 0.0 ], [ 77.211623682200013, 28.296158161573889, 0.0 ], [ 77.208173115937726, 28.298907818732459, 0.0 ], [ 77.208139240942018, 28.298885873483709, 0.0 ], [ 77.207174220961363, 28.298260699835666, 0.0 ], [ 77.205128459336166, 28.294401116600159, 0.0 ], [ 77.204971708219119, 28.293531209073954, 0.0 ], [ 77.203772080632078, 28.292144218713517, 0.0 ], [ 77.200815878548909, 28.289413444712803, 0.0 ], [ 77.200792957526318, 28.289432540789658, 0.0 ], [ 77.195950242506711, 28.293466875739227, 0.0 ], [ 77.194739594660305, 28.293944191396861, 0.0 ], [ 77.194044536383601, 28.29420139474632, 0.0 ], [ 77.191629438410743, 28.296568017239768, 0.0 ], [ 77.191560476850455, 28.296635591769771, 0.0 ], [ 77.191531874542861, 28.296658744742583, 0.0 ], [ 77.189774513492594, 28.298081232079941, 0.0 ], [ 77.188805556645434, 28.298680645430437, 0.0 ], [ 77.188519053431051, 28.298309299492896, 0.0 ], [ 77.182849012904995, 28.302671473009021, 0.0 ], [ 77.179534330315391, 28.304447942412271, 0.0 ], [ 77.175491758883211, 28.305753925345432, 0.0 ], [ 77.1692134518605, 28.307512033982253, 0.0 ], [ 77.169160547473865, 28.307525883578908, 0.0 ], [ 77.166183535548896, 28.308305119947104, 0.0 ], [ 77.166659306791146, 28.310865413494703, 0.0 ], [ 77.164566282669881, 28.311523582127005, 0.0 ], [ 77.162016662733549, 28.312682798122616, 0.0 ], [ 77.162440508667245, 28.31507502241805, 0.0 ], [ 77.162395666669681, 28.315083143168376, 0.0 ], [ 77.158150620904749, 28.315851882126136, 0.0 ], [ 77.156857130442361, 28.317039320960884, 0.0 ], [ 77.156128975648286, 28.317707758397553, 0.0 ], [ 77.155668396031857, 28.320967239983158, 0.0 ], [ 77.155025548722776, 28.324570710981511, 0.0 ], [ 77.154624953517356, 28.327276064773315, 0.0 ], [ 77.154331433553182, 28.32938309342115, 0.0 ], [ 77.154002857522428, 28.330663227908904, 0.0 ], [ 77.153732716470401, 28.331452424417211, 0.0 ], [ 77.153148938474231, 28.332935136171866, 0.0 ], [ 77.153037769274064, 28.333492740209095, 0.0 ], [ 77.152048648776216, 28.337062174835857, 0.0 ], [ 77.151750626974788, 28.338342909841565, 0.0 ], [ 77.151592588329478, 28.33873704489578, 0.0 ], [ 77.151323249567355, 28.339693294244874, 0.0 ], [ 77.151164055075228, 28.340132553171411, 0.0 ], [ 77.15116535552005, 28.340281563421467, 0.0 ], [ 77.151073694532698, 28.341873416832247, 0.0 ], [ 77.151017502840133, 28.343475007080041, 0.0 ], [ 77.150826330381534, 28.344766900437104, 0.0 ], [ 77.150883927442834, 28.346108909913905, 0.0 ], [ 77.15081806204455, 28.346689986482094, 0.0 ], [ 77.150674955468432, 28.348497510227844, 0.0 ], [ 77.150662576311646, 28.349382138090654, 0.0 ], [ 77.150770068298286, 28.349569387454682, 0.0 ], [ 77.152133510256306, 28.351935217929782, 0.0 ], [ 77.152216195163078, 28.352094881352379, 0.0 ], [ 77.15229613701905, 28.353161938404625, 0.0 ], [ 77.152356335119265, 28.356002856277801, 0.0 ], [ 77.152043581813075, 28.35885889573213, 0.0 ], [ 77.151778909160882, 28.361630112957005, 0.0 ], [ 77.151560623548292, 28.362809025034071, 0.0 ], [ 77.151559870854243, 28.362813086304456, 0.0 ], [ 77.151393404797702, 28.362936171427457, 0.0 ], [ 77.150678335522386, 28.363156649147907, 0.0 ], [ 77.149396932923793, 28.363568961545589, 0.0 ], [ 77.149305945340927, 28.363734184845562, 0.0 ], [ 77.149249744990612, 28.363936218716958, 0.0 ], [ 77.14966073988856, 28.365429746187129, 0.0 ], [ 77.149756045789502, 28.365795757164154, 0.0 ], [ 77.149939625088209, 28.366500771309482, 0.0 ], [ 77.150162075163863, 28.366983766039905, 0.0 ], [ 77.150715804007817, 28.369085099688622, 0.0 ], [ 77.151713562774887, 28.372188507218471, 0.0 ], [ 77.152269027295716, 28.374623942983696, 0.0 ], [ 77.152871086223044, 28.376834569650114, 0.0 ], [ 77.153325680583166, 28.37842375172394, 0.0 ], [ 77.153564391779568, 28.379471386107536, 0.0 ], [ 77.153518358223323, 28.379474981345062, 0.0 ], [ 77.151530127184543, 28.37977388457826, 0.0 ], [ 77.150853460812513, 28.380085421952803, 0.0 ], [ 77.1508560594702, 28.380383435589984, 0.0 ], [ 77.151137790902396, 28.38154479809258, 0.0 ], [ 77.151277868392555, 28.382256384650098, 0.0 ], [ 77.151499056675718, 28.382590367258569, 0.0 ], [ 77.151675394952093, 28.383081462373941, 0.0 ], [ 77.151812992857757, 28.383490522620068, 0.0 ], [ 77.151916587743443, 28.384431623179555, 0.0 ], [ 77.152226201877113, 28.385101446489141, 0.0 ], [ 77.152680634715338, 28.386297851147607, 0.0 ], [ 77.152690829577821, 28.386898493427932, 0.0 ], [ 77.152977308500724, 28.388475279979613, 0.0 ], [ 77.15328786073654, 28.389109001378305, 0.0 ], [ 77.153724138582362, 28.389817464897757, 0.0 ], [ 77.1544668043841, 28.39052300712882, 0.0 ], [ 77.154851146269891, 28.390666109936358, 0.0 ], [ 77.155489809803655, 28.390845884275183, 0.0 ], [ 77.155965079922154, 28.391026913624977, 0.0 ], [ 77.156267135509623, 28.391394099816726, 0.0 ], [ 77.157349446885561, 28.392395327992666, 0.0 ], [ 77.157829183336361, 28.39280216809663, 0.0 ], [ 77.158856404081988, 28.393161220257209, 0.0 ], [ 77.159582341953893, 28.393523296393962, 0.0 ], [ 77.160914408569568, 28.394141216825052, 0.0 ], [ 77.162148745059127, 28.394386988380226, 0.0 ], [ 77.163037363900813, 28.394576214939722, 0.0 ], [ 77.164348250961709, 28.394823490153886, 0.0 ], [ 77.165468619975897, 28.394732890958341, 0.0 ], [ 77.165840030601004, 28.394582261447837, 0.0 ], [ 77.166582625156337, 28.394691816649541, 0.0 ], [ 77.167108445865097, 28.39509502400216, 0.0 ], [ 77.167853740644986, 28.395299432752392, 0.0 ], [ 77.16825903582253, 28.395221701834039, 0.0 ], [ 77.169155735451866, 28.394891878751991, 0.0 ], [ 77.169909324668751, 28.394568239181879, 0.0 ], [ 77.170668253477047, 28.395644207456677, 0.0 ], [ 77.171406396672239, 28.396936456889392, 0.0 ], [ 77.171863667983587, 28.398232162586602, 0.0 ], [ 77.172190103599888, 28.399453040818404, 0.0 ], [ 77.172571693215062, 28.400512486992181, 0.0 ], [ 77.173026103815616, 28.401519200813034, 0.0 ], [ 77.173399259943693, 28.402307605167643, 0.0 ], [ 77.17393803903019, 28.403410791261358, 0.0 ], [ 77.174449296463948, 28.404391535086422, 0.0 ], [ 77.174483149783498, 28.40466759121842, 0.0 ], [ 77.174528914541327, 28.404692695417864, 0.0 ], [ 77.17475569758264, 28.404760953092691, 0.0 ], [ 77.175213813077292, 28.405154498791038, 0.0 ], [ 77.17537437471367, 28.405462609491433, 0.0 ], [ 77.175542032561822, 28.405784335420378, 0.0 ], [ 77.176359939671755, 28.406331080070775, 0.0 ], [ 77.176714943808577, 28.406695261976349, 0.0 ], [ 77.177509413688355, 28.407360882201619, 0.0 ], [ 77.177938293844207, 28.407671310261065, 0.0 ], [ 77.179132831175949, 28.408087056378879, 0.0 ], [ 77.179864456691462, 28.408320245718848, 0.0 ], [ 77.180594423852725, 28.408626816387642, 0.0 ], [ 77.181192427641491, 28.408802574007645, 0.0 ], [ 77.182028639325807, 28.409000895736384, 0.0 ], [ 77.183103065839575, 28.409680612675622, 0.0 ], [ 77.183932650981376, 28.410172459964162, 0.0 ], [ 77.184373176977331, 28.410428013173231, 0.0 ], [ 77.185548022015951, 28.4098798113769, 0.0 ], [ 77.186797345124759, 28.409250325912019, 0.0 ], [ 77.187975273754901, 28.408564508556278, 0.0 ], [ 77.189005863593152, 28.407982951224497, 0.0 ], [ 77.189110655519642, 28.40792381560389, 0.0 ], [ 77.190506841574674, 28.40722347560321, 0.0 ], [ 77.190528004693306, 28.407205495449752, 0.0 ], [ 77.190730948443289, 28.407410960349729, 0.0 ], [ 77.190965262713306, 28.40761937584637, 0.0 ], [ 77.191036192757892, 28.407682465982749, 0.0 ], [ 77.191578404535747, 28.408031558367448, 0.0 ], [ 77.191815990285178, 28.408081629178213, 0.0 ], [ 77.192260659514531, 28.408153701352454, 0.0 ], [ 77.192518581767871, 28.408222481837967, 0.0 ], [ 77.192648741219529, 28.408159109912802, 0.0 ], [ 77.192791427279658, 28.408089636787746, 0.0 ], [ 77.192802009765259, 28.40808064750706, 0.0 ], [ 77.193235269233313, 28.408198399153093, 0.0 ], [ 77.193660710632145, 28.408310274648294, 0.0 ], [ 77.193833702094665, 28.40835576436249, 0.0 ], [ 77.194849814069883, 28.408401182252835, 0.0 ], [ 77.196032544674622, 28.408421995094745, 0.0 ], [ 77.196222364848623, 28.408419234850289, 0.0 ], [ 77.196498317450192, 28.408415219502018, 0.0 ], [ 77.196603571941935, 28.408413687107565, 0.0 ], [ 77.197254563455942, 28.408332209769274, 0.0 ], [ 77.197696435239507, 28.408276905395645, 0.0 ], [ 77.198776744108656, 28.408241132149453, 0.0 ], [ 77.198923182601902, 28.408236282721635, 0.0 ], [ 77.198963606196557, 28.408234943306926, 0.0 ], [ 77.199208409481969, 28.408187526281882, 0.0 ], [ 77.199224213702067, 28.408184464714584, 0.0 ], [ 77.199265507487908, 28.408194367217629, 0.0 ], [ 77.199309221497927, 28.408204275545131, 0.0 ], [ 77.199441054382177, 28.408234157588051, 0.0 ], [ 77.200011875353567, 28.408235012249069, 0.0 ], [ 77.200570673332138, 28.408309065780148, 0.0 ], [ 77.201129676042342, 28.408373943378482, 0.0 ], [ 77.202701706771435, 28.408621784757411, 0.0 ], [ 77.204013262476877, 28.408832801421305, 0.0 ], [ 77.204046113476437, 28.408838085495955, 0.0 ], [ 77.205460269482614, 28.40918407162588, 0.0 ], [ 77.206057282176218, 28.409405602634475, 0.0 ], [ 77.206097700044126, 28.409420725064841, 0.0 ], [ 77.206726306112984, 28.409655923553803, 0.0 ], [ 77.207148387658847, 28.409810146306068, 0.0 ], [ 77.207563796009282, 28.409799072084279, 0.0 ], [ 77.208207249559763, 28.409801169255161, 0.0 ], [ 77.208901755448878, 28.409840863619674, 0.0 ], [ 77.209370065870544, 28.409784827452594, 0.0 ], [ 77.210292204647018, 28.40985603129274, 0.0 ], [ 77.211439719585826, 28.410059645723269, 0.0 ], [ 77.213090277351711, 28.41051064249584, 0.0 ], [ 77.213902911955032, 28.410759094608782, 0.0 ], [ 77.21417268061559, 28.410841572893148, 0.0 ], [ 77.214935512923887, 28.411075144421162, 0.0 ], [ 77.215327099597275, 28.411201282169745, 0.0 ], [ 77.215748992972919, 28.411364656622233, 0.0 ], [ 77.215779915142747, 28.411374372605774, 0.0 ], [ 77.216006321841391, 28.411460916838426, 0.0 ], [ 77.216166456993051, 28.411261829207568, 0.0 ], [ 77.216380153331059, 28.41055947457032, 0.0 ], [ 77.216502509367118, 28.410157326649792, 0.0 ], [ 77.216605515084879, 28.409727823570417, 0.0 ], [ 77.216758885006371, 28.409831445208567, 0.0 ], [ 77.217449507923035, 28.410298577146222, 0.0 ], [ 77.217566625628365, 28.410377793780327, 0.0 ], [ 77.217825135915419, 28.410560483117653, 0.0 ], [ 77.218005993057247, 28.410688292867992, 0.0 ], [ 77.218343043433336, 28.410932768352314, 0.0 ], [ 77.219154893096302, 28.411295648112421, 0.0 ], [ 77.219842450367963, 28.411647177343774, 0.0 ], [ 77.220634376579682, 28.411972995161882, 0.0 ], [ 77.221437501649646, 28.412262296974614, 0.0 ], [ 77.221952374763063, 28.412445627161379, 0.0 ], [ 77.22249208876147, 28.412445856768706, 0.0 ], [ 77.222649337620112, 28.412460787891668, 0.0 ], [ 77.223320672831022, 28.412524532018349, 0.0 ], [ 77.224583791312369, 28.412665827955013, 0.0 ], [ 77.224644609662874, 28.412680992557068, 0.0 ], [ 77.225296003479542, 28.412843406838494, 0.0 ], [ 77.225863577853858, 28.412990936578513, 0.0 ], [ 77.225977093113912, 28.413020441549804, 0.0 ], [ 77.22732747148487, 28.413438532349456, 0.0 ], [ 77.22759539192549, 28.413525782930929, 0.0 ], [ 77.228521006233365, 28.413908944280855, 0.0 ], [ 77.228538790169679, 28.413919623069628, 0.0 ], [ 77.229039604621065, 28.414220337180957, 0.0 ], [ 77.229811572549664, 28.414683858541004, 0.0 ], [ 77.230926381723933, 28.415428179300381, 0.0 ], [ 77.232587423180178, 28.416815155828701, 0.0 ], [ 77.233572669407025, 28.417786616386685, 0.0 ], [ 77.233889426783463, 28.418012350280147, 0.0 ], [ 77.233961241229181, 28.418050303629776, 0.0 ], [ 77.234053605375806, 28.418097788265197, 0.0 ], [ 77.234839917196652, 28.418212373297425, 0.0 ], [ 77.235581267645273, 28.418482175867915, 0.0 ], [ 77.236256703254497, 28.418916007561354, 0.0 ], [ 77.236307767577969, 28.418953598054188, 0.0 ], [ 77.236899389331043, 28.419422680539778, 0.0 ], [ 77.237480638760758, 28.419891578767807, 0.0 ], [ 77.237816736079466, 28.420181875065428, 0.0 ], [ 77.237869209579884, 28.420256969565607, 0.0 ], [ 77.238017949174932, 28.420469831737481, 0.0 ], [ 77.238079221547949, 28.420524721678383, 0.0 ], [ 77.238414880668273, 28.420825415755484, 0.0 ], [ 77.238580488746209, 28.420846637578443, 0.0 ], [ 77.238723515822741, 28.42095005562922, 0.0 ], [ 77.23896824140644, 28.42101533938488, 0.0 ], [ 77.239471394815155, 28.421149556729102, 0.0 ], [ 77.239569666539083, 28.421175770196456, 0.0 ], [ 77.240634121995129, 28.421386907671081, 0.0 ], [ 77.241323624233232, 28.421655782956211, 0.0 ], [ 77.242331893570665, 28.421982293685144, 0.0 ], [ 77.242580967052604, 28.422062950428611, 0.0 ], [ 77.243609435871633, 28.422493678012366, 0.0 ], [ 77.243841698954142, 28.422613065389683, 0.0 ], [ 77.243886545230055, 28.422636116693695, 0.0 ], [ 77.244357647668139, 28.422793728763182, 0.0 ], [ 77.245454142923876, 28.42316056696351, 0.0 ], [ 77.245535156490035, 28.423187670316409, 0.0 ], [ 77.245978287555658, 28.423238125975217, 0.0 ], [ 77.247150386124687, 28.423371575029027, 0.0 ], [ 77.247732532880562, 28.423547926342156, 0.0 ], [ 77.247981342410512, 28.42362329796233, 0.0 ], [ 77.24798558438566, 28.423624582498984, 0.0 ], [ 77.247998704402335, 28.423633149469058, 0.0 ], [ 77.248793956658957, 28.4241524165835, 0.0 ], [ 77.248909063850931, 28.424124313623874, 0.0 ], [ 77.249180104143292, 28.424058141015827, 0.0 ], [ 77.249301986177002, 28.424179537466671, 0.0 ], [ 77.249323763916351, 28.424207817739578, 0.0 ], [ 77.249523983586258, 28.424467836974639, 0.0 ], [ 77.249739096754624, 28.425068012778496, 0.0 ], [ 77.249965803579769, 28.425613330720264, 0.0 ], [ 77.24999334292599, 28.42567916253028, 0.0 ], [ 77.250163003741747, 28.426084728124447, 0.0 ], [ 77.25024399017714, 28.426430854236258, 0.0 ], [ 77.250257857496706, 28.426490124767525, 0.0 ], [ 77.250561709557871, 28.42730288553976, 0.0 ], [ 77.250779059017134, 28.427802158330973, 0.0 ], [ 77.250953082919736, 28.428383267831371, 0.0 ], [ 77.251168007225886, 28.42899261276585, 0.0 ], [ 77.251353828400212, 28.429509691208285, 0.0 ], [ 77.251511961736867, 28.429870294939612, 0.0 ], [ 77.251658706145591, 28.430276581375132, 0.0 ], [ 77.251834761834672, 28.430765961004848, 0.0 ], [ 77.251901529651803, 28.43103322463034, 0.0 ], [ 77.252040734677337, 28.43131091432052, 0.0 ], [ 77.252145368124189, 28.431744002888436, 0.0 ], [ 77.252254859795954, 28.431956945160827, 0.0 ], [ 77.252420947083138, 28.432427798481029, 0.0 ], [ 77.252539603478183, 28.432695955690523, 0.0 ], [ 77.252638718754781, 28.432908717564001, 0.0 ], [ 77.251922101990118, 28.432923895582348, 0.0 ], [ 77.250521012367713, 28.432908910790182, 0.0 ], [ 77.249058472297691, 28.432856148970611, 0.0 ], [ 77.249057460133244, 28.432902014484156, 0.0 ], [ 77.248828761341088, 28.432916419139111, 0.0 ], [ 77.24892989685506, 28.433037456874061, 0.0 ], [ 77.248945530136695, 28.433090991066369, 0.0 ], [ 77.249045709419264, 28.433434035506512, 0.0 ], [ 77.249068533931975, 28.433519370098111, 0.0 ], [ 77.249132011869804, 28.433756692869185, 0.0 ], [ 77.249156459151592, 28.434059930871761, 0.0 ], [ 77.249339691235406, 28.435164243594595, 0.0 ], [ 77.249470993489396, 28.435799670701552, 0.0 ], [ 77.249566461249628, 28.436177542817997, 0.0 ], [ 77.249629986581994, 28.436591569047788, 0.0 ], [ 77.249707131062408, 28.436859009408057, 0.0 ], [ 77.249797738272747, 28.437457026710693, 0.0 ], [ 77.249859230713938, 28.437749854004004, 0.0 ], [ 77.249863493418687, 28.437770152735041, 0.0 ], [ 77.249861267102048, 28.437871052078883, 0.0 ], [ 77.249845883660882, 28.437915353399077, 0.0 ], [ 77.249750404468685, 28.438190307311761, 0.0 ], [ 77.249672293072607, 28.438436717371665, 0.0 ], [ 77.249596659307088, 28.439041040666616, 0.0 ], [ 77.249496827584778, 28.439800940984281, 0.0 ], [ 77.249499959372415, 28.440599323607394, 0.0 ], [ 77.249471148003352, 28.441433856616392, 0.0 ], [ 77.249461829659836, 28.441855799487705, 0.0 ], [ 77.249432971684016, 28.442222346458909, 0.0 ], [ 77.249388671230946, 28.44281803178751, 0.0 ], [ 77.249342906232386, 28.44300994078565, 0.0 ], [ 77.249321993815713, 28.443486738132187, 0.0 ], [ 77.249302500682703, 28.443899328016379, 0.0 ], [ 77.249260831225158, 28.444375767408374, 0.0 ], [ 77.249201491578901, 28.445182240581502, 0.0 ], [ 77.249165090101485, 28.445420191649667, 0.0 ], [ 77.249118918505076, 28.445630444932512, 0.0 ], [ 77.249088033107796, 28.446088717991501, 0.0 ], [ 77.248933869378789, 28.446957785571552, 0.0 ], [ 77.248179880028601, 28.448660698286943, 0.0 ], [ 77.24780451910685, 28.449672760420174, 0.0 ], [ 77.247140015009407, 28.451083572772109, 0.0 ], [ 77.246751825831851, 28.452205519896943, 0.0 ], [ 77.246637503125655, 28.452519866272425, 0.0 ], [ 77.246586008233763, 28.452661456464298, 0.0 ], [ 77.246567295767861, 28.452700568740845, 0.0 ], [ 77.246564236920491, 28.452706961094925, 0.0 ], [ 77.246194733109917, 28.4534530105832, 0.0 ], [ 77.245752980101258, 28.454179459143358, 0.0 ], [ 77.245339486161996, 28.454566883807676, 0.0 ], [ 77.244388350637536, 28.455321229605001, 0.0 ], [ 77.243380211069109, 28.455836008589618, 0.0 ], [ 77.242511454191899, 28.456151321138105, 0.0 ], [ 77.24184639436622, 28.456176521586809, 0.0 ], [ 77.240998578839537, 28.456015037913243, 0.0 ], [ 77.240306448315749, 28.455856244098452, 0.0 ], [ 77.239079501123371, 28.455467964617618, 0.0 ], [ 77.238666179976619, 28.45537822375719, 0.0 ], [ 77.238242277247451, 28.455297473484929, 0.0 ], [ 77.237329960171934, 28.455235787631523, 0.0 ], [ 77.235437160548798, 28.45490934920673, 0.0 ], [ 77.234413534544274, 28.454717253786807, 0.0 ], [ 77.23428799913421, 28.454995889847243, 0.0 ], [ 77.233572600465052, 28.456583739617347, 0.0 ], [ 77.233181710031005, 28.457474535853233, 0.0 ], [ 77.233157008170096, 28.457530827968188, 0.0 ], [ 77.232920110887648, 28.457912107575652, 0.0 ], [ 77.232927025206578, 28.458068218808634, 0.0 ], [ 77.232916278617125, 28.458103265879259, 0.0 ], [ 77.232915830799968, 28.458104728084727, 0.0 ], [ 77.233341214520081, 28.460052989866842, 0.0 ], [ 77.23453684249138, 28.465528618406374, 0.0 ], [ 77.234618240593193, 28.466071403726428, 0.0 ], [ 77.234844540659083, 28.467103020633417, 0.0 ], [ 77.235582679930246, 28.471097808686583, 0.0 ], [ 77.235586138650433, 28.47111652196455, 0.0 ], [ 77.235606491376572, 28.471135226293743, 0.0 ], [ 77.235610015297482, 28.471148805972462, 0.0 ], [ 77.235616056687277, 28.471172094996302, 0.0 ], [ 77.23583061398692, 28.471357329020258, 0.0 ], [ 77.235952287051816, 28.471462372539822, 0.0 ], [ 77.236835614517773, 28.472367727310534, 0.0 ], [ 77.238197062977846, 28.473721793062357, 0.0 ], [ 77.239564604745937, 28.475099293141799, 0.0 ], [ 77.23968005586876, 28.475215581154295, 0.0 ], [ 77.239847226343073, 28.475374500785893, 0.0 ], [ 77.240859797844166, 28.476337079535604, 0.0 ], [ 77.241620147218541, 28.477105272537052, 0.0 ], [ 77.242190393856575, 28.47768139100344, 0.0 ], [ 77.243297110646495, 28.478819954386392, 0.0 ], [ 77.243523861159559, 28.478897280374994, 0.0 ], [ 77.243594852947979, 28.478907831015757, 0.0 ], [ 77.243803330047569, 28.478938812242887, 0.0 ], [ 77.244153028331652, 28.479091665504406, 0.0 ], [ 77.245079180027048, 28.479474692410466, 0.0 ], [ 77.246150263731508, 28.479878567150532, 0.0 ], [ 77.2471343608387, 28.480285539530527, 0.0 ], [ 77.247446896164774, 28.48041478620798, 0.0 ], [ 77.248063144758333, 28.480652235347435, 0.0 ], [ 77.248867906658575, 28.480962315784009, 0.0 ], [ 77.24912905158655, 28.480893416141392, 0.0 ], [ 77.249431517075081, 28.480834403537902, 0.0 ], [ 77.249670683705574, 28.480820176285192, 0.0 ], [ 77.250246748880969, 28.481068676547469, 0.0 ], [ 77.250442771383973, 28.481127109411172, 0.0 ], [ 77.250938019414164, 28.481273280452477, 0.0 ], [ 77.251175162182832, 28.481350772453997, 0.0 ], [ 77.251309102514043, 28.481398959272326, 0.0 ], [ 77.251699934620305, 28.481570855325057, 0.0 ], [ 77.252390603949252, 28.481802969862912, 0.0 ], [ 77.253112013979305, 28.482053961951159, 0.0 ], [ 77.253720448991388, 28.482247952522851, 0.0 ], [ 77.254028643644787, 28.482400068121748, 0.0 ], [ 77.254812548955456, 28.482642952921221, 0.0 ], [ 77.255781295262793, 28.482980769392146, 0.0 ], [ 77.256905158946452, 28.483348774929606, 0.0 ], [ 77.257956764415141, 28.483697179513516, 0.0 ], [ 77.258771223012346, 28.483968096026999, 0.0 ], [ 77.259328577184263, 28.484124482303343, 0.0 ], [ 77.260431901158668, 28.48448293344423, 0.0 ], [ 77.261060920048592, 28.484686424033107, 0.0 ], [ 77.261441394709578, 28.484858117019641, 0.0 ], [ 77.261627048215075, 28.484916358431601, 0.0 ], [ 77.261977390490159, 28.485041654232202, 0.0 ], [ 77.262710428080624, 28.485237747787977, 0.0 ], [ 77.263504347196204, 28.485499111977482, 0.0 ], [ 77.264557198798727, 28.485792437996526, 0.0 ], [ 77.265135129508707, 28.485958332654931, 0.0 ], [ 77.265785330246288, 28.486143816266061, 0.0 ], [ 77.266313170457025, 28.486226268432809, 0.0 ], [ 77.267080186523657, 28.486294465598061, 0.0 ], [ 77.267856778401722, 28.48639952587305, 0.0 ], [ 77.268425743971818, 28.486501027457354, 0.0 ], [ 77.269275011128883, 28.486607324813576, 0.0 ], [ 77.269450891109841, 28.486637862206141, 0.0 ], [ 77.269714818961958, 28.487862720876951, 0.0 ], [ 77.269974883041343, 28.488316771536514, 0.0 ], [ 77.271018853263016, 28.489490745299758, 0.0 ], [ 77.271544428559807, 28.490151193780264, 0.0 ], [ 77.271573967146949, 28.490225103307928, 0.0 ], [ 77.271716295040378, 28.490365168588092, 0.0 ], [ 77.272059828702112, 28.49080229122093, 0.0 ], [ 77.272562106464093, 28.491104494560791, 0.0 ], [ 77.275225261877324, 28.492272789115567, 0.0 ], [ 77.275761350254299, 28.492507956061441, 0.0 ], [ 77.275823039323797, 28.492536536022854, 0.0 ], [ 77.276074760952653, 28.492898675037509, 0.0 ], [ 77.276237059963748, 28.493075779953866, 0.0 ], [ 77.276533722752006, 28.493282703714659, 0.0 ], [ 77.276770904311036, 28.493360157139456, 0.0 ], [ 77.27704941443298, 28.493447490345901, 0.0 ], [ 77.277680710573591, 28.493550020542589, 0.0 ], [ 77.278217569016292, 28.493696813038369, 0.0 ], [ 77.278516442727607, 28.493802842773416, 0.0 ], [ 77.278898373079485, 28.493910287392833, 0.0 ], [ 77.279633294899, 28.49402375329479, 0.0 ], [ 77.280534532073716, 28.494130874991015, 0.0 ], [ 77.281797942481987, 28.494299216549706, 0.0 ], [ 77.282998063784547, 28.494512347206548, 0.0 ], [ 77.283853774646616, 28.494802181553311, 0.0 ], [ 77.284546177243868, 28.494960776839257, 0.0 ], [ 77.285331621595915, 28.495139304514556, 0.0 ], [ 77.285857312672036, 28.49532258086969, 0.0 ], [ 77.287015509696829, 28.496030436959906, 0.0 ], [ 77.287481111627841, 28.49611175708058, 0.0 ], [ 77.287730885327349, 28.496088478702784, 0.0 ], [ 77.287956697622192, 28.496211598957039, 0.0 ], [ 77.288141979756077, 28.496288150416209, 0.0 ], [ 77.288697434932189, 28.49605903500747, 0.0 ], [ 77.288833602460514, 28.49600629650574, 0.0 ], [ 77.289101543915208, 28.496102604592586, 0.0 ], [ 77.289823311594006, 28.496344253206967, 0.0 ], [ 77.289865039184889, 28.496335787997126, 0.0 ], [ 77.290018177361915, 28.496457668304139, 0.0 ], [ 77.290265755627289, 28.496535276798042, 0.0 ], [ 77.290650699572907, 28.496505114455946, 0.0 ], [ 77.291235101874932, 28.496377410308664, 0.0 ], [ 77.292091038431678, 28.496180911019135, 0.0 ], [ 77.29250712747212, 28.496151273993672, 0.0 ], [ 77.292934395560465, 28.496085121753552, 0.0 ], [ 77.293319137993407, 28.496064124851536, 0.0 ], [ 77.293788334054511, 28.495980333235117, 0.0 ], [ 77.294380122959808, 28.49599037315409, 0.0 ], [ 77.294899634176645, 28.495980834245959, 0.0 ], [ 77.295305539041379, 28.495941840053039, 0.0 ], [ 77.295515575930068, 28.495835297945455, 0.0 ], [ 77.295915480080197, 28.495594343142347, 0.0 ], [ 77.295979566629441, 28.495512852223722, 0.0 ], [ 77.296158256491452, 28.495414952052826, 0.0 ], [ 77.29652382484187, 28.495320219984396, 0.0 ], [ 77.296973246622912, 28.495190207270149, 0.0 ], [ 77.297341801368376, 28.494957892641057, 0.0 ], [ 77.297554024591861, 28.494750455579105, 0.0 ], [ 77.29799584997447, 28.494491856024386, 0.0 ], [ 77.298374183400668, 28.494287232274317, 0.0 ], [ 77.29871798830014, 28.494238002917662, 0.0 ], [ 77.299228702105509, 28.494154897614258, 0.0 ], [ 77.299364066968025, 28.494138838631944, 0.0 ], [ 77.2996224265069, 28.494198265750072, 0.0 ], [ 77.300069455419859, 28.494178306451879, 0.0 ], [ 77.30041206566041, 28.494184105059194, 0.0 ], [ 77.300599339662796, 28.49416892471406, 0.0 ], [ 77.300684186565775, 28.49408778138374, 0.0 ], [ 77.300695891851419, 28.4940323101841, 0.0 ], [ 77.3006961025674, 28.494031309972335, 0.0 ], [ 77.300707337773517, 28.493978070502749, 0.0 ], [ 77.300670596181064, 28.493495552033263, 0.0 ], [ 77.300634584161486, 28.49302260072248, 0.0 ], [ 77.300599379506266, 28.492251274556203, 0.0 ], [ 77.300562982750051, 28.491534978419786, 0.0 ], [ 77.300593966833048, 28.491388138656433, 0.0 ], [ 77.300597708005938, 28.491370409159838, 0.0 ], [ 77.30059957666424, 28.491353780201713, 0.0 ], [ 77.30062344386684, 28.491141459327014, 0.0 ], [ 77.300605833423916, 28.490889803419556, 0.0 ], [ 77.300599656781188, 28.490801566847484, 0.0 ], [ 77.30067228948127, 28.49032567511621, 0.0 ], [ 77.300709401291314, 28.490051041582998, 0.0 ], [ 77.300786449459807, 28.489850486886109, 0.0 ], [ 77.301352034448712, 28.48963067102202, 0.0 ], [ 77.302258625208509, 28.489490025660775, 0.0 ], [ 77.302475448717331, 28.489548745999691, 0.0 ], [ 77.303058415008863, 28.48948520120943, 0.0 ], [ 77.304127932837304, 28.489494107589937, 0.0 ], [ 77.304803738308181, 28.489459651177448, 0.0 ], [ 77.305031739047493, 28.489481855481536, 0.0 ], [ 77.305665422870959, 28.489474209621068, 0.0 ], [ 77.306153958486803, 28.489454934754832, 0.0 ], [ 77.306529288966232, 28.489387870324702, 0.0 ], [ 77.307047715199317, 28.488947029772, 0.0 ], [ 77.307238752904681, 28.488757572227502, 0.0 ], [ 77.307693892475186, 28.488361537380882, 0.0 ], [ 77.307862972757931, 28.488226759577064, 0.0 ], [ 77.308607207147816, 28.487909003736693, 0.0 ], [ 77.30901863284295, 28.487613157981475, 0.0 ], [ 77.309302899862715, 28.487434443625748, 0.0 ], [ 77.309516211093623, 28.487324603964115, 0.0 ], [ 77.309544451481031, 28.487310062184012, 0.0 ], [ 77.309690585559053, 28.487275826258667, 0.0 ], [ 77.309794797089197, 28.487259232780392, 0.0 ], [ 77.309941328546273, 28.487206652545453, 0.0 ], [ 77.310121382033955, 28.487044530199057, 0.0 ], [ 77.310586094875305, 28.486685349406397, 0.0 ], [ 77.310787505182475, 28.486496061133604, 0.0 ], [ 77.31190974765596, 28.485479560538113, 0.0 ], [ 77.313064858282019, 28.484433265174445, 0.0 ], [ 77.31321276993728, 28.484316476128093, 0.0 ], [ 77.313774655785764, 28.483784587153824, 0.0 ], [ 77.313870858948334, 28.483657750829106, 0.0 ], [ 77.314100433040821, 28.483606564609101, 0.0 ], [ 77.314446668559128, 28.483924360407823, 0.0 ], [ 77.314947834241678, 28.4842814678358, 0.0 ], [ 77.315132521670591, 28.484385505622235, 0.0 ], [ 77.315523847921241, 28.48453890027864, 0.0 ], [ 77.315843493973048, 28.48464521202083, 0.0 ], [ 77.316593723488211, 28.485492803047972, 0.0 ], [ 77.316586804562959, 28.485813826722854, 0.0 ], [ 77.316657203544594, 28.486402238826408, 0.0 ], [ 77.316778816903252, 28.486541918083983, 0.0 ], [ 77.317631390979926, 28.486978328657003, 0.0 ], [ 77.318370762303658, 28.487366954552783, 0.0 ], [ 77.318699614080344, 28.487528465189008, 0.0 ], [ 77.318813415829183, 28.487548728609376, 0.0 ], [ 77.31896716526667, 28.487643067541338, 0.0 ], [ 77.319616071291208, 28.487892534593058, 0.0 ], [ 77.321343487245642, 28.488215168647326, 0.0 ], [ 77.322603736887771, 28.488529943028198, 0.0 ], [ 77.323293786881891, 28.488798437031484, 0.0 ], [ 77.324425721033194, 28.489285373203529, 0.0 ], [ 77.325699857088921, 28.489921492981253, 0.0 ], [ 77.326761364691009, 28.490094700233534, 0.0 ], [ 77.326827927853898, 28.490105560315449, 0.0 ], [ 77.326922490108345, 28.490538387735416, 0.0 ], [ 77.32712106835902, 28.49096378212117, 0.0 ], [ 77.327502190837279, 28.491594093163499, 0.0 ], [ 77.327534591665071, 28.491641939484165, 0.0 ], [ 77.327669565848765, 28.491841247627033, 0.0 ], [ 77.328690061565311, 28.49334813123718, 0.0 ], [ 77.329503859026843, 28.494627952046013, 0.0 ], [ 77.330126310168026, 28.495629305948885, 0.0 ], [ 77.330653602025691, 28.496225349723215, 0.0 ], [ 77.330916855412156, 28.496541714159822, 0.0 ], [ 77.331156987270973, 28.496967795610004, 0.0 ], [ 77.331551676506734, 28.497451512202961, 0.0 ], [ 77.331937362804794, 28.49787085028559, 0.0 ], [ 77.332532830617026, 28.498679057617213, 0.0 ], [ 77.332787087467707, 28.498931039819453, 0.0 ], [ 77.332817841851337, 28.498949904587075, 0.0 ], [ 77.33288105015167, 28.499037197579959, 0.0 ], [ 77.332898544212966, 28.499061356681711, 0.0 ], [ 77.333283257326883, 28.499526551817642, 0.0 ], [ 77.333666990822266, 28.500037603339635, 0.0 ], [ 77.334252685940072, 28.500818111372052, 0.0 ], [ 77.334199790248391, 28.500863103937334, 0.0 ], [ 77.334645239631442, 28.501402709035627, 0.0 ], [ 77.334949653270499, 28.50173810308225, 0.0 ], [ 77.335302841216532, 28.502221113717276, 0.0 ], [ 77.335144153416152, 28.502356090269867, 0.0 ], [ 77.335669731526679, 28.503034659841973, 0.0 ], [ 77.336053092964107, 28.503564046558534, 0.0 ], [ 77.335755695605627, 28.50387103561981, 0.0 ], [ 77.33587573771203, 28.504012823068123, 0.0 ], [ 77.335897524327208, 28.504038557144156, 0.0 ], [ 77.33572349723346, 28.504286314238357, 0.0 ], [ 77.335661834103377, 28.504374102900115, 0.0 ], [ 77.335769568932378, 28.504678682445668, 0.0 ], [ 77.336111797428231, 28.50518903022396, 0.0 ], [ 77.33677492264701, 28.505750612247532, 0.0 ], [ 77.337378895009536, 28.506164400103181, 0.0 ], [ 77.33801107890632, 28.506716283387021, 0.0 ], [ 77.338601462650331, 28.507221174153905, 0.0 ], [ 77.338612904433447, 28.50723095670978, 0.0 ], [ 77.33929564170127, 28.507847903772859, 0.0 ], [ 77.33987455368117, 28.508463114600225, 0.0 ], [ 77.340333965702158, 28.508837779568015, 0.0 ], [ 77.341395816405054, 28.510185866122704, 0.0 ], [ 77.342332687181894, 28.510577654655211, 0.0 ], [ 77.34246649939648, 28.510634934507387, 0.0 ], [ 77.343267605692205, 28.511061154973817, 0.0 ], [ 77.343704116753202, 28.511536352007248, 0.0 ], [ 77.344206272573601, 28.512342941342887, 0.0 ], [ 77.344447458041813, 28.51272313373871, 0.0 ], [ 77.344487622628876, 28.512788027387966, 0.0 ], [ 77.344548164233728, 28.512871609339161, 0.0 ], [ 77.344792873510485, 28.513086708025167, 0.0 ], [ 77.34485362700498, 28.513113934179668, 0.0 ], [ 77.34511183620188, 28.51322964242172, 0.0 ], [ 77.345433536837859, 28.513244170161535, 0.0 ], [ 77.34543412381916, 28.513216654989971, 0.0 ], [ 77.345453925496813, 28.513175209955548, 0.0 ], [ 77.345521271970284, 28.513034253474768, 0.0 ], [ 77.345546578492204, 28.512981287259016, 0.0 ], [ 77.345564597952006, 28.512943576114193, 0.0 ], [ 77.345568558750557, 28.512937874638077, 0.0 ], [ 77.345570025805827, 28.51293576403511, 0.0 ], [ 77.345570129716734, 28.512935616212243, 0.0 ], [ 77.345572795978384, 28.512931777733012, 0.0 ], [ 77.345576332356103, 28.512926689422002, 0.0 ], [ 77.346100407644371, 28.512172611216901, 0.0 ], [ 77.346617068642843, 28.511544443278108, 0.0 ], [ 77.346889523862572, 28.511213183413577, 0.0 ], [ 77.347129598740807, 28.510964064958543, 0.0 ], [ 77.347611830733655, 28.510463663019557, 0.0 ], [ 77.34761150508831, 28.510460325237776, 0.0 ], [ 77.347577724686332, 28.510114444163285, 0.0 ], [ 77.347494827689616, 28.509617611378054, 0.0 ], [ 77.347431281391835, 28.508212768031214, 0.0 ], [ 77.347285845201412, 28.506751508198739, 0.0 ], [ 77.34728540618552, 28.505797286509591, 0.0 ], [ 77.34773512847616, 28.504189940465423, 0.0 ], [ 77.347740756430028, 28.504183631673214, 0.0 ], [ 77.348151336765739, 28.503723338985861, 0.0 ], [ 77.348501266101252, 28.503331038063106, 0.0 ], [ 77.348503394930091, 28.503328522774495, 0.0 ], [ 77.348746325580748, 28.503041505685925, 0.0 ], [ 77.349494418429146, 28.502053842627969, 0.0 ], [ 77.349495870519831, 28.502052718034914, 0.0 ], [ 77.350085815114582, 28.501595733992232, 0.0 ], [ 77.351328618049493, 28.500379386737759, 0.0 ], [ 77.351634488713898, 28.500080021101486, 0.0 ], [ 77.351637060939296, 28.500078529731486, 0.0 ], [ 77.352465255220508, 28.499598350223209, 0.0 ] ] ] } },
{ "type": "Feature", "properties": { "DISTRICT": "GURUGRAM", "DIST_LGD": "086", "STATE_UT": "HARYANA" }, "geometry": { "type": "Polygon", "coordinates": [ [ [ 77.008844374210597, 28.540342386245769, 0.0 ], [ 77.009469182296229, 28.539922035607141, 0.0 ], [ 77.009862694916961, 28.540309513420631, 0.0 ], [ 77.009902888290185, 28.540346728354972, 0.0 ], [ 77.010112138158661, 28.540540471505796, 0.0 ], [ 77.010217267383055, 28.540623936217592, 0.0 ], [ 77.010382841404024, 28.540550647875481, 0.0 ], [ 77.01048673355892, 28.540489611876716, 0.0 ], [ 77.011078045118765, 28.54037365321928, 0.0 ], [ 77.011360497351944, 28.540318261258118, 0.0 ], [ 77.011704552978514, 28.540262245547581, 0.0 ], [ 77.012057255972081, 28.540265104836418, 0.0 ], [ 77.01262124978642, 28.540264251637527, 0.0 ], [ 77.013064507681264, 28.540263581064764, 0.0 ], [ 77.013395957042505, 28.540254258717301, 0.0 ], [ 77.013432903400442, 28.540253219064958, 0.0 ], [ 77.013545603885305, 28.540235752127007, 0.0 ], [ 77.013792287081543, 28.540197520688189, 0.0 ], [ 77.014156539343162, 28.540150951865026, 0.0 ], [ 77.014769931808985, 28.539965113013526, 0.0 ], [ 77.015120423432677, 28.53985956245371, 0.0 ], [ 77.015435508956955, 28.539739727471808, 0.0 ], [ 77.016627927240179, 28.539123519483002, 0.0 ], [ 77.017742117194103, 28.538564363772473, 0.0 ], [ 77.017759619815493, 28.538483462435622, 0.0 ], [ 77.017925509954011, 28.538207005249685, 0.0 ], [ 77.017893687245873, 28.537867731586566, 0.0 ], [ 77.018004536575745, 28.537355356220569, 0.0 ], [ 77.018318124380926, 28.537100038500359, 0.0 ], [ 77.01860435126595, 28.536911874879443, 0.0 ], [ 77.018886312279093, 28.53669201552438, 0.0 ], [ 77.01907923418355, 28.536551565546674, 0.0 ], [ 77.019732592269889, 28.536208522331226, 0.0 ], [ 77.02003378098091, 28.536034211849731, 0.0 ], [ 77.020339596923975, 28.535878056604631, 0.0 ], [ 77.021151664903684, 28.535335150009008, 0.0 ], [ 77.021448343893042, 28.535138167999033, 0.0 ], [ 77.021718869440591, 28.534963213709762, 0.0 ], [ 77.021802433028427, 28.534897233200489, 0.0 ], [ 77.022629093929737, 28.534381713454255, 0.0 ], [ 77.022883202541522, 28.534247050460813, 0.0 ], [ 77.023029647910292, 28.53412368545165, 0.0 ], [ 77.023767291040514, 28.533303813004395, 0.0 ], [ 77.024038895059164, 28.533088244372497, 0.0 ], [ 77.024353350773708, 28.53299095279333, 0.0 ], [ 77.025331755368271, 28.532726894289507, 0.0 ], [ 77.025671875964917, 28.532625620491057, 0.0 ], [ 77.026012118410236, 28.532519834073668, 0.0 ], [ 77.026331798464554, 28.532418132814314, 0.0 ], [ 77.027009266847941, 28.532319363391196, 0.0 ], [ 77.027352810038707, 28.532281364548801, 0.0 ], [ 77.027716909588065, 28.532239277872563, 0.0 ], [ 77.027983326876125, 28.532217732991633, 0.0 ], [ 77.028702631494056, 28.532083706966993, 0.0 ], [ 77.029072442245834, 28.532019162869911, 0.0 ], [ 77.029344617132892, 28.531981583908333, 0.0 ], [ 77.029441889935754, 28.531968153640253, 0.0 ], [ 77.030057918236437, 28.531872609180521, 0.0 ], [ 77.030306302743242, 28.531760387315181, 0.0 ], [ 77.030393645690296, 28.531744144767199, 0.0 ], [ 77.031113304375822, 28.531596571059669, 0.0 ], [ 77.031400998953174, 28.531543858637054, 0.0 ], [ 77.031763292068234, 28.531569447077008, 0.0 ], [ 77.032004217934471, 28.531353228640345, 0.0 ], [ 77.032231020069034, 28.531091567740724, 0.0 ], [ 77.032416582566526, 28.530842593650515, 0.0 ], [ 77.032537825450333, 28.530705154932889, 0.0 ], [ 77.032918027976379, 28.530442164428287, 0.0 ], [ 77.033198864166067, 28.530262891357843, 0.0 ], [ 77.033495030677884, 28.530083935887291, 0.0 ], [ 77.033796543349297, 28.529896060992208, 0.0 ], [ 77.034612897081573, 28.529380266685031, 0.0 ], [ 77.034924625269056, 28.529192603279018, 0.0 ], [ 77.035434231949523, 28.528869086595734, 0.0 ], [ 77.036056962580417, 28.528520828244563, 0.0 ], [ 77.036378545463521, 28.5283469104251, 0.0 ], [ 77.037337698055069, 28.527843096524798, 0.0 ], [ 77.037544951738496, 28.52773904022726, 0.0 ], [ 77.037861300677406, 28.527569526173416, 0.0 ], [ 77.039013443522023, 28.526920714571276, 0.0 ], [ 77.039335136935776, 28.526742278374897, 0.0 ], [ 77.040803604100986, 28.525923936792399, 0.0 ], [ 77.041950605401027, 28.525275000166115, 0.0 ], [ 77.042261711472392, 28.525109882929598, 0.0 ], [ 77.04257281773468, 28.524944765980539, 0.0 ], [ 77.042998002692414, 28.524718802982161, 0.0 ], [ 77.043102342321646, 28.524639697189333, 0.0 ], [ 77.04317008144973, 28.524591437042407, 0.0 ], [ 77.043369380465847, 28.524401427969963, 0.0 ], [ 77.043877070095078, 28.523955947037066, 0.0 ], [ 77.04462372690935, 28.52336642135116, 0.0 ], [ 77.044910956029312, 28.523137596676683, 0.0 ], [ 77.045207444461312, 28.522945082354873, 0.0 ], [ 77.045998634931451, 28.522410651558332, 0.0 ], [ 77.046279911432762, 28.52221330519798, 0.0 ], [ 77.046561068488501, 28.522020471223378, 0.0 ], [ 77.047357475480297, 28.521481625601442, 0.0 ], [ 77.047653956160104, 28.52128910715658, 0.0 ], [ 77.047976218159349, 28.521088090960891, 0.0 ], [ 77.048512018791726, 28.520737986919613, 0.0 ], [ 77.048297032406509, 28.520363326161579, 0.0 ], [ 77.04820925859859, 28.520203489949765, 0.0 ], [ 77.048009003238988, 28.519851706197102, 0.0 ], [ 77.047428084571123, 28.518819335731752, 0.0 ], [ 77.04721773514072, 28.518462825192547, 0.0 ], [ 77.04665594818573, 28.517480508121555, 0.0 ], [ 77.046450834408049, 28.517119588536513, 0.0 ], [ 77.046242047331845, 28.516704414675857, 0.0 ], [ 77.046440174244879, 28.516654337482638, 0.0 ], [ 77.046572919789327, 28.516615963627824, 0.0 ], [ 77.046574743254823, 28.516620325391916, 0.0 ], [ 77.046638300998382, 28.516604260039482, 0.0 ], [ 77.046988454305961, 28.516507666048231, 0.0 ], [ 77.047328031616871, 28.516424394413221, 0.0 ], [ 77.047718933955977, 28.51633315552105, 0.0 ], [ 77.048314310196758, 28.516241632477183, 0.0 ], [ 77.048688927941598, 28.516186171792729, 0.0 ], [ 77.049032773160022, 28.516134590910685, 0.0 ], [ 77.049279192300901, 28.516094537716224, 0.0 ], [ 77.049814095137691, 28.515970152837131, 0.0 ], [ 77.050015490334175, 28.515893049759015, 0.0 ], [ 77.050335344767817, 28.515782276395512, 0.0 ], [ 77.050675992614984, 28.515658388149198, 0.0 ], [ 77.051615234351658, 28.515321127197172, 0.0 ], [ 77.051955997991911, 28.51519272405292, 0.0 ], [ 77.05231196884813, 28.515069147601334, 0.0 ], [ 77.053225656693783, 28.514731349690688, 0.0 ], [ 77.053555961690691, 28.514611756350405, 0.0 ], [ 77.05483071479172, 28.51415047505953, 0.0 ], [ 77.055166124018058, 28.514030983599973, 0.0 ], [ 77.055625694396682, 28.513855362356662, 0.0 ], [ 77.056430528247745, 28.513573992334663, 0.0 ], [ 77.056766054636171, 28.51344998443388, 0.0 ], [ 77.057478449623602, 28.51318476205509, 0.0 ], [ 77.058025696256649, 28.51297933677165, 0.0 ], [ 77.058371553099761, 28.512851024658787, 0.0 ], [ 77.058691510337894, 28.512735722838428, 0.0 ], [ 77.058949566665575, 28.512641718157049, 0.0 ], [ 77.059685109905033, 28.512467258739505, 0.0 ], [ 77.060014687143521, 28.512374726835972, 0.0 ], [ 77.060363742427555, 28.512318713362877, 0.0 ], [ 77.0611010537651, 28.512270700886141, 0.0 ], [ 77.061374500853077, 28.512294267271635, 0.0 ], [ 77.061376442533458, 28.512294434255349, 0.0 ], [ 77.061728221758983, 28.512328771892413, 0.0 ], [ 77.062079883218757, 28.512367620855514, 0.0 ], [ 77.063082352191145, 28.512537257210287, 0.0 ], [ 77.06344351752422, 28.512603387645527, 0.0 ], [ 77.06380124118904, 28.512606238460794, 0.0 ], [ 77.064271116841269, 28.512620427348946, 0.0 ], [ 77.064711522843083, 28.512560665081217, 0.0 ], [ 77.064820001461442, 28.512545944027263, 0.0 ], [ 77.065173687815289, 28.512508073407751, 0.0 ], [ 77.065518227223123, 28.512429383224806, 0.0 ], [ 77.066462028916391, 28.512110189126979, 0.0 ], [ 77.066817259353314, 28.512013655852087, 0.0 ], [ 77.066958835053299, 28.512200882378654, 0.0 ], [ 77.066980252774258, 28.512229206033918, 0.0 ], [ 77.067008076552909, 28.51226379039149, 0.0 ], [ 77.067227714561668, 28.512536787368344, 0.0 ], [ 77.067605978073473, 28.512923812080565, 0.0 ], [ 77.067834791411059, 28.513163287501438, 0.0 ], [ 77.068006698058767, 28.513428682667467, 0.0 ], [ 77.068548674923989, 28.514198311996655, 0.0 ], [ 77.068740660712365, 28.51447766267621, 0.0 ], [ 77.068818584520983, 28.514598668470299, 0.0 ], [ 77.068917440978481, 28.514752184427227, 0.0 ], [ 77.06952192596323, 28.515477947019292, 0.0 ], [ 77.069735182880777, 28.515726127334698, 0.0 ], [ 77.069974342131104, 28.515961295413842, 0.0 ], [ 77.070263520443334, 28.516238124722626, 0.0 ], [ 77.070568501433613, 28.516691354993814, 0.0 ], [ 77.070740419888011, 28.516956743034772, 0.0 ], [ 77.07089665435781, 28.517235355168992, 0.0 ], [ 77.071184532334115, 28.51775595168634, 0.0 ], [ 77.071324490727989, 28.51807034587863, 0.0 ], [ 77.071434392989886, 28.518361547963988, 0.0 ], [ 77.071508057032105, 28.518670066149333, 0.0 ], [ 77.071771231655461, 28.519546820162834, 0.0 ], [ 77.07181448297365, 28.519845682020264, 0.0 ], [ 77.071762564188916, 28.520070354388789, 0.0 ], [ 77.071795239284867, 28.520188410121424, 0.0 ], [ 77.072303515255257, 28.51990989960477, 0.0 ], [ 77.072893530565878, 28.519633067306955, 0.0 ], [ 77.072928246883635, 28.519614452, 0.0 ], [ 77.07320980448398, 28.519463481839626, 0.0 ], [ 77.074085434736716, 28.519016430257594, 0.0 ], [ 77.074411566858501, 28.518860590589654, 0.0 ], [ 77.075007156283206, 28.518565804721817, 0.0 ], [ 77.075175630342898, 28.518573776378965, 0.0 ], [ 77.075694117369281, 28.518489600358532, 0.0 ], [ 77.07602250741563, 28.518442157569542, 0.0 ], [ 77.076371333484005, 28.518395132743819, 0.0 ], [ 77.077391554575755, 28.518280604705552, 0.0 ], [ 77.077745367683377, 28.518238194415737, 0.0 ], [ 77.078421987735453, 28.51816628015299, 0.0 ], [ 77.079129378658124, 28.518090480205821, 0.0 ], [ 77.079472974639685, 28.518047855130945, 0.0 ], [ 77.079842114038883, 28.518005754784546, 0.0 ], [ 77.080421070519634, 28.517954405892031, 0.0 ], [ 77.080808379031239, 28.517804320168363, 0.0 ], [ 77.081143413006615, 28.517698311769699, 0.0 ], [ 77.081534999224473, 28.51757991405584, 0.0 ], [ 77.082436855026813, 28.517300400463046, 0.0 ], [ 77.082781866720907, 28.517203623420112, 0.0 ], [ 77.083132223940311, 28.517097924101545, 0.0 ], [ 77.084080522957152, 28.516801291737664, 0.0 ], [ 77.084425533070601, 28.516704509249845, 0.0 ], [ 77.084765787687033, 28.516594084467396, 0.0 ], [ 77.085739385988234, 28.516306991756235, 0.0 ], [ 77.08606383834578, 28.51621429934622, 0.0 ], [ 77.086455414109636, 28.516095892014757, 0.0 ], [ 77.087748464059104, 28.515711475567947, 0.0 ], [ 77.088052714647816, 28.515609338614464, 0.0 ], [ 77.089016196785551, 28.515317502956613, 0.0 ], [ 77.089356088397636, 28.51522060713285, 0.0 ], [ 77.089686117752521, 28.51510996221354, 0.0 ], [ 77.090644363716535, 28.514822525238344, 0.0 ], [ 77.090994705455742, 28.514716809141639, 0.0 ], [ 77.091329366523368, 28.514624315994265, 0.0 ], [ 77.092287840761983, 28.514327844745704, 0.0 ], [ 77.092622736646064, 28.514226324660385, 0.0 ], [ 77.092978301335975, 28.514116194311498, 0.0 ], [ 77.093132032716341, 28.51410127143355, 0.0 ], [ 77.093447789283431, 28.513949697289782, 0.0 ], [ 77.093863322065218, 28.513696317535654, 0.0 ], [ 77.094164459738636, 28.513517354270927, 0.0 ], [ 77.094480802710038, 28.513343216521275, 0.0 ], [ 77.095326713157633, 28.512854812386198, 0.0 ], [ 77.095617391328361, 28.512684663130536, 0.0 ], [ 77.095939193862662, 28.512497090012605, 0.0 ], [ 77.096764302245816, 28.512021797774079, 0.0 ], [ 77.09707042118275, 28.511847446488556, 0.0 ], [ 77.097371313274706, 28.511677501787748, 0.0 ], [ 77.098252722461709, 28.511198836619641, 0.0 ], [ 77.098527713904133, 28.511041906113821, 0.0 ], [ 77.098342071304899, 28.510713064113745, 0.0 ], [ 77.097897109302764, 28.509941009948204, 0.0 ], [ 77.09773583501098, 28.509657809650815, 0.0 ], [ 77.097099783133231, 28.508570338591198, 0.0 ], [ 77.096943150678825, 28.508305290373361, 0.0 ], [ 77.096678965297187, 28.507852945058129, 0.0 ], [ 77.096322437977179, 28.507218126861595, 0.0 ], [ 77.096161288554299, 28.506930411634801, 0.0 ], [ 77.095921472652805, 28.506523707558436, 0.0 ], [ 77.096188245568399, 28.506289863544232, 0.0 ], [ 77.096548381732731, 28.506003743575931, 0.0 ], [ 77.096809217021004, 28.505801381197728, 0.0 ], [ 77.097115085152012, 28.505636052467466, 0.0 ], [ 77.097473095322329, 28.505431153515147, 0.0 ], [ 77.097970559286381, 28.505170403684758, 0.0 ], [ 77.098292102407456, 28.504991849785604, 0.0 ], [ 77.098633842374653, 28.504822734380834, 0.0 ], [ 77.099482901124006, 28.504406609515602, 0.0 ], [ 77.099808840255875, 28.50425523015377, 0.0 ], [ 77.100171242224661, 28.504077503429954, 0.0 ], [ 77.101019819377669, 28.503679419496695, 0.0 ], [ 77.101350509976086, 28.503541678120339, 0.0 ], [ 77.101680376943563, 28.503435522179288, 0.0 ], [ 77.102185333450592, 28.503278751615465, 0.0 ], [ 77.10265511863507, 28.503098689970724, 0.0 ], [ 77.102949342157004, 28.50298729149392, 0.0 ], [ 77.104504890331086, 28.502328168832285, 0.0 ], [ 77.108299161028356, 28.500201682647177, 0.0 ], [ 77.108651030314405, 28.500004469160221, 0.0 ], [ 77.108669539344277, 28.499994096052593, 0.0 ], [ 77.10918916596809, 28.499760843570684, 0.0 ], [ 77.112180453886353, 28.498408388025332, 0.0 ], [ 77.114650786028548, 28.497338773697567, 0.0 ], [ 77.116970622652403, 28.496356366132364, 0.0 ], [ 77.117941953978615, 28.496339858311153, 0.0 ], [ 77.120728165507501, 28.495940766146962, 0.0 ], [ 77.12073213166714, 28.495940198226155, 0.0 ], [ 77.119693199622063, 28.49244322520266, 0.0 ], [ 77.119189746706837, 28.48997727876996, 0.0 ], [ 77.118565273595024, 28.488052482856983, 0.0 ], [ 77.118536649562927, 28.487964252105055, 0.0 ], [ 77.117469854681048, 28.485550122205844, 0.0 ], [ 77.116223871683658, 28.484139060367607, 0.0 ], [ 77.115542835793434, 28.483208891577959, 0.0 ], [ 77.11491753105723, 28.481507892017319, 0.0 ], [ 77.114686192519997, 28.480970522637762, 0.0 ], [ 77.114652603744872, 28.480744435840961, 0.0 ], [ 77.113859513299957, 28.475405663867598, 0.0 ], [ 77.112966288984012, 28.471229865360215, 0.0 ], [ 77.110984809979982, 28.471397442971405, 0.0 ], [ 77.110777561024889, 28.471311989852925, 0.0 ], [ 77.111610880282939, 28.470058306665507, 0.0 ], [ 77.111713195624731, 28.469904376665106, 0.0 ], [ 77.113751224131775, 28.467354335228158, 0.0 ], [ 77.114392444907878, 28.466265785579264, 0.0 ], [ 77.116259867086356, 28.463789002566244, 0.0 ], [ 77.116835735817062, 28.462835454812371, 0.0 ], [ 77.1168362745981, 28.462834563475187, 0.0 ], [ 77.117827977141829, 28.461941963023911, 0.0 ], [ 77.118410031649006, 28.461418064373436, 0.0 ], [ 77.118964636457051, 28.460918863570601, 0.0 ], [ 77.118970172939285, 28.460913880123154, 0.0 ], [ 77.119509902018777, 28.460462346516707, 0.0 ], [ 77.121847036162123, 28.458507047627325, 0.0 ], [ 77.122584477407614, 28.454477001246531, 0.0 ], [ 77.122674933741592, 28.453773175699968, 0.0 ], [ 77.122675184470282, 28.453771222045603, 0.0 ], [ 77.122945264707539, 28.45166968635672, 0.0 ], [ 77.123153310155786, 28.450050787353774, 0.0 ], [ 77.123629407853997, 28.445455659782766, 0.0 ], [ 77.123762341846003, 28.445334540384025, 0.0 ], [ 77.123762270367209, 28.445334488624962, 0.0 ], [ 77.123796095794944, 28.445303672304675, 0.0 ], [ 77.123796109030906, 28.445303773481932, 0.0 ], [ 77.124713855131589, 28.444467567967877, 0.0 ], [ 77.128593074387055, 28.440932813317477, 0.0 ], [ 77.128905405584973, 28.44070434584912, 0.0 ], [ 77.130572480994871, 28.440625010626047, 0.0 ], [ 77.131412904337978, 28.440610402450897, 0.0 ], [ 77.13141558802235, 28.440610356237201, 0.0 ], [ 77.131684063710949, 28.439902469257941, 0.0 ], [ 77.132014065012171, 28.439372379624242, 0.0 ], [ 77.132014370117659, 28.439371888677201, 0.0 ], [ 77.132326691166497, 28.43914341212836, 0.0 ], [ 77.135389062580202, 28.438428425442588, 0.0 ], [ 77.138451964158918, 28.437492175132544, 0.0 ], [ 77.141077101683123, 28.436696070406484, 0.0 ], [ 77.141994814500833, 28.437156865436332, 0.0 ], [ 77.142444619758706, 28.437341936413553, 0.0 ], [ 77.14316054645073, 28.437306610228905, 0.0 ], [ 77.148048869614598, 28.437395321113222, 0.0 ], [ 77.148309289000068, 28.437400044293675, 0.0 ], [ 77.149084148337195, 28.436735634165821, 0.0 ], [ 77.151638388637707, 28.434545399130268, 0.0 ], [ 77.152667820452777, 28.43366263665725, 0.0 ], [ 77.15267674139325, 28.433654986971373, 0.0 ], [ 77.155066031558462, 28.432086463407067, 0.0 ], [ 77.158401910346143, 28.430645097273125, 0.0 ], [ 77.159219945106756, 28.430338843871862, 0.0 ], [ 77.160737635215668, 28.429770639500283, 0.0 ], [ 77.161855217761939, 28.429201476539088, 0.0 ], [ 77.162295829558389, 28.428939460718343, 0.0 ], [ 77.162295974780548, 28.428939374293162, 0.0 ], [ 77.162357151436296, 28.428883775514123, 0.0 ], [ 77.162844452501332, 28.428441255481669, 0.0 ], [ 77.162846992259404, 28.428438583564429, 0.0 ], [ 77.162850119224345, 28.428435744079085, 0.0 ], [ 77.164785894791478, 28.426402468194834, 0.0 ], [ 77.164786257433107, 28.426402087401438, 0.0 ], [ 77.165092565516957, 28.426205023021588, 0.0 ], [ 77.165896204237427, 28.42571274694448, 0.0 ], [ 77.165922030408609, 28.425696926330243, 0.0 ], [ 77.165927756080492, 28.425693419982181, 0.0 ], [ 77.16569461604378, 28.423413501186403, 0.0 ], [ 77.165533451995316, 28.42011022190708, 0.0 ], [ 77.164979708229012, 28.41778780970149, 0.0 ], [ 77.164863183619076, 28.416345374680773, 0.0 ], [ 77.164842485032707, 28.414949987543849, 0.0 ], [ 77.165167170235321, 28.414229605856949, 0.0 ], [ 77.165732712140326, 28.413890744580975, 0.0 ], [ 77.16629753328229, 28.413552312508763, 0.0 ], [ 77.168097079726905, 28.412573568939816, 0.0 ], [ 77.16809936965349, 28.412572324912112, 0.0 ], [ 77.168961959809792, 28.411781347642606, 0.0 ], [ 77.169810789334534, 28.410451478361853, 0.0 ], [ 77.169812757790623, 28.410448392349966, 0.0 ], [ 77.17092409669857, 28.409430994697285, 0.0 ], [ 77.171135293618676, 28.409237646412148, 0.0 ], [ 77.171226493493023, 28.408661599240201, 0.0 ], [ 77.171316134523707, 28.407945571290188, 0.0 ], [ 77.171445364980698, 28.406266941265869, 0.0 ], [ 77.171445573998966, 28.406264226838072, 0.0 ], [ 77.172046934526222, 28.405905958759472, 0.0 ], [ 77.173797791418437, 28.4049158578913, 0.0 ], [ 77.174483149783498, 28.40466759121842, 0.0 ], [ 77.174449296463948, 28.404391535086422, 0.0 ], [ 77.17393803903019, 28.403410791261358, 0.0 ], [ 77.173399259943693, 28.402307605167643, 0.0 ], [ 77.173026103815616, 28.401519200813034, 0.0 ], [ 77.172571693215062, 28.400512486992181, 0.0 ], [ 77.172190103599888, 28.399453040818404, 0.0 ], [ 77.171863667983587, 28.398232162586602, 0.0 ], [ 77.171406396672239, 28.396936456889392, 0.0 ], [ 77.170668253477047, 28.395644207456677, 0.0 ], [ 77.169909324668751, 28.394568239181879, 0.0 ], [ 77.169155735451866, 28.394891878751991, 0.0 ], [ 77.16825903582253, 28.395221701834039, 0.0 ], [ 77.167853740644986, 28.395299432752392, 0.0 ], [ 77.167108445865097, 28.39509502400216, 0.0 ], [ 77.166582625156337, 28.394691816649541, 0.0 ], [ 77.165840030601004, 28.394582261447837, 0.0 ], [ 77.165468619975897, 28.394732890958341, 0.0 ], [ 77.164348250961709, 28.394823490153886, 0.0 ], [ 77.163037363900813, 28.394576214939722, 0.0 ], [ 77.162148745059127, 28.394386988380226, 0.0 ], [ 77.160914408569568, 28.394141216825052, 0.0 ], [ 77.159582341953893, 28.393523296393962, 0.0 ], [ 77.158856404081988, 28.393161220257209, 0.0 ], [ 77.157829183336361, 28.39280216809663, 0.0 ], [ 77.157349446885561, 28.392395327992666, 0.0 ], [ 77.156267135509623, 28.391394099816726, 0.0 ], [ 77.155965079922154, 28.391026913624977, 0.0 ], [ 77.155489809803655, 28.390845884275183, 0.0 ], [ 77.154851146269891, 28.390666109936358, 0.0 ], [ 77.1544668043841, 28.39052300712882, 0.0 ], [ 77.153724138582362, 28.389817464897757, 0.0 ], [ 77.15328786073654, 28.389109001378305, 0.0 ], [ 77.152977308500724, 28.388475279979613, 0.0 ], [ 77.152690829577821, 28.386898493427932, 0.0 ], [ 77.152680634715338, 28.386297851147607, 0.0 ], [ 77.152226201877113, 28.385101446489141, 0.0 ], [ 77.151916587743443, 28.384431623179555, 0.0 ], [ 77.151812992857757, 28.383490522620068, 0.0 ], [ 77.151675394952093, 28.383081462373941, 0.0 ], [ 77.151499056675718, 28.382590367258569, 0.0 ], [ 77.151277868392555, 28.382256384650098, 0.0 ], [ 77.151137790902396, 28.38154479809258, 0.0 ], [ 77.1508560594702, 28.380383435589984, 0.0 ], [ 77.150853460812513, 28.380085421952803, 0.0 ], [ 77.151530127184543, 28.37977388457826, 0.0 ], [ 77.153518358223323, 28.379474981345062, 0.0 ], [ 77.153564391779568, 28.379471386107536, 0.0 ], [ 77.153325680583166, 28.37842375172394, 0.0 ], [ 77.152871086223044, 28.376834569650114, 0.0 ], [ 77.152269027295716, 28.374623942983696, 0.0 ], [ 77.151713562774887, 28.372188507218471, 0.0 ], [ 77.150715804007817, 28.369085099688622, 0.0 ], [ 77.150162075163863, 28.366983766039905, 0.0 ], [ 77.149939625088209, 28.366500771309482, 0.0 ], [ 77.149756045789502, 28.365795757164154, 0.0 ], [ 77.14966073988856, 28.365429746187129, 0.0 ], [ 77.149249744990612, 28.363936218716958, 0.0 ], [ 77.149305945340927, 28.363734184845562, 0.0 ], [ 77.149396932923793, 28.363568961545589, 0.0 ], [ 77.150678335522386, 28.363156649147907, 0.0 ], [ 77.151393404797702, 28.362936171427457, 0.0 ], [ 77.151559870854243, 28.362813086304456, 0.0 ], [ 77.151560623548292, 28.362809025034071, 0.0 ], [ 77.151778909160882, 28.361630112957005, 0.0 ], [ 77.152043581813075, 28.35885889573213, 0.0 ], [ 77.152356335119265, 28.356002856277801, 0.0 ], [ 77.15229613701905, 28.353161938404625, 0.0 ], [ 77.152216195163078, 28.352094881352379, 0.0 ], [ 77.152133510256306, 28.351935217929782, 0.0 ], [ 77.150770068298286, 28.349569387454682, 0.0 ], [ 77.150662576311646, 28.349382138090654, 0.0 ], [ 77.150674955468432, 28.348497510227844, 0.0 ], [ 77.15081806204455, 28.346689986482094, 0.0 ], [ 77.150883927442834, 28.346108909913905, 0.0 ], [ 77.150826330381534, 28.344766900437104, 0.0 ], [ 77.151017502840133, 28.343475007080041, 0.0 ], [ 77.151073694532698, 28.341873416832247, 0.0 ], [ 77.15116535552005, 28.340281563421467, 0.0 ], [ 77.151164055075228, 28.340132553171411, 0.0 ], [ 77.151323249567355, 28.339693294244874, 0.0 ], [ 77.151592588329478, 28.33873704489578, 0.0 ], [ 77.151750626974788, 28.338342909841565, 0.0 ], [ 77.152048648776216, 28.337062174835857, 0.0 ], [ 77.153037769274064, 28.333492740209095, 0.0 ], [ 77.153148938474231, 28.332935136171866, 0.0 ], [ 77.153732716470401, 28.331452424417211, 0.0 ], [ 77.154002857522428, 28.330663227908904, 0.0 ], [ 77.154331433553182, 28.32938309342115, 0.0 ], [ 77.154624953517356, 28.327276064773315, 0.0 ], [ 77.155025548722776, 28.324570710981511, 0.0 ], [ 77.155668396031857, 28.320967239983158, 0.0 ], [ 77.156128975648286, 28.317707758397553, 0.0 ], [ 77.156857130442361, 28.317039320960884, 0.0 ], [ 77.158150620904749, 28.315851882126136, 0.0 ], [ 77.162395666669681, 28.315083143168376, 0.0 ], [ 77.162440508667245, 28.31507502241805, 0.0 ], [ 77.162016662733549, 28.312682798122616, 0.0 ], [ 77.164566282669881, 28.311523582127005, 0.0 ], [ 77.166659306791146, 28.310865413494703, 0.0 ], [ 77.166183535548896, 28.308305119947104, 0.0 ], [ 77.169160547473865, 28.307525883578908, 0.0 ], [ 77.1692134518605, 28.307512033982253, 0.0 ], [ 77.175491758883211, 28.305753925345432, 0.0 ], [ 77.179534330315391, 28.304447942412271, 0.0 ], [ 77.182849012904995, 28.302671473009021, 0.0 ], [ 77.188519053431051, 28.298309299492896, 0.0 ], [ 77.188805556645434, 28.298680645430437, 0.0 ], [ 77.189774513492594, 28.298081232079941, 0.0 ], [ 77.191531874542861, 28.296658744742583, 0.0 ], [ 77.191560476850455, 28.296635591769771, 0.0 ], [ 77.191629438410743, 28.296568017239768, 0.0 ], [ 77.194044536383601, 28.29420139474632, 0.0 ], [ 77.194739594660305, 28.293944191396861, 0.0 ], [ 77.195950242506711, 28.293466875739227, 0.0 ], [ 77.200792957526318, 28.289432540789658, 0.0 ], [ 77.200815878548909, 28.289413444712803, 0.0 ], [ 77.203772080632078, 28.292144218713517, 0.0 ], [ 77.204971708219119, 28.293531209073954, 0.0 ], [ 77.205128459336166, 28.294401116600159, 0.0 ], [ 77.207174220961363, 28.298260699835666, 0.0 ], [ 77.208139240942018, 28.298885873483709, 0.0 ], [ 77.208173115937726, 28.298907818732459, 0.0 ], [ 77.211623682200013, 28.296158161573889, 0.0 ], [ 77.213237518451351, 28.295056523034091, 0.0 ], [ 77.213966440080767, 28.294258118090102, 0.0 ], [ 77.216280436429955, 28.292894729248644, 0.0 ], [ 77.216857906612518, 28.292492059166211, 0.0 ], [ 77.218169887906697, 28.291577193875668, 0.0 ], [ 77.219832551119481, 28.290557698694883, 0.0 ], [ 77.221084919943138, 28.289832673350837, 0.0 ], [ 77.223746994688739, 28.28759105682467, 0.0 ], [ 77.226442712406126, 28.289124384271485, 0.0 ], [ 77.227014133122665, 28.289528288447677, 0.0 ], [ 77.227431609798771, 28.289148141432285, 0.0 ], [ 77.228324430034107, 28.289549260742383, 0.0 ], [ 77.228326550185216, 28.289547734613659, 0.0 ], [ 77.230858696419574, 28.287724900945172, 0.0 ], [ 77.23560243902979, 28.283794346216386, 0.0 ], [ 77.237311711697643, 28.282734919100392, 0.0 ], [ 77.240719276806018, 28.280024357792858, 0.0 ], [ 77.241404976623159, 28.279518434873744, 0.0 ], [ 77.241771566852236, 28.279379079287878, 0.0 ], [ 77.241868325425074, 28.279342297213582, 0.0 ], [ 77.241262041481605, 28.278336739091571, 0.0 ], [ 77.240805192974662, 28.277579016013881, 0.0 ], [ 77.239719718775504, 28.27507035283508, 0.0 ], [ 77.239085209356659, 28.273712657175171, 0.0 ], [ 77.238716244389011, 28.272695928313421, 0.0 ], [ 77.238636412430921, 28.272475940100843, 0.0 ], [ 77.237769102129505, 28.270980713001418, 0.0 ], [ 77.237232670338599, 28.270055891981382, 0.0 ], [ 77.234375422189871, 28.269910169925137, 0.0 ], [ 77.232122594770445, 28.269451064787589, 0.0 ], [ 77.228725288617397, 28.268053167067471, 0.0 ], [ 77.225286057583347, 28.266704032068425, 0.0 ], [ 77.224163086044598, 28.266119987391598, 0.0 ], [ 77.223816029567956, 28.265939484157897, 0.0 ], [ 77.221774876107034, 28.26435563310109, 0.0 ], [ 77.220678273759447, 28.263340987016456, 0.0 ], [ 77.220391653252307, 28.263011356421575, 0.0 ], [ 77.220390744606263, 28.263010309792225, 0.0 ], [ 77.219097897943882, 28.26373454427797, 0.0 ], [ 77.218481706220572, 28.263496775252978, 0.0 ], [ 77.217300373566133, 28.262814544858614, 0.0 ], [ 77.216400569405735, 28.262498990365955, 0.0 ], [ 77.216027233263006, 28.262338192816394, 0.0 ], [ 77.215469213758524, 28.262426614486195, 0.0 ], [ 77.215228473069089, 28.26206072273515, 0.0 ], [ 77.214379419262855, 28.261962622193284, 0.0 ], [ 77.21428782773431, 28.261952038280786, 0.0 ], [ 77.213815601548603, 28.261667400789491, 0.0 ], [ 77.21326020694508, 28.259606805141004, 0.0 ], [ 77.213153057244696, 28.258792038487705, 0.0 ], [ 77.213074312528249, 28.257043254359353, 0.0 ], [ 77.213502756418677, 28.25703809017422, 0.0 ], [ 77.213216473091236, 28.256454590305527, 0.0 ], [ 77.212011283367772, 28.254485112568457, 0.0 ], [ 77.211742639998363, 28.254421162560075, 0.0 ], [ 77.210982106914585, 28.253227899468609, 0.0 ], [ 77.211309516989303, 28.25236745655323, 0.0 ], [ 77.210588759085212, 28.251215603731861, 0.0 ], [ 77.210305887808389, 28.250496717479027, 0.0 ], [ 77.21023435992474, 28.250036932883344, 0.0 ], [ 77.210220259473672, 28.250007454884528, 0.0 ], [ 77.210011806661214, 28.249773500119552, 0.0 ], [ 77.209802801733545, 28.249564217978548, 0.0 ], [ 77.209777997222758, 28.24955668958329, 0.0 ], [ 77.209587156394704, 28.249498768114016, 0.0 ], [ 77.20890591083888, 28.249348266807338, 0.0 ], [ 77.208141658697372, 28.2494073602629, 0.0 ], [ 77.20719943545177, 28.249854616754906, 0.0 ], [ 77.206956088213687, 28.250032612429415, 0.0 ], [ 77.206588374605815, 28.250301572182568, 0.0 ], [ 77.206359220922707, 28.25044608039077, 0.0 ], [ 77.205714700665709, 28.25085643264039, 0.0 ], [ 77.205233663456355, 28.251096464422421, 0.0 ], [ 77.205035050254367, 28.250983662563677, 0.0 ], [ 77.204396439891383, 28.250620960219216, 0.0 ], [ 77.203298718396383, 28.249996888109457, 0.0 ], [ 77.202741097071836, 28.249681220721985, 0.0 ], [ 77.20057464262247, 28.248229726542132, 0.0 ], [ 77.197949438601739, 28.246318168936977, 0.0 ], [ 77.195684544366955, 28.244954346232518, 0.0 ], [ 77.196414214177992, 28.243810558003588, 0.0 ], [ 77.196851806579474, 28.242998196450806, 0.0 ], [ 77.194557225791371, 28.240075782673777, 0.0 ], [ 77.194006398364991, 28.239164701143402, 0.0 ], [ 77.194006081814351, 28.238736099246765, 0.0 ], [ 77.194249990600582, 28.237729874396521, 0.0 ], [ 77.193439446676507, 28.236877550557828, 0.0 ], [ 77.192083425901572, 28.235542830426915, 0.0 ], [ 77.191461696131157, 28.234809458699424, 0.0 ], [ 77.192176276563657, 28.234451349193591, 0.0 ], [ 77.192627755663494, 28.234225087852334, 0.0 ], [ 77.195642314784095, 28.232288029383572, 0.0 ], [ 77.199512418953987, 28.230174544056542, 0.0 ], [ 77.201783532802082, 28.228932562669666, 0.0 ], [ 77.200626026505773, 28.227327007976545, 0.0 ], [ 77.199136859411524, 28.224832839644197, 0.0 ], [ 77.197866870931463, 28.222446837437698, 0.0 ], [ 77.200051238564498, 28.22126357997724, 0.0 ], [ 77.200162961061764, 28.22083488900736, 0.0 ], [ 77.202520634526195, 28.219809420560768, 0.0 ], [ 77.203987143864012, 28.219267221680425, 0.0 ], [ 77.204431485540141, 28.218858887048569, 0.0 ], [ 77.204482359767312, 28.218812133854524, 0.0 ], [ 77.203568745355568, 28.218175558264882, 0.0 ], [ 77.203216915951003, 28.217765254936513, 0.0 ], [ 77.202650920241865, 28.216876736104929, 0.0 ], [ 77.202298866176477, 28.216082942032756, 0.0 ], [ 77.20238522992328, 28.215794067570972, 0.0 ], [ 77.202843245482853, 28.215135118924589, 0.0 ], [ 77.202842818162821, 28.214647866302613, 0.0 ], [ 77.202450124765676, 28.213953261418002, 0.0 ], [ 77.202164312431307, 28.213100742176128, 0.0 ], [ 77.202296432783299, 28.212753293454881, 0.0 ], [ 77.202887340746045, 28.212752888840289, 0.0 ], [ 77.203299721861953, 28.212536092243706, 0.0 ], [ 77.203299478528791, 28.212306002631276, 0.0 ], [ 77.202621782348658, 28.211859707472943, 0.0 ], [ 77.202035915735479, 28.211589420437736, 0.0 ], [ 77.201618175517083, 28.211589649769643, 0.0 ], [ 77.201047890197486, 28.211765940991686, 0.0 ], [ 77.20054860797346, 28.21149551625648, 0.0 ], [ 77.199937017558497, 28.211008531375899, 0.0 ], [ 77.199167532731892, 28.210431505307696, 0.0 ], [ 77.198642697036348, 28.210061777196294, 0.0 ], [ 77.198143472678112, 28.209868040200153, 0.0 ], [ 77.197771572464191, 28.209773497243017, 0.0 ], [ 77.196635602283081, 28.209539545952602, 0.0 ], [ 77.195739077837118, 28.209368511616425, 0.0 ], [ 77.194842524383873, 28.209116354680148, 0.0 ], [ 77.19429238003606, 28.208922608382355, 0.0 ], [ 77.193945896448966, 28.208710795092756, 0.0 ], [ 77.193865256764326, 28.208592890810994, 0.0 ], [ 77.193769302812299, 28.208584524256917, 0.0 ], [ 77.193100341078406, 28.208526203876936, 0.0 ], [ 77.192555417418703, 28.208702414590856, 0.0 ], [ 77.192117443608439, 28.208644015847764, 0.0 ], [ 77.191778651750369, 28.208594126991112, 0.0 ], [ 77.191694749452481, 28.208725411909349, 0.0 ], [ 77.191430074028588, 28.209027874358188, 0.0 ], [ 77.190921030856316, 28.209519862096375, 0.0 ], [ 77.19061053979037, 28.209763683769005, 0.0 ], [ 77.190187989906121, 28.210012007384218, 0.0 ], [ 77.189790833122004, 28.210197119830813, 0.0 ], [ 77.18911361144697, 28.210544893287341, 0.0 ], [ 77.188650329204108, 28.210784207430184, 0.0 ], [ 77.188461788745727, 28.210734709658411, 0.0 ], [ 77.188171395121316, 28.210540842943704, 0.0 ], [ 77.187478338952246, 28.209882396998445, 0.0 ], [ 77.186881994700684, 28.209255606612508, 0.0 ], [ 77.186362194357685, 28.208655742207124, 0.0 ], [ 77.185364166535777, 28.208976503439818, 0.0 ], [ 77.18427436693004, 28.209383089825927, 0.0 ], [ 77.182695826363968, 28.209925150847099, 0.0 ], [ 77.182609147550536, 28.209695084304158, 0.0 ], [ 77.182282868799632, 28.209248580702276, 0.0 ], [ 77.181951596516654, 28.208666714957094, 0.0 ], [ 77.181671086951482, 28.208026199156315, 0.0 ], [ 77.181054585751454, 28.207503019673279, 0.0 ], [ 77.180402236201061, 28.206844608865978, 0.0 ], [ 77.179459630896929, 28.205992304493872, 0.0 ], [ 77.178649471274554, 28.205311311402511, 0.0 ], [ 77.177115940797648, 28.204093750034122, 0.0 ], [ 77.17606642312704, 28.203336242741536, 0.0 ], [ 77.175714948093457, 28.203101721707, 0.0 ], [ 77.175169676102414, 28.202501853605796, 0.0 ], [ 77.174318700392391, 28.201437448194884, 0.0 ], [ 77.173289507842654, 28.200544513705026, 0.0 ], [ 77.172851270257624, 28.200003213695823, 0.0 ], [ 77.171851118363861, 28.199003870228708, 0.0 ], [ 77.171282526479672, 28.199570634404406, 0.0 ], [ 77.170661519159964, 28.200179915633608, 0.0 ], [ 77.17015757680629, 28.200685462591174, 0.0 ], [ 77.16969941992933, 28.201123238065776, 0.0 ], [ 77.16859460469081, 28.201895117631139, 0.0 ], [ 77.168248384892422, 28.202156870316379, 0.0 ], [ 77.167830979166411, 28.202585602079917, 0.0 ], [ 77.167337191228526, 28.203136185101528, 0.0 ], [ 77.166736583153437, 28.20405679608654, 0.0 ], [ 77.166303843553649, 28.204629870875021, 0.0 ], [ 77.166125846325471, 28.205162366958955, 0.0 ], [ 77.165779803240596, 28.205938448997919, 0.0 ], [ 77.165668089254339, 28.206691959120512, 0.0 ], [ 77.165724352336724, 28.207440914917463, 0.0 ], [ 77.165841803775905, 28.208117616987142, 0.0 ], [ 77.165887712098311, 28.208428920799655, 0.0 ], [ 77.165678895118106, 28.20842897934838, 0.0 ], [ 77.165363206253858, 28.208478644707338, 0.0 ], [ 77.165332650928889, 28.208731330991171, 0.0 ], [ 77.16537361817079, 28.209105786151287, 0.0 ], [ 77.165460311827346, 28.209484752654298, 0.0 ], [ 77.165536898191846, 28.209872720875367, 0.0 ], [ 77.165384148691516, 28.210193125029562, 0.0 ], [ 77.165037971981903, 28.210423289108956, 0.0 ], [ 77.164645884235327, 28.210725734631662, 0.0 ], [ 77.164121446633956, 28.211208666401038, 0.0 ], [ 77.162828203610445, 28.212332420586904, 0.0 ], [ 77.162349574886747, 28.212779251812577, 0.0 ], [ 77.162217146793935, 28.212905596039462, 0.0 ], [ 77.161814834892752, 28.212923778421377, 0.0 ], [ 77.160918407677414, 28.213050286424458, 0.0 ], [ 77.16039389819008, 28.213217388460759, 0.0 ], [ 77.159248071325607, 28.213853861032391, 0.0 ], [ 77.157190673303958, 28.215000275404027, 0.0 ], [ 77.155540624764072, 28.215812779778592, 0.0 ], [ 77.154588301448698, 28.21636342026957, 0.0 ], [ 77.153264253612122, 28.217031437754297, 0.0 ], [ 77.15298411999936, 28.217148823705529, 0.0 ], [ 77.151955226113671, 28.21718965359813, 0.0 ], [ 77.151211536877511, 28.217122127796934, 0.0 ], [ 77.150717509806952, 28.217104182188727, 0.0 ], [ 77.15031500029923, 28.21691028297327, 0.0 ], [ 77.149601298205738, 28.216529161924971, 0.0 ], [ 77.149143430399221, 28.216693909828866, 0.0 ], [ 77.148980544496567, 28.216851855435298, 0.0 ], [ 77.148333750255077, 28.217217361747373, 0.0 ], [ 77.147569772873624, 28.217713833135928, 0.0 ], [ 77.146872032458219, 28.218079412679561, 0.0 ], [ 77.146148947341672, 28.218751733646197, 0.0 ], [ 77.143897970399465, 28.220989859167943, 0.0 ], [ 77.142640021331374, 28.222045835495177, 0.0 ], [ 77.142028763908485, 28.222474463255971, 0.0 ], [ 77.141361608834075, 28.222930313641246, 0.0 ], [ 77.141076362826084, 28.223160370443118, 0.0 ], [ 77.140857398733345, 28.223327393892994, 0.0 ], [ 77.140836980590876, 28.223498799534607, 0.0 ], [ 77.140674022365133, 28.22359808164336, 0.0 ], [ 77.140200380698701, 28.223914011244105, 0.0 ], [ 77.140349452784932, 28.224395066380232, 0.0 ], [ 77.140083738730198, 28.224468015652612, 0.0 ], [ 77.140047610621949, 28.224477934979152, 0.0 ], [ 77.139568808361901, 28.224816409191639, 0.0 ], [ 77.139217402125027, 28.225019432862243, 0.0 ], [ 77.138876159375712, 28.22515480146707, 0.0 ], [ 77.138616368707417, 28.225231594412026, 0.0 ], [ 77.138300444911152, 28.225037568021051, 0.0 ], [ 77.138091643860946, 28.224825533052289, 0.0 ], [ 77.137816528232719, 28.224572935677831, 0.0 ], [ 77.137633147695922, 28.224572915353555, 0.0 ], [ 77.137587278456536, 28.224581934579668, 0.0 ], [ 77.137169590383252, 28.224807645295805, 0.0 ], [ 77.136721422395595, 28.225114411177103, 0.0 ], [ 77.136003233822436, 28.225552175242512, 0.0 ], [ 77.135315551138802, 28.225931166572959, 0.0 ], [ 77.134745098377493, 28.226170355348099, 0.0 ], [ 77.134429256687184, 28.226364329451254, 0.0 ], [ 77.134133791734314, 28.226179448119144, 0.0 ], [ 77.133858650070337, 28.22589968257974, 0.0 ], [ 77.133761831312086, 28.225647091380456, 0.0 ], [ 77.133466441706091, 28.225435046812777, 0.0 ], [ 77.133247350161511, 28.225453082329619, 0.0 ], [ 77.132799071288531, 28.225570435021453, 0.0 ], [ 77.132256408846899, 28.225788335595222, 0.0 ], [ 77.132209533250432, 28.225699380148164, 0.0 ], [ 77.132101197171792, 28.22549379157071, 0.0 ], [ 77.131836356895022, 28.225250136247347, 0.0 ], [ 77.131540926889471, 28.225317816390604, 0.0 ], [ 77.131169050743807, 28.225399050821192, 0.0 ], [ 77.130893935817809, 28.225263743571919, 0.0 ], [ 77.130384517705423, 28.224708794910143, 0.0 ], [ 77.13008903887031, 28.224420045007037, 0.0 ], [ 77.129768168459407, 28.224514828094563, 0.0 ], [ 77.129319944013218, 28.224537420488467, 0.0 ], [ 77.128973563903585, 28.224496794086612, 0.0 ], [ 77.128728974191176, 28.224302806695707, 0.0 ], [ 77.128229830460512, 28.223833593426036, 0.0 ], [ 77.127486076951541, 28.223292204995616, 0.0 ], [ 77.126620076700618, 28.222529743134167, 0.0 ], [ 77.126008824722675, 28.221898126943913, 0.0 ], [ 77.125963008242991, 28.221519128806168, 0.0 ], [ 77.125448553008624, 28.220959725991765, 0.0 ], [ 77.125056355282155, 28.220436319910849, 0.0 ], [ 77.124740464151358, 28.220648409182957, 0.0 ], [ 77.124215822333269, 28.221009381302942, 0.0 ], [ 77.123966296858512, 28.221203385045403, 0.0 ], [ 77.123680996768343, 28.220928176871336, 0.0 ], [ 77.122662255574298, 28.21986333394581, 0.0 ], [ 77.121699591918286, 28.218681298144887, 0.0 ], [ 77.121231052097698, 28.218072168432013, 0.0 ], [ 77.12101204995831, 28.217954921275251, 0.0 ], [ 77.120629988009412, 28.217968426005545, 0.0 ], [ 77.120375332659947, 28.218103758828661, 0.0 ], [ 77.119876076229943, 28.218383469744754, 0.0 ], [ 77.119188441337002, 28.21859544566583, 0.0 ], [ 77.117594106503603, 28.219136835129607, 0.0 ], [ 77.11663146397936, 28.219398444496935, 0.0 ], [ 77.116830065750477, 28.219953387103043, 0.0 ], [ 77.116371564999596, 28.219903725700494, 0.0 ], [ 77.11599982301604, 28.219903704548429, 0.0 ], [ 77.115704367915299, 28.219660037249163, 0.0 ], [ 77.115164435423111, 28.21930365861175, 0.0 ], [ 77.114972154003397, 28.218800228429505, 0.0 ], [ 77.114105036343474, 28.219339620662673, 0.0 ], [ 77.113330759098289, 28.219632856152597, 0.0 ], [ 77.112062305247875, 28.220268856373952, 0.0 ], [ 77.11089582001064, 28.221008667574875, 0.0 ], [ 77.109408342109006, 28.221734921009709, 0.0 ], [ 77.108598324278049, 28.222149868940026, 0.0 ], [ 77.107701741453852, 28.22258744145628, 0.0 ], [ 77.106606512612373, 28.223119658408699, 0.0 ], [ 77.105985051859236, 28.223430892213514, 0.0 ], [ 77.105669161326972, 28.223660985280965, 0.0 ], [ 77.105832127164049, 28.22388208044033, 0.0 ], [ 77.105984884669098, 28.2240760824339, 0.0 ], [ 77.106280330967806, 28.224423542328282, 0.0 ], [ 77.106596076612078, 28.224901801490823, 0.0 ], [ 77.106704618400158, 28.225271991440863, 0.0 ], [ 77.106453579778375, 28.225325798268379, 0.0 ], [ 77.106453317295674, 28.225325854994189, 0.0 ], [ 77.106244443404577, 28.22547020156885, 0.0 ], [ 77.105994897256039, 28.225587472571792, 0.0 ], [ 77.10518480257052, 28.226083704243926, 0.0 ], [ 77.104308617749794, 28.226566329972115, 0.0 ], [ 77.103600428774797, 28.227048984455891, 0.0 ], [ 77.10331517227776, 28.227215888271946, 0.0 ], [ 77.102989027248356, 28.227495493751523, 0.0 ], [ 77.102866807067116, 28.227242818030007, 0.0 ], [ 77.102581649173374, 28.226999144709897, 0.0 ], [ 77.102235284715064, 28.226611132114552, 0.0 ], [ 77.101929755944198, 28.22626363712245, 0.0 ], [ 77.101710804563467, 28.225992956639924, 0.0 ], [ 77.101557926935314, 28.226010916849432, 0.0 ], [ 77.101216587465615, 28.226227406740506, 0.0 ], [ 77.100875254278364, 28.226407891321713, 0.0 ], [ 77.100646018322237, 28.226475479807512, 0.0 ], [ 77.10026392133409, 28.226556608345629, 0.0 ], [ 77.099968503223081, 28.226678363022351, 0.0 ], [ 77.099698522237546, 28.226709942445527, 0.0 ], [ 77.099566148730773, 28.226515891846642, 0.0 ], [ 77.099469353675715, 28.226281320068001, 0.0 ], [ 77.099148532548412, 28.225839034673267, 0.0 ], [ 77.098995756431762, 28.2255863716161, 0.0 ], [ 77.098985664602225, 28.225216469197935, 0.0 ], [ 77.098899194385581, 28.225004387756965, 0.0 ], [ 77.098812624554427, 28.22485998492095, 0.0 ], [ 77.098746393216786, 28.224625304083361, 0.0 ], [ 77.098899249819496, 28.224444921811724, 0.0 ], [ 77.098843289454464, 28.224250870243573, 0.0 ], [ 77.098649786359275, 28.224025271956801, 0.0 ], [ 77.09831882854958, 28.223637192028047, 0.0 ], [ 77.098033499049805, 28.22359203074663, 0.0 ], [ 77.097447767928784, 28.223397895690081, 0.0 ], [ 77.097127003180361, 28.223077513431409, 0.0 ], [ 77.097020056098899, 28.222833890046878, 0.0 ], [ 77.096877646004856, 28.222021692304853, 0.0 ], [ 77.096831884269562, 28.22176007664099, 0.0 ], [ 77.096592546328296, 28.22139910077037, 0.0 ], [ 77.096536605491892, 28.220965922038385, 0.0 ], [ 77.09639406176602, 28.220636577321145, 0.0 ], [ 77.096276978358603, 28.220577825381323, 0.0 ], [ 77.096164894877916, 28.220550758031052, 0.0 ], [ 77.095935647500809, 28.220492099463733, 0.0 ], [ 77.095619926853459, 28.220392715322941, 0.0 ], [ 77.095477312545498, 28.220288963029212, 0.0 ], [ 77.095360229895832, 28.220230299424458, 0.0 ], [ 77.095101584801483, 28.220144123752306, 0.0 ], [ 77.094918721314485, 28.220093192578855, 0.0 ], [ 77.094614347664901, 28.220028772071988, 0.0 ], [ 77.094291386344423, 28.219899387953102, 0.0 ], [ 77.094092480333046, 28.219913948246536, 0.0 ], [ 77.093725174194731, 28.220175755258829, 0.0 ], [ 77.09337350367916, 28.220672026414473, 0.0 ], [ 77.093179947458253, 28.220834347463963, 0.0 ], [ 77.092904770730783, 28.221068934995667, 0.0 ], [ 77.092675529182415, 28.221339543242497, 0.0 ], [ 77.092578602129052, 28.221551547604736, 0.0 ], [ 77.092761968514168, 28.221822339650615, 0.0 ], [ 77.092894295494148, 28.222025421763412, 0.0 ], [ 77.093036836111622, 28.222287091864704, 0.0 ], [ 77.093133580848416, 28.222499199182298, 0.0 ], [ 77.093057085078172, 28.222693115485608, 0.0 ], [ 77.092807526954729, 28.222810364343946, 0.0 ], [ 77.092588489027463, 28.222810377375922, 0.0 ], [ 77.092303223349305, 28.222877999317831, 0.0 ], [ 77.091732629604564, 28.223198136311073, 0.0 ], [ 77.09144733028667, 28.223342456424902, 0.0 ], [ 77.091228231588644, 28.223459686964585, 0.0 ], [ 77.091116152240559, 28.223364937352773, 0.0 ], [ 77.090886996914122, 28.223274688451749, 0.0 ], [ 77.090769794649574, 28.223518222982023, 0.0 ], [ 77.090627098811098, 28.223671642418523, 0.0 ], [ 77.090484402052056, 28.223856553062337, 0.0 ], [ 77.090265417878584, 28.223739164492255, 0.0 ], [ 77.090056603584486, 28.223594818495314, 0.0 ], [ 77.089969993066163, 28.223730144824785, 0.0 ], [ 77.089796758136359, 28.223874464332582, 0.0 ], [ 77.089618412182176, 28.224023283420252, 0.0 ], [ 77.089353482451628, 28.224167559344711, 0.0 ], [ 77.089246498671258, 28.223973561675752, 0.0 ], [ 77.089170233772109, 28.223729915352823, 0.0 ], [ 77.088877623030839, 28.223645502396469, 0.0 ], [ 77.088751651221813, 28.223718054719406, 0.0 ], [ 77.088558951401666, 28.223829038191109, 0.0 ], [ 77.088151322436588, 28.224058963439234, 0.0 ], [ 77.087473781072873, 28.224397228636843, 0.0 ], [ 77.086775702332531, 28.224784982960085, 0.0 ], [ 77.086520987560462, 28.22495183955003, 0.0 ], [ 77.08630190851386, 28.225190970730416, 0.0 ], [ 77.086301782706599, 28.225425497016943, 0.0 ], [ 77.086454562618158, 28.22556998141723, 0.0 ], [ 77.086642999785226, 28.225714372488049, 0.0 ], [ 77.086785520077413, 28.22584980782873, 0.0 ], [ 77.086841494984199, 28.225998655914371, 0.0 ], [ 77.086642868777915, 28.226147510197606, 0.0 ], [ 77.086031356508556, 28.22663906719162, 0.0 ], [ 77.08469635422307, 28.227685422119649, 0.0 ], [ 77.083610996630625, 28.228488200886723, 0.0 ], [ 77.08247471548512, 28.229408242981158, 0.0 ], [ 77.081939717384074, 28.229728430280428, 0.0 ], [ 77.081619886586751, 28.229933245738177, 0.0 ], [ 77.081348841022333, 28.229579332669346, 0.0 ], [ 77.081196063161059, 28.229434932347122, 0.0 ], [ 77.080931293987675, 28.22920019722471, 0.0 ], [ 77.0805035045843, 28.228870756059923, 0.0 ], [ 77.079933190107454, 28.228410383236923, 0.0 ], [ 77.07937813123867, 28.227927396901784, 0.0 ], [ 77.079255265396753, 28.227808485390014, 0.0 ], [ 77.07904711468197, 28.227607036499329, 0.0 ], [ 77.078705884312527, 28.227390333481193, 0.0 ], [ 77.078028657715706, 28.22669073435625, 0.0 ], [ 77.077438132147776, 28.226058934729849, 0.0 ], [ 77.076791561670674, 28.225242097909856, 0.0 ], [ 77.076516610373304, 28.224822430562639, 0.0 ], [ 77.076374161869197, 28.224511020728251, 0.0 ], [ 77.076089185675173, 28.223725955428385, 0.0 ], [ 77.075824471302667, 28.223355849574233, 0.0 ], [ 77.075615966343548, 28.222742155940836, 0.0 ], [ 77.075544382322406, 28.222684029830827, 0.0 ], [ 77.075013774264335, 28.222253188472529, 0.0 ], [ 77.074980263486523, 28.222192275010435, 0.0 ], [ 77.074587610824082, 28.221478560327373, 0.0 ], [ 77.074429971898368, 28.220797226399679, 0.0 ], [ 77.074410078265245, 28.219863303493508, 0.0 ], [ 77.074278261068102, 28.218572924904603, 0.0 ], [ 77.074135816016124, 28.218202858398456, 0.0 ], [ 77.074085688236892, 28.217733573569955, 0.0 ], [ 77.073881468510621, 28.217664342544818, 0.0 ], [ 77.073433185050888, 28.21751237245563, 0.0 ], [ 77.073092073447455, 28.217241507367643, 0.0 ], [ 77.072674795929814, 28.216334451408386, 0.0 ], [ 77.072216731049906, 28.215567337957086, 0.0 ], [ 77.071931795685273, 28.215129583450075, 0.0 ], [ 77.071942116533407, 28.214714515295995, 0.0 ], [ 77.071942336879758, 28.21433551604267, 0.0 ], [ 77.071728310753841, 28.21452040472181, 0.0 ], [ 77.071443043546537, 28.214714315447413, 0.0 ], [ 77.071203507355236, 28.214818016089701, 0.0 ], [ 77.07090296262777, 28.214917137605354, 0.0 ], [ 77.070577024581951, 28.214993719788801, 0.0 ], [ 77.069996301307654, 28.215070190817524, 0.0 ], [ 77.069654945949495, 28.215187341965983, 0.0 ], [ 77.069018099350714, 28.215507395163161, 0.0 ], [ 77.067739276109805, 28.21630999778159, 0.0 ], [ 77.066791588718701, 28.216878021125584, 0.0 ], [ 77.066185156635029, 28.217360571116458, 0.0 ], [ 77.065619579389093, 28.217716710087881, 0.0 ], [ 77.065354978126834, 28.217175220910754, 0.0 ], [ 77.065146437440433, 28.21677807623286, 0.0 ], [ 77.064942876743757, 28.216385459347478, 0.0 ], [ 77.064785030089936, 28.216245538772441, 0.0 ], [ 77.064617004328127, 28.216164245458202, 0.0 ], [ 77.064377605634647, 28.216132576674152, 0.0 ], [ 77.064056742898202, 28.216150502791219, 0.0 ], [ 77.063898813065009, 28.216249712946535, 0.0 ], [ 77.063073625910931, 28.216280933742819, 0.0 ], [ 77.062003704898885, 28.216745101421967, 0.0 ], [ 77.061366765777308, 28.217173405205756, 0.0 ], [ 77.060862150548516, 28.21775519336213, 0.0 ], [ 77.060749824842361, 28.218165751988298, 0.0 ], [ 77.060706356469893, 28.218533449252302, 0.0 ], [ 77.060662889934619, 28.21890114542914, 0.0 ], [ 77.060677989509301, 28.219135714688662, 0.0 ], [ 77.060994217897374, 28.219735181248279, 0.0 ], [ 77.060031749914756, 28.220125794455669, 0.0 ], [ 77.057911014151927, 28.221020309876508, 0.0 ], [ 77.055668829470676, 28.222517060168492, 0.0 ], [ 77.054741388377991, 28.223057990287018, 0.0 ], [ 77.055632104054084, 28.224141260429626, 0.0 ], [ 77.055926996189001, 28.22499417460125, 0.0 ], [ 77.056465831267104, 28.226735959472059, 0.0 ], [ 77.056684530810486, 28.227227803344029, 0.0 ], [ 77.057259714048655, 28.228085340234021, 0.0 ], [ 77.057469570802624, 28.228588538341647, 0.0 ], [ 77.057498727281811, 28.228658451877845, 0.0 ], [ 77.057686945688829, 28.229069087328902, 0.0 ], [ 77.057686701958204, 28.229560885454074, 0.0 ], [ 77.057482786915983, 28.229691550794797, 0.0 ], [ 77.057390986343094, 28.229872055166226, 0.0 ], [ 77.057390880813927, 28.230052440166052, 0.0 ], [ 77.057435509291793, 28.23194287674011, 0.0 ], [ 77.057455691987101, 28.232330955617272, 0.0 ], [ 77.057501143464862, 28.232958053818781, 0.0 ], [ 77.057540842375303, 28.23459129589078, 0.0 ], [ 77.057586533754616, 28.234938744392394, 0.0 ], [ 77.057499304276647, 28.235872663383219, 0.0 ], [ 77.05725942329974, 28.236630477569598, 0.0 ], [ 77.057366204682594, 28.236901208635366, 0.0 ], [ 77.057452655753977, 28.237248673833996, 0.0 ], [ 77.057783230801135, 28.238142101753702, 0.0 ], [ 77.057935606036907, 28.238882101874776, 0.0 ], [ 77.058240890515876, 28.239423712395968, 0.0 ], [ 77.058459635761594, 28.240064442226043, 0.0 ], [ 77.058505217994167, 28.240416402631382, 0.0 ], [ 77.05835217921755, 28.24080429330413, 0.0 ], [ 77.058285860805825, 28.240980262167383, 0.0 ], [ 77.058173563930225, 28.241192206313219, 0.0 ], [ 77.058020757920403, 28.241210207763839, 0.0 ], [ 77.057832038000242, 28.241602605473673, 0.0 ], [ 77.057525937932837, 28.242202510440297, 0.0 ], [ 77.057240376221884, 28.242725764365808, 0.0 ], [ 77.056602824570135, 28.243794747315675, 0.0 ], [ 77.056363247076192, 28.244006620864159, 0.0 ], [ 77.055945323581966, 28.244164326842935, 0.0 ], [ 77.054544133087049, 28.244416315867252, 0.0 ], [ 77.053402756813611, 28.244587146035279, 0.0 ], [ 77.052200242535733, 28.244726398311162, 0.0 ], [ 77.051466686704188, 28.244626780411323, 0.0 ], [ 77.048970253369319, 28.244607382228907, 0.0 ], [ 77.047151504496057, 28.244488995053267, 0.0 ], [ 77.045745190365309, 28.244623572099695, 0.0 ], [ 77.043752797982506, 28.245028503441379, 0.0 ], [ 77.041801169296065, 28.245455894697354, 0.0 ], [ 77.039915944626401, 28.245630684572973, 0.0 ], [ 77.038535215880543, 28.245611764135685, 0.0 ], [ 77.036696046722511, 28.245529457077588, 0.0 ], [ 77.03549376521147, 28.245393333080983, 0.0 ], [ 77.033674896421701, 28.245333422922908, 0.0 ], [ 77.032930786199358, 28.245702918572412, 0.0 ], [ 77.032227043323616, 28.246460378030172, 0.0 ], [ 77.03207372608361, 28.246925037649934, 0.0 ], [ 77.03163504312792, 28.247565394392289, 0.0 ], [ 77.031395491133324, 28.247641958024317, 0.0 ], [ 77.030233622908966, 28.247875706625887, 0.0 ], [ 77.028129342864446, 28.247991595584647, 0.0 ], [ 77.027074849785521, 28.247814854437259, 0.0 ], [ 77.025852337350031, 28.247466615705754, 0.0 ], [ 77.024930408131638, 28.247213263446966, 0.0 ], [ 77.024120256853493, 28.247212633829655, 0.0 ], [ 77.023177699711383, 28.247248067290265, 0.0 ], [ 77.022793111865681, 28.247393811985638, 0.0 ], [ 77.022419864734175, 28.24748173520678, 0.0 ], [ 77.022341847763727, 28.247500112754082, 0.0 ], [ 77.022122670747081, 28.247657845349025, 0.0 ], [ 77.021756393136471, 28.247856013143139, 0.0 ], [ 77.021292344201925, 28.248203077812857, 0.0 ], [ 77.020987570698495, 28.248717793016333, 0.0 ], [ 77.020841136896635, 28.249053028916794, 0.0 ], [ 77.020590227731006, 28.249462813423555, 0.0 ], [ 77.020555225018143, 28.249687501445326, 0.0 ], [ 77.020710179738785, 28.250533087061246, 0.0 ], [ 77.020885198970447, 28.251488142488775, 0.0 ], [ 77.021405995584018, 28.254329944421638, 0.0 ], [ 77.021411958235348, 28.25446174677165, 0.0 ], [ 77.02144769894285, 28.255251874919111, 0.0 ], [ 77.021577826090848, 28.257638516227704, 0.0 ], [ 77.021577807307281, 28.259169101440857, 0.0 ], [ 77.021513573089592, 28.260048179562865, 0.0 ], [ 77.02131390351002, 28.261416564099026, 0.0 ], [ 77.02119123149626, 28.262000948096183, 0.0 ], [ 77.021011052016689, 28.262638309143341, 0.0 ], [ 77.02051122918887, 28.263788209341399, 0.0 ], [ 77.020251263520009, 28.264739948892654, 0.0 ], [ 77.020126535864748, 28.265401042397407, 0.0 ], [ 77.020109158617771, 28.265861208424369, 0.0 ], [ 77.020142107931207, 28.266155369610221, 0.0 ], [ 77.020321618623854, 28.266881519577179, 0.0 ], [ 77.020386674035706, 28.267501432216637, 0.0 ], [ 77.020451732188675, 28.268121343387485, 0.0 ], [ 77.020458600163622, 28.269584339056625, 0.0 ], [ 77.020469723130333, 28.271652427372988, 0.0 ], [ 77.020370160880034, 28.273193839190082, 0.0 ], [ 77.020365461368669, 28.27326660361506, 0.0 ], [ 77.02006882869577, 28.27482709192363, 0.0 ], [ 77.019943405192663, 28.275704884386329, 0.0 ], [ 77.020036960661614, 28.276212516837735, 0.0 ], [ 77.019884805992973, 28.276945271311867, 0.0 ], [ 77.019545574005122, 28.277999191438258, 0.0 ], [ 77.019432388212465, 28.278369862573506, 0.0 ], [ 77.019431765035222, 28.278371903248082, 0.0 ], [ 77.019053772576996, 28.279609771221903, 0.0 ], [ 77.01847389963342, 28.280888914551227, 0.0 ], [ 77.018159212652762, 28.28159569199217, 0.0 ], [ 77.017918648597046, 28.282773572838998, 0.0 ], [ 77.017736090397705, 28.283307029687467, 0.0 ], [ 77.017335902370249, 28.283777238394403, 0.0 ], [ 77.016113986198448, 28.284650132085432, 0.0 ], [ 77.015656507548769, 28.285164285264184, 0.0 ], [ 77.015306678587066, 28.285658116087781, 0.0 ], [ 77.014908223989849, 28.286444398641951, 0.0 ], [ 77.014562882968306, 28.286960898681421, 0.0 ], [ 77.014211322366307, 28.287328271971131, 0.0 ], [ 77.013481353083904, 28.287922493429349, 0.0 ], [ 77.013104687601597, 28.288465421283277, 0.0 ], [ 77.012899654927679, 28.289075153564571, 0.0 ], [ 77.01283032848184, 28.289759969110424, 0.0 ], [ 77.012787699297618, 28.290400196592309, 0.0 ], [ 77.012799332828337, 28.291109282936088, 0.0 ], [ 77.012815537051878, 28.293172943319874, 0.0 ], [ 77.01265313291664, 28.294858116875822, 0.0 ], [ 77.012471644887526, 28.295540579850957, 0.0 ], [ 77.012474455301799, 28.295673829971651, 0.0 ], [ 77.012482887683035, 28.296073577443625, 0.0 ], [ 77.012349908433677, 28.296468100294273, 0.0 ], [ 77.012066237443591, 28.29734707846648, 0.0 ], [ 77.011651026855688, 28.298566426830419, 0.0 ], [ 77.011258107106158, 28.29952437837623, 0.0 ], [ 77.010761815288006, 28.300913590390547, 0.0 ], [ 77.01038516547068, 28.302025386840533, 0.0 ], [ 77.010257994585089, 28.302392941385381, 0.0 ], [ 77.00993367010004, 28.303645794179733, 0.0 ], [ 77.009971315963085, 28.303763971967307, 0.0 ], [ 77.010262096057488, 28.304144807077996, 0.0 ], [ 77.010689232076999, 28.30476779195229, 0.0 ], [ 77.01083034657583, 28.305213210817112, 0.0 ], [ 77.010807681616768, 28.305488144267667, 0.0 ], [ 77.010552441822114, 28.305875586176498, 0.0 ], [ 77.010078226168687, 28.306439031873627, 0.0 ], [ 77.008727855118096, 28.307715502572574, 0.0 ], [ 77.00632567420908, 28.309024052934777, 0.0 ], [ 77.003532213664357, 28.311033176569019, 0.0 ], [ 77.003557053243185, 28.312198537997553, 0.0 ], [ 77.003583238168716, 28.313503888440284, 0.0 ], [ 77.003508862181491, 28.314184072145231, 0.0 ], [ 77.003304687471186, 28.314568059414736, 0.0 ], [ 77.00313268931049, 28.315083653970937, 0.0 ], [ 77.003121842001974, 28.315101250835674, 0.0 ], [ 77.003042010881231, 28.315230737020332, 0.0 ], [ 77.002506428239684, 28.316176631023183, 0.0 ], [ 77.002083118472456, 28.316741117158681, 0.0 ], [ 77.001309560885645, 28.317618792323277, 0.0 ], [ 77.000407788108404, 28.318520854450021, 0.0 ], [ 77.000163412376068, 28.319071039231105, 0.0 ], [ 77.000194995397692, 28.319604458451444, 0.0 ], [ 77.00013090262398, 28.319901089830836, 0.0 ], [ 77.000153036301128, 28.320976094648817, 0.0 ], [ 77.000288807358643, 28.321999310399189, 0.0 ], [ 77.000439267797418, 28.322855783189983, 0.0 ], [ 77.00049075125284, 28.323028431850766, 0.0 ], [ 77.00049221277898, 28.323163907549667, 0.0 ], [ 77.000409298495015, 28.323401450583248, 0.0 ], [ 77.00038405030395, 28.323581512960065, 0.0 ], [ 77.000336586612804, 28.323828832990028, 0.0 ], [ 77.000336229183091, 28.32610516834669, 0.0 ], [ 76.999985431327488, 28.326602592792224, 0.0 ], [ 76.99977157026774, 28.326598091885408, 0.0 ], [ 76.999189769076978, 28.326585847344226, 0.0 ], [ 76.998823838139813, 28.326578144692721, 0.0 ], [ 76.998751960729379, 28.326594689623654, 0.0 ], [ 76.998365490803593, 28.326545920788259, 0.0 ], [ 76.997758532337315, 28.326537655382054, 0.0 ], [ 76.997380320839696, 28.326561293919465, 0.0 ], [ 76.996880089205234, 28.32694806410694, 0.0 ], [ 76.996415307189466, 28.327534233924997, 0.0 ], [ 76.996078736463701, 28.327906389808568, 0.0 ], [ 76.994939350889609, 28.328153269436761, 0.0 ], [ 76.993695790254606, 28.328099962768011, 0.0 ], [ 76.993067327094053, 28.32832148200243, 0.0 ], [ 76.992963396660798, 28.328201902816108, 0.0 ], [ 76.992684142517092, 28.32796124142018, 0.0 ], [ 76.991768551754802, 28.327476894554415, 0.0 ], [ 76.991002426734767, 28.327126627463443, 0.0 ], [ 76.990053578232164, 28.326740894459626, 0.0 ], [ 76.989460601707478, 28.326403306782964, 0.0 ], [ 76.988795250517271, 28.326289925823829, 0.0 ], [ 76.987899678626036, 28.326388394671167, 0.0 ], [ 76.987073915491635, 28.326547024662162, 0.0 ], [ 76.986404893886444, 28.326758628564896, 0.0 ], [ 76.985956227058224, 28.327123875953298, 0.0 ], [ 76.985885425160305, 28.327228787838987, 0.0 ], [ 76.985883920128927, 28.327231018060345, 0.0 ], [ 76.985679843828322, 28.327533400568413, 0.0 ], [ 76.985365322686704, 28.32803241408741, 0.0 ], [ 76.985057503907655, 28.328283252301294, 0.0 ], [ 76.985160880564607, 28.328989755936217, 0.0 ], [ 76.985224372607561, 28.329094939614166, 0.0 ], [ 76.985403917404355, 28.329437350265167, 0.0 ], [ 76.98606796037231, 28.33073360668266, 0.0 ], [ 76.985937179664759, 28.330852743831066, 0.0 ], [ 76.985537315338334, 28.331110665945083, 0.0 ], [ 76.985064592563958, 28.33142122432249, 0.0 ], [ 76.984385684174327, 28.331808687185035, 0.0 ], [ 76.98379214522727, 28.332057993876262, 0.0 ], [ 76.983431993946013, 28.332167760236658, 0.0 ], [ 76.982829273947203, 28.332001503438871, 0.0 ], [ 76.981909668543963, 28.331665998059876, 0.0 ], [ 76.981316420151984, 28.331527022970125, 0.0 ], [ 76.980834783952631, 28.331223358662932, 0.0 ], [ 76.980314671840233, 28.33083309640261, 0.0 ], [ 76.979391504952744, 28.330064074054874, 0.0 ], [ 76.979048517630403, 28.329916847308944, 0.0 ], [ 76.978682658551605, 28.330049055398135, 0.0 ], [ 76.978476444964656, 28.330315577446711, 0.0 ], [ 76.978184939531346, 28.330905359486589, 0.0 ], [ 76.978091586811402, 28.331526431040675, 0.0 ], [ 76.977952883752593, 28.332503214827277, 0.0 ], [ 76.977992000290726, 28.333131607565544, 0.0 ], [ 76.97795489437226, 28.333559732638875, 0.0 ], [ 76.977879158500599, 28.334095393777876, 0.0 ], [ 76.977769189153506, 28.334576151973092, 0.0 ], [ 76.977707438665036, 28.334972148980551, 0.0 ], [ 76.977770864225064, 28.335456582431281, 0.0 ], [ 76.977683645327119, 28.33566241608591, 0.0 ], [ 76.977454518170092, 28.335644014255102, 0.0 ], [ 76.977345252971062, 28.335533341139268, 0.0 ], [ 76.977104981706191, 28.335361198702017, 0.0 ], [ 76.976886242794748, 28.334959254360641, 0.0 ], [ 76.976639507441121, 28.334272280603823, 0.0 ], [ 76.976367186354338, 28.333399654382838, 0.0 ], [ 76.976280715718502, 28.33282443314058, 0.0 ], [ 76.976077685262837, 28.332219651782236, 0.0 ], [ 76.975909131755614, 28.331660749910959, 0.0 ], [ 76.975515425474256, 28.331313784721726, 0.0 ], [ 76.975023449169512, 28.331204019791677, 0.0 ], [ 76.974019792773262, 28.331146602697956, 0.0 ], [ 76.97330314858317, 28.331230717982486, 0.0 ], [ 76.972693390287262, 28.331136504638089, 0.0 ], [ 76.972461254476983, 28.331041278808719, 0.0 ], [ 76.972199172012409, 28.330733216929001, 0.0 ], [ 76.972025458603156, 28.330553448562867, 0.0 ], [ 76.971830165772602, 28.330228745153647, 0.0 ], [ 76.971828167696103, 28.329926207033843, 0.0 ], [ 76.971815442235084, 28.329266766260186, 0.0 ], [ 76.97168995741184, 28.328437880021305, 0.0 ], [ 76.971176098138045, 28.327442722270561, 0.0 ], [ 76.970362437188726, 28.326590183099459, 0.0 ], [ 76.969837607762841, 28.326375859797771, 0.0 ], [ 76.969397951785339, 28.326407147763309, 0.0 ], [ 76.969191157220891, 28.326506593812724, 0.0 ], [ 76.969043717231216, 28.326675024888896, 0.0 ], [ 76.968981694522185, 28.327080045056686, 0.0 ], [ 76.968757591407183, 28.327440985285254, 0.0 ], [ 76.968243475077415, 28.327583557993858, 0.0 ], [ 76.967737645044934, 28.327608919710066, 0.0 ], [ 76.967139949702144, 28.327447215642803, 0.0 ], [ 76.966210350668931, 28.327106881446902, 0.0 ], [ 76.965803989238211, 28.327039539604975, 0.0 ], [ 76.96513128067825, 28.326822051999979, 0.0 ], [ 76.964522725959526, 28.326872303040005, 0.0 ], [ 76.963963571623225, 28.326982299568371, 0.0 ], [ 76.963533988856668, 28.327018298363292, 0.0 ], [ 76.963169773854645, 28.32690218466059, 0.0 ], [ 76.962748908999657, 28.326617810697744, 0.0 ], [ 76.962533627465419, 28.326653857576947, 0.0 ], [ 76.961770135978611, 28.327522506031105, 0.0 ], [ 76.961444072197523, 28.327316903447485, 0.0 ], [ 76.961066843335374, 28.327537304739923, 0.0 ], [ 76.960303389015792, 28.327983362475742, 0.0 ], [ 76.959895489055882, 28.327785040155451, 0.0 ], [ 76.959629887693083, 28.327607810584951, 0.0 ], [ 76.959476044013229, 28.327261398845881, 0.0 ], [ 76.959217882294979, 28.326623810472572, 0.0 ], [ 76.958917450528787, 28.326039496416524, 0.0 ], [ 76.958581760719028, 28.325251259546956, 0.0 ], [ 76.958498953232507, 28.324545170670511, 0.0 ], [ 76.958020128387247, 28.32339268717287, 0.0 ], [ 76.956870328799738, 28.323458447370676, 0.0 ], [ 76.956426935590329, 28.323439950541431, 0.0 ], [ 76.955791738534785, 28.323345120745252, 0.0 ], [ 76.955228178383123, 28.323242787825151, 0.0 ], [ 76.95471297563428, 28.323051187105751, 0.0 ], [ 76.954286359858941, 28.322978865198003, 0.0 ], [ 76.954349468409319, 28.322722863415898, 0.0 ], [ 76.954439026267551, 28.321871461453448, 0.0 ], [ 76.954629388916601, 28.321252472497491, 0.0 ], [ 76.954663449194598, 28.320752045791036, 0.0 ], [ 76.954516699289456, 28.320333539794792, 0.0 ], [ 76.954403727484603, 28.320173104574518, 0.0 ], [ 76.953945052620583, 28.320154275113865, 0.0 ], [ 76.953530544003399, 28.32019959509962, 0.0 ], [ 76.953301452008986, 28.320181155400402, 0.0 ], [ 76.953035630739393, 28.320012937627382, 0.0 ], [ 76.952917685663223, 28.319847879366318, 0.0 ], [ 76.952826222166067, 28.319647270442445, 0.0 ], [ 76.952723698206185, 28.319478026323821, 0.0 ], [ 76.952356833270983, 28.319086416959454, 0.0 ], [ 76.951543549567333, 28.318414365159921, 0.0 ], [ 76.952263480366184, 28.317833791168891, 0.0 ], [ 76.952660813751791, 28.317295980416493, 0.0 ], [ 76.952786046353026, 28.316820076669547, 0.0 ], [ 76.952623374542611, 28.315863952054087, 0.0 ], [ 76.952215883127835, 28.315092219890708, 0.0 ], [ 76.951804329652504, 28.314469390344041, 0.0 ], [ 76.95137819425949, 28.314193898339315, 0.0 ], [ 76.950819907204476, 28.314087142943499, 0.0 ], [ 76.95035628118714, 28.314063680057966, 0.0 ], [ 76.950032956606336, 28.314133517379339, 0.0 ], [ 76.949904297373962, 28.314361025574396, 0.0 ], [ 76.949846035277488, 28.314626159555171, 0.0 ], [ 76.949828608015522, 28.315077278335117, 0.0 ], [ 76.949843498056836, 28.315465880715877, 0.0 ], [ 76.949907609347832, 28.315733631605831, 0.0 ], [ 76.949928665784071, 28.315896620276288, 0.0 ], [ 76.949972504917056, 28.316159422795181, 0.0 ], [ 76.94993468241654, 28.316610104815371, 0.0 ], [ 76.949726002747525, 28.317151945717004, 0.0 ], [ 76.949499639008607, 28.317594077258686, 0.0 ], [ 76.94912128632123, 28.317996837748844, 0.0 ], [ 76.948799103132117, 28.318211173073582, 0.0 ], [ 76.948406844932478, 28.317629383359741, 0.0 ], [ 76.947785300900406, 28.316663429317412, 0.0 ], [ 76.94738535934323, 28.316736134340996, 0.0 ], [ 76.94684379580309, 28.31695028194768, 0.0 ], [ 76.946475720158332, 28.317163629020641, 0.0 ], [ 76.945972846278551, 28.317455355829683, 0.0 ], [ 76.945420744896779, 28.317867927725302, 0.0 ], [ 76.944983202157076, 28.318382282425574, 0.0 ], [ 76.944513913229116, 28.318751477743739, 0.0 ], [ 76.94417252176207, 28.318735129841532, 0.0 ], [ 76.943850292350746, 28.318764342588803, 0.0 ], [ 76.943312880512352, 28.318639946703946, 0.0 ], [ 76.942685168767284, 28.318459433828249, 0.0 ], [ 76.94194191181775, 28.318213231427954, 0.0 ], [ 76.940879055083087, 28.318086583566437, 0.0 ], [ 76.94013643439331, 28.317072848469664, 0.0 ], [ 76.940069431332333, 28.315983144395855, 0.0 ], [ 76.940386571130929, 28.315768979483082, 0.0 ], [ 76.940407350052411, 28.315769379773158, 0.0 ], [ 76.940649914400566, 28.31581072900002, 0.0 ], [ 76.940957754911807, 28.315972687177595, 0.0 ], [ 76.940977852339785, 28.316000608137205, 0.0 ], [ 76.940889887154952, 28.314934223972184, 0.0 ], [ 76.940800288003217, 28.314354260916964, 0.0 ], [ 76.940576352155801, 28.313321970275165, 0.0 ], [ 76.940382633136778, 28.31274918084711, 0.0 ], [ 76.939789560524986, 28.310672620636993, 0.0 ], [ 76.939591819842093, 28.309842755276957, 0.0 ], [ 76.939398508048882, 28.307994174323877, 0.0 ], [ 76.939471118078799, 28.30716033883747, 0.0 ], [ 76.939346848901621, 28.305882145808035, 0.0 ], [ 76.938715921615383, 28.303657992487221, 0.0 ], [ 76.938203325369329, 28.301693109254504, 0.0 ], [ 76.938398044249496, 28.301384798455427, 0.0 ], [ 76.938440114251549, 28.300945044463852, 0.0 ], [ 76.938572169094044, 28.299809465461166, 0.0 ], [ 76.938667212577499, 28.298489607359816, 0.0 ], [ 76.938760500793194, 28.296820933978736, 0.0 ], [ 76.938606911292212, 28.295468743897615, 0.0 ], [ 76.938100729242819, 28.293246983369414, 0.0 ], [ 76.937625142749724, 28.29188858246992, 0.0 ], [ 76.936468308409289, 28.289085193930344, 0.0 ], [ 76.936468536912443, 28.289076019704968, 0.0 ], [ 76.935886088505185, 28.289514521567064, 0.0 ], [ 76.934464225312965, 28.290276413556814, 0.0 ], [ 76.934032423148878, 28.2905067128296, 0.0 ], [ 76.932324829368824, 28.29147416788696, 0.0 ], [ 76.930585815564712, 28.292450175463085, 0.0 ], [ 76.928846995321194, 28.293416988320502, 0.0 ], [ 76.927117389782879, 28.294429852064702, 0.0 ], [ 76.925580213107295, 28.295226139907172, 0.0 ], [ 76.925437066857, 28.29513158086235, 0.0 ], [ 76.924702609216169, 28.294575815431479, 0.0 ], [ 76.923182237842141, 28.29344491614264, 0.0 ], [ 76.92275839559565, 28.293354088749187, 0.0 ], [ 76.92210168164803, 28.293433133455395, 0.0 ], [ 76.921465967488928, 28.293503403994237, 0.0 ], [ 76.921106837122409, 28.293735075302667, 0.0 ], [ 76.92068336881043, 28.293212957910729, 0.0 ], [ 76.920165488919963, 28.292725614363384, 0.0 ], [ 76.919579796033887, 28.292457239003198, 0.0 ], [ 76.918652456299029, 28.292136331075824, 0.0 ], [ 76.917653784623283, 28.291758957894416, 0.0 ], [ 76.916803521411481, 28.291265141294328, 0.0 ], [ 76.916413147021558, 28.291083156760671, 0.0 ], [ 76.915953038072502, 28.290780492191516, 0.0 ], [ 76.915467040965552, 28.290266211141486, 0.0 ], [ 76.915100424774195, 28.289965362065594, 0.0 ], [ 76.914433035576593, 28.289640300624917, 0.0 ], [ 76.913505734290808, 28.289319356874977, 0.0 ], [ 76.912889372811691, 28.289031997350488, 0.0 ], [ 76.912581650086238, 28.288869965896261, 0.0 ], [ 76.912240182270523, 28.288395201690012, 0.0 ], [ 76.911964253463452, 28.287793211226301, 0.0 ], [ 76.911616766648137, 28.287143933031803, 0.0 ], [ 76.911349165739082, 28.286624711971296, 0.0 ], [ 76.910969605202055, 28.286011520683232, 0.0 ], [ 76.910802667384118, 28.285622760891325, 0.0 ], [ 76.910802383220442, 28.285218891218562, 0.0 ], [ 76.910827677512756, 28.285144553679679, 0.0 ], [ 76.911042212883117, 28.284899146896393, 0.0 ], [ 76.911954489086085, 28.283847354372632, 0.0 ], [ 76.913302376867662, 28.282293282360797, 0.0 ], [ 76.914935045779245, 28.280427807340061, 0.0 ], [ 76.91535803530293, 28.279886130579595, 0.0 ], [ 76.91631812363471, 28.278918117060588, 0.0 ], [ 76.917125010080809, 28.278326045153246, 0.0 ], [ 76.917122912724452, 28.278032523447159, 0.0 ], [ 76.916646831728031, 28.27680316123892, 0.0 ], [ 76.91606271481993, 28.275792695658769, 0.0 ], [ 76.915574566755708, 28.275001026672239, 0.0 ], [ 76.915131080017659, 28.273885238950808, 0.0 ], [ 76.914716811877966, 28.272819748441322, 0.0 ], [ 76.914605095784182, 28.272248432178063, 0.0 ], [ 76.914449546741182, 28.27104857493822, 0.0 ], [ 76.914469895556195, 28.269942825989801, 0.0 ], [ 76.914517972330572, 28.268756406035756, 0.0 ], [ 76.914349991496138, 28.267637546978019, 0.0 ], [ 76.914003506516877, 28.266519336038577, 0.0 ], [ 76.913422958898707, 28.265382508813758, 0.0 ], [ 76.912738603464391, 28.264496272687499, 0.0 ], [ 76.912271912832807, 28.263668930323046, 0.0 ], [ 76.911333740820893, 28.264032378331081, 0.0 ], [ 76.91090073509821, 28.26416276316403, 0.0 ], [ 76.910634369525667, 28.26424296990637, 0.0 ], [ 76.909832839353484, 28.264275254098667, 0.0 ], [ 76.909650111310398, 28.264244200255423, 0.0 ], [ 76.908902917102367, 28.264155750916856, 0.0 ], [ 76.908064612024816, 28.264042744326737, 0.0 ], [ 76.90754723773756, 28.264126331810189, 0.0 ], [ 76.907104561578166, 28.264274753426314, 0.0 ], [ 76.906900325314723, 28.264283863268879, 0.0 ], [ 76.906139455714765, 28.263400447768902, 0.0 ], [ 76.905278575703164, 28.262262010734794, 0.0 ], [ 76.904472552375083, 28.2609847913503, 0.0 ], [ 76.90403886107012, 28.260257467758507, 0.0 ], [ 76.903388349707342, 28.259073920897695, 0.0 ], [ 76.902716181605328, 28.258120170097062, 0.0 ], [ 76.902364541165554, 28.258112525568308, 0.0 ], [ 76.902073337849103, 28.257948164772237, 0.0 ], [ 76.901670088479023, 28.257411129177395, 0.0 ], [ 76.900566186270339, 28.256213191682729, 0.0 ], [ 76.899516609513725, 28.255079637846126, 0.0 ], [ 76.898512503921353, 28.254145730273432, 0.0 ], [ 76.897279424032604, 28.253378402132427, 0.0 ], [ 76.895612267924861, 28.253369174465025, 0.0 ], [ 76.893956432440277, 28.253319538041477, 0.0 ], [ 76.893290811413493, 28.253417903071046, 0.0 ], [ 76.892784420746025, 28.253474585559378, 0.0 ], [ 76.892014062498134, 28.253855112235996, 0.0 ], [ 76.891037415979781, 28.25450204120726, 0.0 ], [ 76.889951352529948, 28.255232360772677, 0.0 ], [ 76.889129955634601, 28.255796878002776, 0.0 ], [ 76.888834572901089, 28.255966516275436, 0.0 ], [ 76.887980441206437, 28.256241344366593, 0.0 ], [ 76.887106991444639, 28.25666022993191, 0.0 ], [ 76.886232343054445, 28.257304837593253, 0.0 ], [ 76.885151822177903, 28.258017182931848, 0.0 ], [ 76.884015036040736, 28.258917922981858, 0.0 ], [ 76.882810528464788, 28.260051958635849, 0.0 ], [ 76.881942434794823, 28.260642503978577, 0.0 ], [ 76.880330568397653, 28.261388334028755, 0.0 ], [ 76.878684319139182, 28.262268845710452, 0.0 ], [ 76.876916941955443, 28.262920927775927, 0.0 ], [ 76.876062189743223, 28.263338669737763, 0.0 ], [ 76.875696759893771, 28.26351726201592, 0.0 ], [ 76.875267108839935, 28.263927745633215, 0.0 ], [ 76.875040750677087, 28.263633812886443, 0.0 ], [ 76.874220026417788, 28.262347064607319, 0.0 ], [ 76.872853880970567, 28.260506522704755, 0.0 ], [ 76.872029036312412, 28.259368667165905, 0.0 ], [ 76.871282840089975, 28.258336378916525, 0.0 ], [ 76.870662719477849, 28.25699079700729, 0.0 ], [ 76.87047365366702, 28.257004703919247, 0.0 ], [ 76.869820280025294, 28.255572598815228, 0.0 ], [ 76.867686252724667, 28.256026877156213, 0.0 ], [ 76.867394863210421, 28.256103657019395, 0.0 ], [ 76.86728689298414, 28.25545383125823, 0.0 ], [ 76.86725804526283, 28.255259642243843, 0.0 ], [ 76.867003621461436, 28.253546948422034, 0.0 ], [ 76.866939913926956, 28.253204767155804, 0.0 ], [ 76.867263551482623, 28.252773739088255, 0.0 ], [ 76.867093591956646, 28.252299402120013, 0.0 ], [ 76.866330834915871, 28.250091899261868, 0.0 ], [ 76.865938377174672, 28.249127958668979, 0.0 ], [ 76.865444164777358, 28.247931771479738, 0.0 ], [ 76.86418415979908, 28.246278913177061, 0.0 ], [ 76.863035792545958, 28.245127572172208, 0.0 ], [ 76.862503328260075, 28.244437668166377, 0.0 ], [ 76.861613791627093, 28.243361926297734, 0.0 ], [ 76.860922149107637, 28.24235892880661, 0.0 ], [ 76.860587582839955, 28.241741765482946, 0.0 ], [ 76.859917912982596, 28.240314459745857, 0.0 ], [ 76.859324909742043, 28.238799575461325, 0.0 ], [ 76.859098475529805, 28.237935548595871, 0.0 ], [ 76.85808844166273, 28.236237751474729, 0.0 ], [ 76.857745221352204, 28.235602083856623, 0.0 ], [ 76.857484014713421, 28.234592226841187, 0.0 ], [ 76.857178391225219, 28.234849331790397, 0.0 ], [ 76.856806474214139, 28.235079361185296, 0.0 ], [ 76.855767115371975, 28.235580067085014, 0.0 ], [ 76.854875442761056, 28.235995016322619, 0.0 ], [ 76.852980218881655, 28.236973782438852, 0.0 ], [ 76.851120425061765, 28.238047250555091, 0.0 ], [ 76.849887482540296, 28.238665144721484, 0.0 ], [ 76.848853094909757, 28.23915670923364, 0.0 ], [ 76.84700868178308, 28.239873724546435, 0.0 ], [ 76.846423025092932, 28.239097597854641, 0.0 ], [ 76.845760680731175, 28.239282428060257, 0.0 ], [ 76.845077997987701, 28.239440186814726, 0.0 ], [ 76.844818161260562, 28.239399564781241, 0.0 ], [ 76.84448195394998, 28.23919645143928, 0.0 ], [ 76.844140621921881, 28.23916929065734, 0.0 ], [ 76.843768722251795, 28.239254894989976, 0.0 ], [ 76.843346016445665, 28.238708936775939, 0.0 ], [ 76.843121856903252, 28.238609621579741, 0.0 ], [ 76.841404899974776, 28.239155093438892, 0.0 ], [ 76.841373899789033, 28.239164694586865, 0.0 ], [ 76.839978203043259, 28.239596918126846, 0.0 ], [ 76.838959228918753, 28.239885423463402, 0.0 ], [ 76.838307074035242, 28.240029652043511, 0.0 ], [ 76.837583646051826, 28.240106158963641, 0.0 ], [ 76.836223204771088, 28.240408078333406, 0.0 ], [ 76.835183782464142, 28.240723543233013, 0.0 ], [ 76.834536751657055, 28.240953508702635, 0.0 ], [ 76.833904917488823, 28.241124697088448, 0.0 ], [ 76.833288344232002, 28.24146741220736, 0.0 ], [ 76.832753271612802, 28.241683866454299, 0.0 ], [ 76.831912531775586, 28.241927243486845, 0.0 ], [ 76.831265439765332, 28.242184178058022, 0.0 ], [ 76.830730413210247, 28.242427603675083, 0.0 ], [ 76.830144321333648, 28.242801932566795, 0.0 ], [ 76.829079301983384, 28.243315872027935, 0.0 ], [ 76.828590059042071, 28.243663180918531, 0.0 ], [ 76.828365819896391, 28.243965340403818, 0.0 ], [ 76.825935197707864, 28.244681884724383, 0.0 ], [ 76.825900197344723, 28.244690608081918, 0.0 ], [ 76.82329584753252, 28.245339626626293, 0.0 ], [ 76.823294927493833, 28.245338469093234, 0.0 ], [ 76.823293142647685, 28.245336223975428, 0.0 ], [ 76.822338507867428, 28.24413463717466, 0.0 ], [ 76.821513102530787, 28.244233538543707, 0.0 ], [ 76.820443023652743, 28.244621135432958, 0.0 ], [ 76.819474895052451, 28.244873447117392, 0.0 ], [ 76.818257787803475, 28.24376754315756, 0.0 ], [ 76.817758440144218, 28.243965864843531, 0.0 ], [ 76.816703486282051, 28.244597074286514, 0.0 ], [ 76.815796365806335, 28.245016312975086, 0.0 ], [ 76.812201835955747, 28.240809796490044, 0.0 ], [ 76.811539224704632, 28.241224591892223, 0.0 ], [ 76.810178417189192, 28.242198492739277, 0.0 ], [ 76.811583634169054, 28.243737589459347, 0.0 ], [ 76.811894212490131, 28.244121253185174, 0.0 ], [ 76.810028752391958, 28.245356601616944, 0.0 ], [ 76.8089584166256, 28.24604634594958, 0.0 ], [ 76.808102126061414, 28.246533176832756, 0.0 ], [ 76.807633260693265, 28.246830779375784, 0.0 ], [ 76.808330141745287, 28.248613188434661, 0.0 ], [ 76.808915316722661, 28.250001539993246, 0.0 ], [ 76.80995958860359, 28.251653088037614, 0.0 ], [ 76.810755631645534, 28.253061590296767, 0.0 ], [ 76.810941009640516, 28.253606342742998, 0.0 ], [ 76.811000265940578, 28.2537804663834, 0.0 ], [ 76.811047046192698, 28.254106607565234, 0.0 ], [ 76.810982030013037, 28.25424060868438, 0.0 ], [ 76.810230869396193, 28.254652735817203, 0.0 ], [ 76.808350007118847, 28.255518164011253, 0.0 ], [ 76.807784025934609, 28.25569512213611, 0.0 ], [ 76.807221783511821, 28.255741220312256, 0.0 ], [ 76.806516915561701, 28.255960210792963, 0.0 ], [ 76.806040867300197, 28.256140150157286, 0.0 ], [ 76.805434352906246, 28.256369399152078, 0.0 ], [ 76.804922741529055, 28.256606263066686, 0.0 ], [ 76.803903158815331, 28.255526837728986, 0.0 ], [ 76.802750655330101, 28.25428187646013, 0.0 ], [ 76.80210677942857, 28.253617234998298, 0.0 ], [ 76.801984476089501, 28.253614489228045, 0.0 ], [ 76.800520866258466, 28.254331150774977, 0.0 ], [ 76.799867212273256, 28.254542230099055, 0.0 ], [ 76.79932791929555, 28.254855208236812, 0.0 ], [ 76.79873887999355, 28.255302524610698, 0.0 ], [ 76.797931481011744, 28.255717839038741, 0.0 ], [ 76.79691630390019, 28.256087841178768, 0.0 ], [ 76.796566019403556, 28.256210905556145, 0.0 ], [ 76.796403931637286, 28.255995047116166, 0.0 ], [ 76.796124860221539, 28.256124227761365, 0.0 ], [ 76.795766150808873, 28.255473872337227, 0.0 ], [ 76.79568860913912, 28.255333285784126, 0.0 ], [ 76.795493607348007, 28.254665165100182, 0.0 ], [ 76.79557893132376, 28.254179442942878, 0.0 ], [ 76.795740434643875, 28.253704463428999, 0.0 ], [ 76.795756015755956, 28.253339081007539, 0.0 ], [ 76.795818318450003, 28.252767051016068, 0.0 ], [ 76.795937450343601, 28.252169209079327, 0.0 ], [ 76.795990983183358, 28.251547313717548, 0.0 ], [ 76.796082514089434, 28.250844999110072, 0.0 ], [ 76.796072049414036, 28.250321000203417, 0.0 ], [ 76.795984467108354, 28.250174543132854, 0.0 ], [ 76.795822305615701, 28.250000558582965, 0.0 ], [ 76.795062553723099, 28.248890439267104, 0.0 ], [ 76.794319551792327, 28.247694342600202, 0.0 ], [ 76.794055015297403, 28.247166361957774, 0.0 ], [ 76.793938405484255, 28.246385737396512, 0.0 ], [ 76.793938503818168, 28.246378442669084, 0.0 ], [ 76.793965357320403, 28.244391598451095, 0.0 ], [ 76.793303676340315, 28.243552066268467, 0.0 ], [ 76.792601374586681, 28.242464348578284, 0.0 ], [ 76.792087753624173, 28.241318020581197, 0.0 ], [ 76.791502693453168, 28.240140139160491, 0.0 ], [ 76.791345148739509, 28.239688901933381, 0.0 ], [ 76.790729696194603, 28.238362057779202, 0.0 ], [ 76.789177522554198, 28.236281197976329, 0.0 ], [ 76.789175606018304, 28.236277573758763, 0.0 ], [ 76.788480643617987, 28.234963349695441, 0.0 ], [ 76.78795644792848, 28.234344895868386, 0.0 ], [ 76.787503811071929, 28.233464875091617, 0.0 ], [ 76.786806742595431, 28.232340956265759, 0.0 ], [ 76.783967618696522, 28.228265089893274, 0.0 ], [ 76.783087513288734, 28.226919997495212, 0.0 ], [ 76.781560905873604, 28.224996997217218, 0.0 ], [ 76.780817986216974, 28.224148257469899, 0.0 ], [ 76.780502420858241, 28.223877387435618, 0.0 ], [ 76.779309806935046, 28.22453528117676, 0.0 ], [ 76.777893075170567, 28.225301213682048, 0.0 ], [ 76.77678691010864, 28.226166700251333, 0.0 ], [ 76.776675932684142, 28.226303537436241, 0.0 ], [ 76.776037208136913, 28.227091083143719, 0.0 ], [ 76.774584057209552, 28.22852924771961, 0.0 ], [ 76.774110032581845, 28.228867323581518, 0.0 ], [ 76.772478905914781, 28.229903745765711, 0.0 ], [ 76.77123502918225, 28.230845788927944, 0.0 ], [ 76.770439659385815, 28.23155802312856, 0.0 ], [ 76.770607113946625, 28.232257517445763, 0.0 ], [ 76.770784602804895, 28.233083225009114, 0.0 ], [ 76.77076381628892, 28.233552410963863, 0.0 ], [ 76.769061013924428, 28.234913708198576, 0.0 ], [ 76.769072425117827, 28.234937192819267, 0.0 ], [ 76.769396554597023, 28.235604257906736, 0.0 ], [ 76.769670532434787, 28.236750444390854, 0.0 ], [ 76.769878508659815, 28.237657430227781, 0.0 ], [ 76.769969364457467, 28.238469550577047, 0.0 ], [ 76.769708542902706, 28.239516078901147, 0.0 ], [ 76.769290353449961, 28.23996243545168, 0.0 ], [ 76.768494895894506, 28.240643073470501, 0.0 ], [ 76.76768446925773, 28.24110262085998, 0.0 ], [ 76.766823019330289, 28.24153962939377, 0.0 ], [ 76.766804782403838, 28.241528694026414, 0.0 ], [ 76.766273094488895, 28.241209848600327, 0.0 ], [ 76.765610879669211, 28.241128066736607, 0.0 ], [ 76.765162492692212, 28.241159308719968, 0.0 ], [ 76.764408126403978, 28.241564776561248, 0.0 ], [ 76.76254747321164, 28.242591957366027, 0.0 ], [ 76.761558255097924, 28.24334905929685, 0.0 ], [ 76.759710339115756, 28.244847793226736, 0.0 ], [ 76.759702134705847, 28.244854448296255, 0.0 ], [ 76.757382152877511, 28.246589497442539, 0.0 ], [ 76.75589341912648, 28.247504055730648, 0.0 ], [ 76.75588097358397, 28.24750891488388, 0.0 ], [ 76.754440654802224, 28.248071229543847, 0.0 ], [ 76.753467076384098, 28.248476476618038, 0.0 ], [ 76.752809646702573, 28.24860222895957, 0.0 ], [ 76.751953646353797, 28.248700743616961, 0.0 ], [ 76.75052695238584, 28.24877615176651, 0.0 ], [ 76.749999950412217, 28.248861498635826, 0.0 ], [ 76.748729160762934, 28.249130221292855, 0.0 ], [ 76.74734256549813, 28.24950029643021, 0.0 ], [ 76.745222922299348, 28.250000615100177, 0.0 ], [ 76.744947049958526, 28.250086478597428, 0.0 ], [ 76.741833674376011, 28.251055450081051, 0.0 ], [ 76.741099703434372, 28.251283870178845, 0.0 ], [ 76.740977498895717, 28.251333618775963, 0.0 ], [ 76.74046313494803, 28.251541601434184, 0.0 ], [ 76.736683850811076, 28.252826060617455, 0.0 ], [ 76.732787823176736, 28.254674496445514, 0.0 ], [ 76.729691211647932, 28.256034939632425, 0.0 ], [ 76.726705930106249, 28.25746388402565, 0.0 ], [ 76.726594647581408, 28.257517149732273, 0.0 ], [ 76.725601344516065, 28.257811087702375, 0.0 ], [ 76.724908636246894, 28.258131997006483, 0.0 ], [ 76.721333374086214, 28.260056568451208, 0.0 ], [ 76.717885266999232, 28.261890646306824, 0.0 ], [ 76.716238826375701, 28.262679745420044, 0.0 ], [ 76.715170349991268, 28.263191824736783, 0.0 ], [ 76.713392639256867, 28.263978072339253, 0.0 ], [ 76.712942068779824, 28.264156027401015, 0.0 ], [ 76.711905182828303, 28.264565547030056, 0.0 ], [ 76.711059501378514, 28.264823237186185, 0.0 ], [ 76.7110388967712, 28.264548060603602, 0.0 ], [ 76.7105806331883, 28.263837088091531, 0.0 ], [ 76.710579632193756, 28.263835535372035, 0.0 ], [ 76.708948153988288, 28.262776235453881, 0.0 ], [ 76.70735760334658, 28.261897439772131, 0.0 ], [ 76.706119012747919, 28.261388393768257, 0.0 ], [ 76.705360294055964, 28.261143507345469, 0.0 ], [ 76.705267821486899, 28.26111365968228, 0.0 ], [ 76.704961930395939, 28.260946909443902, 0.0 ], [ 76.703478495148829, 28.260108604587995, 0.0 ], [ 76.703233786631174, 28.259923760012512, 0.0 ], [ 76.701623722836175, 28.260037498449822, 0.0 ], [ 76.700095042093764, 28.260128635646236, 0.0 ], [ 76.699080041490873, 28.258662825731491, 0.0 ], [ 76.699052363212829, 28.258676297758758, 0.0 ], [ 76.696889725219052, 28.259728795664596, 0.0 ], [ 76.696864899449338, 28.259745442000895, 0.0 ], [ 76.694276820723161, 28.261480709126214, 0.0 ], [ 76.692539988733458, 28.262650096109141, 0.0 ], [ 76.691205608418016, 28.263823776465799, 0.0 ], [ 76.689820194656946, 28.264749351466175, 0.0 ], [ 76.689258370296727, 28.265121727087166, 0.0 ], [ 76.688103555381147, 28.265887117393124, 0.0 ], [ 76.687491825110442, 28.265445242890056, 0.0 ], [ 76.686242711381283, 28.264439694375767, 0.0 ], [ 76.685008985908141, 28.263393599365262, 0.0 ], [ 76.684142183949831, 28.262590884411175, 0.0 ], [ 76.68376471576785, 28.261778974143382, 0.0 ], [ 76.683519833232978, 28.261341402186765, 0.0 ], [ 76.683229417141661, 28.261359599157025, 0.0 ], [ 76.682877787793828, 28.261341641427634, 0.0 ], [ 76.682032227499221, 28.261869895189843, 0.0 ], [ 76.681721709209313, 28.262438489801031, 0.0 ], [ 76.681701372123868, 28.262623475823471, 0.0 ], [ 76.681431535170987, 28.262894293267731, 0.0 ], [ 76.680545012113612, 28.263151848636749, 0.0 ], [ 76.679571843589784, 28.26340937896024, 0.0 ], [ 76.678023029460192, 28.263996523173539, 0.0 ], [ 76.67742190439364, 28.264326090684236, 0.0 ], [ 76.677238548586232, 28.2644705712631, 0.0 ], [ 76.677401790259609, 28.264890115389289, 0.0 ], [ 76.677651869978746, 28.265693050450093, 0.0 ], [ 76.67775395585673, 28.266112624446016, 0.0 ], [ 76.677794918193158, 28.266423926889246, 0.0 ], [ 76.677509701578828, 28.266807554033019, 0.0 ], [ 76.677137944521363, 28.267191159487751, 0.0 ], [ 76.677500085468679, 28.267930899456911, 0.0 ], [ 76.677717467860319, 28.268266231726724, 0.0 ], [ 76.67793871155159, 28.268607515198177, 0.0 ], [ 76.676394865023397, 28.26911344713341, 0.0 ], [ 76.674596286797325, 28.26971869054055, 0.0 ], [ 76.673465083242519, 28.270051696322593, 0.0 ], [ 76.673230701674967, 28.270120692824246, 0.0 ], [ 76.673995859693804, 28.271640841492001, 0.0 ], [ 76.674597693554148, 28.272682868428507, 0.0 ], [ 76.675857766215671, 28.275443531397038, 0.0 ], [ 76.676664168913888, 28.277951639301573, 0.0 ], [ 76.677123814874633, 28.279882535056064, 0.0 ], [ 76.67745601536302, 28.281876540264722, 0.0 ], [ 76.677803212660493, 28.283031417402125, 0.0 ], [ 76.678155701609725, 28.284601277694044, 0.0 ], [ 76.678339881412626, 28.285252319441636, 0.0 ], [ 76.67846709581967, 28.285701993718163, 0.0 ], [ 76.678487874206652, 28.286324628142015, 0.0 ], [ 76.678590352170147, 28.287384861883993, 0.0 ], [ 76.67873869897403, 28.288535230761276, 0.0 ], [ 76.679070351457867, 28.28922994039516, 0.0 ], [ 76.679666982581466, 28.289807134633168, 0.0 ], [ 76.680763334363832, 28.29079476012765, 0.0 ], [ 76.680600378895093, 28.290961738774381, 0.0 ], [ 76.679999162184259, 28.291417669609228, 0.0 ], [ 76.68000261535569, 28.291419968465075, 0.0 ], [ 76.682334389233645, 28.292973211444682, 0.0 ], [ 76.682956570424821, 28.293428601730216, 0.0 ], [ 76.682956642817572, 28.293536899109057, 0.0 ], [ 76.681922144987297, 28.294015595684396, 0.0 ], [ 76.680663394215046, 28.294602633121372, 0.0 ], [ 76.681944092438769, 28.29699331344159, 0.0 ], [ 76.683010816580122, 28.299002209417839, 0.0 ], [ 76.683352445200356, 28.299645563304487, 0.0 ], [ 76.682526915683681, 28.300065464476827, 0.0 ], [ 76.681823635054613, 28.300485388486344, 0.0 ], [ 76.68172183771577, 28.300742584125377, 0.0 ], [ 76.681803814094636, 28.301455340073236, 0.0 ], [ 76.682467923390519, 28.304157558227537, 0.0 ], [ 76.682820835812436, 28.306223751660454, 0.0 ], [ 76.683004811434017, 28.307008711995756, 0.0 ], [ 76.683893158231101, 28.309498778630314, 0.0 ], [ 76.68470478134526, 28.311285043407285, 0.0 ], [ 76.685240737461982, 28.31251192579553, 0.0 ], [ 76.685444863207096, 28.312949450190704, 0.0 ], [ 76.685477445677549, 28.313041215012554, 0.0 ], [ 76.685633860913526, 28.313481738966185, 0.0 ], [ 76.68549126852443, 28.313829238733422, 0.0 ], [ 76.684436269622083, 28.314416237618911, 0.0 ], [ 76.682244744523018, 28.315621808903991, 0.0 ], [ 76.681123360154331, 28.316085792638948, 0.0 ], [ 76.680160056703755, 28.31648435767471, 0.0 ], [ 76.679186477955412, 28.316850200900817, 0.0 ], [ 76.678029208832001, 28.316922827553274, 0.0 ], [ 76.676479455359825, 28.317180579498554, 0.0 ], [ 76.67431771949056, 28.317127254244468, 0.0 ], [ 76.672930964938374, 28.317055547923388, 0.0 ], [ 76.672645052590923, 28.316139792391262, 0.0 ], [ 76.672591449323207, 28.315979406785942, 0.0 ], [ 76.671838459299991, 28.313726349886817, 0.0 ], [ 76.671297402755471, 28.31224226945422, 0.0 ], [ 76.671052491329547, 28.311709919172358, 0.0 ], [ 76.671072445416343, 28.310748988957645, 0.0 ], [ 76.671051807607711, 28.310198551535773, 0.0 ], [ 76.670903770860733, 28.309652650822997, 0.0 ], [ 76.670781370853177, 28.309539895454105, 0.0 ], [ 76.669889204490218, 28.309671115155549, 0.0 ], [ 76.669562909839428, 28.309594516156604, 0.0 ], [ 76.669455800625968, 28.309468215174572, 0.0 ], [ 76.669210905460545, 28.308994522244102, 0.0 ], [ 76.668317861401732, 28.306743564601916, 0.0 ], [ 76.66776170891103, 28.305534543724132, 0.0 ], [ 76.667220726574044, 28.303996290898155, 0.0 ], [ 76.666934958660747, 28.303247475563953, 0.0 ], [ 76.666414934267934, 28.303085152483913, 0.0 ], [ 76.663387311768545, 28.303907237334144, 0.0 ], [ 76.659151462068337, 28.304806129630379, 0.0 ], [ 76.655491527982761, 28.305682295639603, 0.0 ], [ 76.65369719752718, 28.306088774474663, 0.0 ], [ 76.652642062232047, 28.306179258106386, 0.0 ], [ 76.652601456010999, 28.306995862329764, 0.0 ], [ 76.652474068350614, 28.307198839812852, 0.0 ], [ 76.651750154569172, 28.307271226008389, 0.0 ], [ 76.650700044349961, 28.307384196992697, 0.0 ], [ 76.650429957012861, 28.307492511457266, 0.0 ], [ 76.650307595215367, 28.30769109437831, 0.0 ], [ 76.650287362525106, 28.308408450995348, 0.0 ], [ 76.650553036383116, 28.310768024570983, 0.0 ], [ 76.650573675943008, 28.311787578845429, 0.0 ], [ 76.651175705435548, 28.31354699146295, 0.0 ], [ 76.652435738564876, 28.316348472257687, 0.0 ], [ 76.65263474616728, 28.317313972162722, 0.0 ], [ 76.653359416177352, 28.319876446747948, 0.0 ], [ 76.653468799968465, 28.320394837270548, 0.0 ], [ 76.653527914434406, 28.320674995193382, 0.0 ], [ 76.654385876381966, 28.32322645162531, 0.0 ], [ 76.65453821191069, 28.32367946471377, 0.0 ], [ 76.654905535743353, 28.324424500562476, 0.0 ], [ 76.655354486089308, 28.325335086706939, 0.0 ], [ 76.656161008943826, 28.328281002774929, 0.0 ], [ 76.657048805983806, 28.330387704562423, 0.0 ], [ 76.657108957687456, 28.33046160422812, 0.0 ], [ 76.658477063241634, 28.332142361854157, 0.0 ], [ 76.660114554700115, 28.334303005927818, 0.0 ], [ 76.661726719142351, 28.336680258266483, 0.0 ], [ 76.664165357836069, 28.339811247858016, 0.0 ], [ 76.664660244895373, 28.340446611321635, 0.0 ], [ 76.663069476545502, 28.34115993137452, 0.0 ], [ 76.659887372676721, 28.34207381958942, 0.0 ], [ 76.659877493031914, 28.342076655866649, 0.0 ], [ 76.660010751604318, 28.343935397161953, 0.0 ], [ 76.660363024312133, 28.345216594435382, 0.0 ], [ 76.660939749313613, 28.346610570086003, 0.0 ], [ 76.66177671667468, 28.348469127199952, 0.0 ], [ 76.661761667938052, 28.349114308458287, 0.0 ], [ 76.66051780282659, 28.350463589241887, 0.0 ], [ 76.659437316395596, 28.352769297690671, 0.0 ], [ 76.658601445179428, 28.354249327461041, 0.0 ], [ 76.658116999855423, 28.35454726179951, 0.0 ], [ 76.657132815060422, 28.354809122427888, 0.0 ], [ 76.658173822375929, 28.35665411657828, 0.0 ], [ 76.659265954566891, 28.358805862495966, 0.0 ], [ 76.660439837036819, 28.361192237343065, 0.0 ], [ 76.66151889389225, 28.363815669680921, 0.0 ], [ 76.661588369374513, 28.363984571553733, 0.0 ], [ 76.663227085421752, 28.368031031803966, 0.0 ], [ 76.663747754180093, 28.368946821736998, 0.0 ], [ 76.663977500713955, 28.369533239985078, 0.0 ], [ 76.664105100300972, 28.369903138084506, 0.0 ], [ 76.663151501810233, 28.370485411367465, 0.0 ], [ 76.663503614200309, 28.37099516155768, 0.0 ], [ 76.664207957715547, 28.372028103604155, 0.0 ], [ 76.665907669766611, 28.37485634376517, 0.0 ], [ 76.667413114088717, 28.376525187189412, 0.0 ], [ 76.669026284854141, 28.379231616958958, 0.0 ], [ 76.671433932500221, 28.378924053247516, 0.0 ], [ 76.675356444521626, 28.378336116343206, 0.0 ], [ 76.676136930685459, 28.378204957104785, 0.0 ], [ 76.680329511472692, 28.377210785655365, 0.0 ], [ 76.683073446706871, 28.376176449359566, 0.0 ], [ 76.683918133684344, 28.375708427006412, 0.0 ], [ 76.683945388095523, 28.375693326073968, 0.0 ], [ 76.686540772109879, 28.373864965948574, 0.0 ], [ 76.689569793095473, 28.372144621332286, 0.0 ], [ 76.692180301484029, 28.370406394696715, 0.0 ], [ 76.692501410075295, 28.370040790464667, 0.0 ], [ 76.692873648480244, 28.369778875143879, 0.0 ], [ 76.69374887425586, 28.369176739118181, 0.0 ], [ 76.694199244303704, 28.368866890065615, 0.0 ], [ 76.695983626235289, 28.367562117395131, 0.0 ], [ 76.696630998256154, 28.36690762470559, 0.0 ], [ 76.696278188779019, 28.365644508300615, 0.0 ], [ 76.695848791916077, 28.36428677005415, 0.0 ], [ 76.694858155944161, 28.362536760097036, 0.0 ], [ 76.695846834208126, 28.361417411447185, 0.0 ], [ 76.696407545176584, 28.360916247372973, 0.0 ], [ 76.697565767754639, 28.36043075312066, 0.0 ], [ 76.698972325120863, 28.35984114856884, 0.0 ], [ 76.701465582704628, 28.358743431460503, 0.0 ], [ 76.701679734977731, 28.358680113080165, 0.0 ], [ 76.702047516309307, 28.359370236692346, 0.0 ], [ 76.704026512014948, 28.359554072830775, 0.0 ], [ 76.704868148723051, 28.359589664092336, 0.0 ], [ 76.705204675681046, 28.359472107171989, 0.0 ], [ 76.706989157905824, 28.358740167164584, 0.0 ], [ 76.70871255592715, 28.358062398851843, 0.0 ], [ 76.7094409146749, 28.357784158781456, 0.0 ], [ 76.709599698959465, 28.357723502831501, 0.0 ], [ 76.712332594146076, 28.356724653022429, 0.0 ], [ 76.713688844483443, 28.356268115078738, 0.0 ], [ 76.714321255232264, 28.356204571275892, 0.0 ], [ 76.71595842781764, 28.356203468548308, 0.0 ], [ 76.717376258944981, 28.356265663468839, 0.0 ], [ 76.718391142674392, 28.356215333439092, 0.0 ], [ 76.718834859630064, 28.356223998427222, 0.0 ], [ 76.719498277689425, 28.356616053446199, 0.0 ], [ 76.720074858071513, 28.356917961004577, 0.0 ], [ 76.722263496484942, 28.357696945598601, 0.0 ], [ 76.722880766663209, 28.357750601687812, 0.0 ], [ 76.72422189636157, 28.357591689552688, 0.0 ], [ 76.725090071543093, 28.357644090920868, 0.0 ], [ 76.725109413792595, 28.35764525872489, 0.0 ], [ 76.725681479352204, 28.358493006029502, 0.0 ], [ 76.726376280482611, 28.359706043472816, 0.0 ], [ 76.726555182802343, 28.360188667621205, 0.0 ], [ 76.727014505713939, 28.360422991401872, 0.0 ], [ 76.727601265713076, 28.360670681655009, 0.0 ], [ 76.728371886914559, 28.361202386359455, 0.0 ], [ 76.728530340270467, 28.361454959417067, 0.0 ], [ 76.728561303802621, 28.361860941027953, 0.0 ], [ 76.728576841326074, 28.36215873542892, 0.0 ], [ 76.728873034623504, 28.3625374398611, 0.0 ], [ 76.729373261041587, 28.362902545190998, 0.0 ], [ 76.72959804219839, 28.363281339579775, 0.0 ], [ 76.729491287735485, 28.363606225196627, 0.0 ], [ 76.729037653864552, 28.36396303387626, 0.0 ], [ 76.728813550043796, 28.364211344605899, 0.0 ], [ 76.728962080852284, 28.364915000423476, 0.0 ], [ 76.729069409305794, 28.365122467475896, 0.0 ], [ 76.729640983403485, 28.365356620800863, 0.0 ], [ 76.729936786567691, 28.36538345974849, 0.0 ], [ 76.730564736362965, 28.365928873041469, 0.0 ], [ 76.730830391983559, 28.366411472183469, 0.0 ], [ 76.730978725968114, 28.366812894274794, 0.0 ], [ 76.73096422569165, 28.367597853416896, 0.0 ], [ 76.730816539829121, 28.36784609871107, 0.0 ], [ 76.73193898693826, 28.36814300576486, 0.0 ], [ 76.732556647470105, 28.368562104872627, 0.0 ], [ 76.732424625434263, 28.36920290198799, 0.0 ], [ 76.731879691201954, 28.370051454589586, 0.0 ], [ 76.731849290879509, 28.370259045182177, 0.0 ], [ 76.732012808342546, 28.370520572391584, 0.0 ], [ 76.732349717160531, 28.370727825621042, 0.0 ], [ 76.732207085505223, 28.370935488621267, 0.0 ], [ 76.732059272446406, 28.37110702866687, 0.0 ], [ 76.732161575737493, 28.371368611755095, 0.0 ], [ 76.73262124638255, 28.371878069060141, 0.0 ], [ 76.73292781928788, 28.37242827694698, 0.0 ], [ 76.734185277688553, 28.375012427637543, 0.0 ], [ 76.734527864307495, 28.375743024051772, 0.0 ], [ 76.734645677093638, 28.376279836789475, 0.0 ], [ 76.734569461280785, 28.37656859790166, 0.0 ], [ 76.734452540008306, 28.376920599488333, 0.0 ], [ 76.734320171003631, 28.377182370916561, 0.0 ], [ 76.734259212135242, 28.377430597995083, 0.0 ], [ 76.734249140126281, 28.377570426869049, 0.0 ], [ 76.734009819778564, 28.377963149588364, 0.0 ], [ 76.733744956570547, 28.378328764740669, 0.0 ], [ 76.733184253623648, 28.378811941002823, 0.0 ], [ 76.73320011268099, 28.37933534155113, 0.0 ], [ 76.733364223884791, 28.380196901497357, 0.0 ], [ 76.732655578532857, 28.380644144166393, 0.0 ], [ 76.729927661461957, 28.381873382056444, 0.0 ], [ 76.729810414701149, 28.382017909282762, 0.0 ], [ 76.729887071584002, 28.38215762974205, 0.0 ], [ 76.730315948064245, 28.382446111021938, 0.0 ], [ 76.731066547987908, 28.383217016993267, 0.0 ], [ 76.730093073716276, 28.384079491346341, 0.0 ], [ 76.72851774122752, 28.385163478739461, 0.0 ], [ 76.728441455452611, 28.385411628438717, 0.0 ], [ 76.728401266211264, 28.38607941105975, 0.0 ], [ 76.728488391885293, 28.386417717412524, 0.0 ], [ 76.728800091649475, 28.386967869228016, 0.0 ], [ 76.729004716908037, 28.387491039932002, 0.0 ], [ 76.729005187404596, 28.387960219424105, 0.0 ], [ 76.72896455815274, 28.388154310406758, 0.0 ], [ 76.728801486633529, 28.388361957797681, 0.0 ], [ 76.728342600591688, 28.388678133659464, 0.0 ], [ 76.727914414983715, 28.389043915705695, 0.0 ], [ 76.727430036008215, 28.389292366046206, 0.0 ], [ 76.727134111102799, 28.389306136441132, 0.0 ], [ 76.727044193306781, 28.389374924993966, 0.0 ], [ 76.726797639915375, 28.389563538564619, 0.0 ], [ 76.726767335113053, 28.389865884426577, 0.0 ], [ 76.726798504985609, 28.390479426454512, 0.0 ], [ 76.725482681082056, 28.390908973107415, 0.0 ], [ 76.72083185427654, 28.393136580321986, 0.0 ], [ 76.717201006687048, 28.39510616110131, 0.0 ], [ 76.716180883550649, 28.395449768977201, 0.0 ], [ 76.715334088054647, 28.395536061103751, 0.0 ], [ 76.714685807032822, 28.395211578685597, 0.0 ], [ 76.71406297096182, 28.394742830263787, 0.0 ], [ 76.713094619470354, 28.395970621446985, 0.0 ], [ 76.711428064667899, 28.398150786619095, 0.0 ], [ 76.710321658452173, 28.399193663833564, 0.0 ], [ 76.710020988275517, 28.399536761392909, 0.0 ], [ 76.70873597459088, 28.400606778138414, 0.0 ], [ 76.707246694904057, 28.401338574948099, 0.0 ], [ 76.707246019993534, 28.401346202122848, 0.0 ], [ 76.707059554219839, 28.403454653939232, 0.0 ], [ 76.707059970464428, 28.403964444668471, 0.0 ], [ 76.706399958244958, 28.408169585662232, 0.0 ], [ 76.706400661181348, 28.408184885039297, 0.0 ], [ 76.706415487888307, 28.408507992164644, 0.0 ], [ 76.706518447313215, 28.409735034632156, 0.0 ], [ 76.707496627177534, 28.4142550771552, 0.0 ], [ 76.707835213465628, 28.416488104048462, 0.0 ], [ 76.708725027359847, 28.418955347793624, 0.0 ], [ 76.70881596232374, 28.419256765443819, 0.0 ], [ 76.709088378730002, 28.420159712446775, 0.0 ], [ 76.711429625058898, 28.425080429754324, 0.0 ], [ 76.714277987310567, 28.431800784962967, 0.0 ], [ 76.716481339111141, 28.436475117400946, 0.0 ], [ 76.716916342573967, 28.437397906542653, 0.0 ], [ 76.717090262806465, 28.437767702924393, 0.0 ], [ 76.715376053665494, 28.438684731369655, 0.0 ], [ 76.714167305800771, 28.439741209852617, 0.0 ], [ 76.713407358173939, 28.440499634254355, 0.0 ], [ 76.712934052926045, 28.442079015398836, 0.0 ], [ 76.712093260825711, 28.443816523316279, 0.0 ], [ 76.7109005672786, 28.445996324230183, 0.0 ], [ 76.710519322340588, 28.447932087378426, 0.0 ], [ 76.710684131819349, 28.449664342487893, 0.0 ], [ 76.711216613908661, 28.451635543979009, 0.0 ], [ 76.711518659516273, 28.452891906265155, 0.0 ], [ 76.711536284452933, 28.452965211811371, 0.0 ], [ 76.71182610779347, 28.454170702850142, 0.0 ], [ 76.71163880097501, 28.456070186461709, 0.0 ], [ 76.711618614738299, 28.456300294006436, 0.0 ], [ 76.711563021914586, 28.457058237583329, 0.0 ], [ 76.710496342675356, 28.457401771385616, 0.0 ], [ 76.705892880453533, 28.459024251366888, 0.0 ], [ 76.705668474298008, 28.459281556756409, 0.0 ], [ 76.705676512040867, 28.459293698360298, 0.0 ], [ 76.706644720833737, 28.460756275339616, 0.0 ], [ 76.707371133325438, 28.462601059485628, 0.0 ], [ 76.707606894212446, 28.463773898093503, 0.0 ], [ 76.708092962945472, 28.465118037179998, 0.0 ], [ 76.708435933943406, 28.466358474633083, 0.0 ], [ 76.708436796338901, 28.46742777417947, 0.0 ], [ 76.708230766654594, 28.47158297476722, 0.0 ], [ 76.707747417167766, 28.473762409869387, 0.0 ], [ 76.707498586478096, 28.475436325182969, 0.0 ], [ 76.706391909179061, 28.477160354340963, 0.0 ], [ 76.705372472568939, 28.479389738425045, 0.0 ], [ 76.705225099600824, 28.480413877710372, 0.0 ], [ 76.705322993365243, 28.481510114019809, 0.0 ], [ 76.705180909868602, 28.482615588767725, 0.0 ], [ 76.704997901692636, 28.483761645789031, 0.0 ], [ 76.705054565295185, 28.48443379778039, 0.0 ], [ 76.704688000652652, 28.485891243774333, 0.0 ], [ 76.70436790302017, 28.487908073657728, 0.0 ], [ 76.70411398009729, 28.48981659180761, 0.0 ], [ 76.703915351818637, 28.490601683076072, 0.0 ], [ 76.703788050045404, 28.49096272370122, 0.0 ], [ 76.704059237846238, 28.49175654527928, 0.0 ], [ 76.70423571839828, 28.492498154643012, 0.0 ], [ 76.704284679343758, 28.492703902214267, 0.0 ], [ 76.705408626208168, 28.493294262571048, 0.0 ], [ 76.706904972908703, 28.493392613629176, 0.0 ], [ 76.709667855240241, 28.493571313240139, 0.0 ], [ 76.709723679934584, 28.493156210002589, 0.0 ], [ 76.709570309952895, 28.492912673452011, 0.0 ], [ 76.709697662304507, 28.492619401067795, 0.0 ], [ 76.710080674451859, 28.492610070333942, 0.0 ], [ 76.710565959671939, 28.492785717160029, 0.0 ], [ 76.71115834813186, 28.492812462560636, 0.0 ], [ 76.711418755109861, 28.492744568383291, 0.0 ], [ 76.71161770673443, 28.492514375190662, 0.0 ], [ 76.711923814885807, 28.492126169437576, 0.0 ], [ 76.712525582439824, 28.491164886456492, 0.0 ], [ 76.712801165557266, 28.490961702080163, 0.0 ], [ 76.713250440041065, 28.490767339011853, 0.0 ], [ 76.713909111962437, 28.490730878173256, 0.0 ], [ 76.714849118021718, 28.491131708273201, 0.0 ], [ 76.716294675593574, 28.491672164861221, 0.0 ], [ 76.717440218768019, 28.49183945115162, 0.0 ], [ 76.71783206974402, 28.49189667137717, 0.0 ], [ 76.718204625470776, 28.49167086368082, 0.0 ], [ 76.718393357515353, 28.491422561791509, 0.0 ], [ 76.718520530331375, 28.490867576353995, 0.0 ], [ 76.718709200640504, 28.490596805641534, 0.0 ], [ 76.71975050071201, 28.490036572393176, 0.0 ], [ 76.720618087313383, 28.489548741752323, 0.0 ], [ 76.724492168345691, 28.487574377069457, 0.0 ], [ 76.726058975539786, 28.48670249641722, 0.0 ], [ 76.727508112013879, 28.485537446242041, 0.0 ], [ 76.729466834954692, 28.483447123098323, 0.0 ], [ 76.730864884681509, 28.48241742360209, 0.0 ], [ 76.73177311549837, 28.481767018925208, 0.0 ], [ 76.733017946293671, 28.480651714445113, 0.0 ], [ 76.733471835732217, 28.480100944679982, 0.0 ], [ 76.73412506431211, 28.479748513260287, 0.0 ], [ 76.735267232759753, 28.479511922068557, 0.0 ], [ 76.735283861014906, 28.479508478263945, 0.0 ], [ 76.735025559739057, 28.476603212627623, 0.0 ], [ 76.734697402737879, 28.475290650654848, 0.0 ], [ 76.734175465344066, 28.47421275548016, 0.0 ], [ 76.734072435088862, 28.473351156342172, 0.0 ], [ 76.733943925386896, 28.472449001051714, 0.0 ], [ 76.734030428481347, 28.472173736934781, 0.0 ], [ 76.734596825791897, 28.471898037333837, 0.0 ], [ 76.734923403296605, 28.471658694081707, 0.0 ], [ 76.736183581608969, 28.470791427777922, 0.0 ], [ 76.737121143627078, 28.470235195268199, 0.0 ], [ 76.738719386448452, 28.469286966886575, 0.0 ], [ 76.739469358706515, 28.468785546967759, 0.0 ], [ 76.742653396314154, 28.467140603228717, 0.0 ], [ 76.743617590965414, 28.466490129629875, 0.0 ], [ 76.747296094460012, 28.464244576393405, 0.0 ], [ 76.748841492989641, 28.462948394678687, 0.0 ], [ 76.749328848989066, 28.462628441044547, 0.0 ], [ 76.74953822428418, 28.462574489258134, 0.0 ], [ 76.749999944046891, 28.462579214267009, 0.0 ], [ 76.750501068888127, 28.462586146132086, 0.0 ], [ 76.751948935944952, 28.462515260375273, 0.0 ], [ 76.752840043665501, 28.4624407239343, 0.0 ], [ 76.754330887244521, 28.461946407994052, 0.0 ], [ 76.755205337556262, 28.46167350296918, 0.0 ], [ 76.755557928605782, 28.461563462648936, 0.0 ], [ 76.755681109983968, 28.461525964740883, 0.0 ], [ 76.756841380996363, 28.46117275978542, 0.0 ], [ 76.757354133060304, 28.461045428612675, 0.0 ], [ 76.757474332257672, 28.461015579674825, 0.0 ], [ 76.757516024236281, 28.461007590755294, 0.0 ], [ 76.757927805147162, 28.460928681108332, 0.0 ], [ 76.758098528082385, 28.460895965674904, 0.0 ], [ 76.758331716723518, 28.460851280494492, 0.0 ], [ 76.758369481546652, 28.46084404288181, 0.0 ], [ 76.758518701892967, 28.460815447702036, 0.0 ], [ 76.758527495269789, 28.460813762762953, 0.0 ], [ 76.759208823209889, 28.461628338242718, 0.0 ], [ 76.760407869314804, 28.463262791658178, 0.0 ], [ 76.761072459292677, 28.464302710672907, 0.0 ], [ 76.761994945282481, 28.465786402412522, 0.0 ], [ 76.762707209721086, 28.467120848803503, 0.0 ], [ 76.76313803058936, 28.468119335976343, 0.0 ], [ 76.763324312174987, 28.468742072230956, 0.0 ], [ 76.763875841067048, 28.470334717756167, 0.0 ], [ 76.764424504903886, 28.472026616565525, 0.0 ], [ 76.76462912964584, 28.472545927807971, 0.0 ], [ 76.764984707847191, 28.473321481231295, 0.0 ], [ 76.765876294659122, 28.474994052107927, 0.0 ], [ 76.766924362737413, 28.476733365391009, 0.0 ], [ 76.767323280717051, 28.477511687372999, 0.0 ], [ 76.76812931344972, 28.478349809089519, 0.0 ], [ 76.768558378783482, 28.478883221793833, 0.0 ], [ 76.768859993013223, 28.479150156731777, 0.0 ], [ 76.768867247796436, 28.479156576641785, 0.0 ], [ 76.770475179562823, 28.47903494593098, 0.0 ], [ 76.771246060584389, 28.4785286803783, 0.0 ], [ 76.772371079384882, 28.477791141042655, 0.0 ], [ 76.773535367744898, 28.477108657294902, 0.0 ], [ 76.774562165479992, 28.476409512195325, 0.0 ], [ 76.775380663036813, 28.475845611819853, 0.0 ], [ 76.776203457957081, 28.475132818562372, 0.0 ], [ 76.777144593771709, 28.47439108859902, 0.0 ], [ 76.777783309366058, 28.473859231421848, 0.0 ], [ 76.778481986478383, 28.473373871803062, 0.0 ], [ 76.779358431662416, 28.47274804941976, 0.0 ], [ 76.780076997968479, 28.472281188007404, 0.0 ], [ 76.781173370036782, 28.471646770930846, 0.0 ], [ 76.782540600205877, 28.47100942089099, 0.0 ], [ 76.783537592651982, 28.470454010961241, 0.0 ], [ 76.784712725428349, 28.469744590939708, 0.0 ], [ 76.786208956355566, 28.468884377171488, 0.0 ], [ 76.787000119897542, 28.468378484914851, 0.0 ], [ 76.788090622915917, 28.467590383372453, 0.0 ], [ 76.788766547244578, 28.46700513961401, 0.0 ], [ 76.789125688805797, 28.46659786794158, 0.0 ], [ 76.789377946037874, 28.46653130577889, 0.0 ], [ 76.790424831085076, 28.466369745313322, 0.0 ], [ 76.790442819949789, 28.466365916633503, 0.0 ], [ 76.791211322459262, 28.466202325675891, 0.0 ], [ 76.791516710421064, 28.466064721453531, 0.0 ], [ 76.791735043501689, 28.46593418682604, 0.0 ], [ 76.791946324437859, 28.465871215269367, 0.0 ], [ 76.792154745200577, 28.465907501115083, 0.0 ], [ 76.792432354689055, 28.46620267857697, 0.0 ], [ 76.794184405248956, 28.468878600798146, 0.0 ], [ 76.794926627548747, 28.470073592412383, 0.0 ], [ 76.795092359867866, 28.470528779711408, 0.0 ], [ 76.795203829408024, 28.470738955239216, 0.0 ], [ 76.795644597590552, 28.471579545768758, 0.0 ], [ 76.795744640093986, 28.471654026496374, 0.0 ], [ 76.796369955646554, 28.471643278424839, 0.0 ], [ 76.796542071180326, 28.471640319125328, 0.0 ], [ 76.796787753918153, 28.471447187799367, 0.0 ], [ 76.797350987353781, 28.471048990437467, 0.0 ], [ 76.798143116322962, 28.470558789142718, 0.0 ], [ 76.798167644901852, 28.470543610456115, 0.0 ], [ 76.798728977396834, 28.470389155296978, 0.0 ], [ 76.799354484622711, 28.470312888784221, 0.0 ], [ 76.800286782631417, 28.470406020821461, 0.0 ], [ 76.80072516583509, 28.470619005852857, 0.0 ], [ 76.801278323783151, 28.471105438809943, 0.0 ], [ 76.801485400069041, 28.471322920730973, 0.0 ], [ 76.801603343866063, 28.471446790493076, 0.0 ], [ 76.802468663919953, 28.472355575448741, 0.0 ], [ 76.803553894686658, 28.473734804448259, 0.0 ], [ 76.803676411929715, 28.473890510964626, 0.0 ], [ 76.804297714405465, 28.474852495380006, 0.0 ], [ 76.804714336789502, 28.475290710170718, 0.0 ], [ 76.805111832102796, 28.475683349989879, 0.0 ], [ 76.806903170212266, 28.475755028654767, 0.0 ], [ 76.807817486388061, 28.475585860431259, 0.0 ], [ 76.808455294312083, 28.475437593210497, 0.0 ], [ 76.808880710036746, 28.475212343269163, 0.0 ], [ 76.809287448864794, 28.475104052231327, 0.0 ], [ 76.809939668196165, 28.47498770348907, 0.0 ], [ 76.810679790883597, 28.475013269454251, 0.0 ], [ 76.811580132684014, 28.476225241688695, 0.0 ], [ 76.812385486286118, 28.477543436749457, 0.0 ], [ 76.813110738800063, 28.478268424660317, 0.0 ], [ 76.813638738642808, 28.47910186985834, 0.0 ], [ 76.813973091737765, 28.479917447961345, 0.0 ], [ 76.814084835640983, 28.48065582391002, 0.0 ], [ 76.813936232071569, 28.481564458246922, 0.0 ], [ 76.813874203807117, 28.481931482096019, 0.0 ], [ 76.813530331987963, 28.483966200811221, 0.0 ], [ 76.813388449681156, 28.484996879067786, 0.0 ], [ 76.813491012773568, 28.48569893165503, 0.0 ], [ 76.813664969479063, 28.485869852408985, 0.0 ], [ 76.813958313534869, 28.48597571987699, 0.0 ], [ 76.814360830873994, 28.486016304586919, 0.0 ], [ 76.814688711105518, 28.486344155575253, 0.0 ], [ 76.815497834220352, 28.487355415579433, 0.0 ], [ 76.816288576020497, 28.487937372808776, 0.0 ], [ 76.816904536083655, 28.488556061363891, 0.0 ], [ 76.817191063691581, 28.488901042221315, 0.0 ], [ 76.817515188312527, 28.489003072914141, 0.0 ], [ 76.817919990989367, 28.489143017982901, 0.0 ], [ 76.81828175053748, 28.489358749538741, 0.0 ], [ 76.818696294012085, 28.489873621017033, 0.0 ], [ 76.81907358809498, 28.49079848809556, 0.0 ], [ 76.819508737356784, 28.491665951168837, 0.0 ], [ 76.819815921385413, 28.49218293937707, 0.0 ], [ 76.820324509750535, 28.492984316652219, 0.0 ], [ 76.820919111237117, 28.493995276440288, 0.0 ], [ 76.821881733677543, 28.495362046905825, 0.0 ], [ 76.822903646197673, 28.496621778877124, 0.0 ], [ 76.823981815481616, 28.498239401011713, 0.0 ], [ 76.824470548108664, 28.499022259841297, 0.0 ], [ 76.824461654025413, 28.500041794182099, 0.0 ], [ 76.824458777704507, 28.500371512047977, 0.0 ], [ 76.824373178099535, 28.50133373036973, 0.0 ], [ 76.824135065833332, 28.503525278886009, 0.0 ], [ 76.824061136272036, 28.504275273704266, 0.0 ], [ 76.823919870216159, 28.504674230346641, 0.0 ], [ 76.824265394182078, 28.50459877329439, 0.0 ], [ 76.825945191869621, 28.504231916745091, 0.0 ], [ 76.826159903974926, 28.504242567301311, 0.0 ], [ 76.827927335862228, 28.504841463091125, 0.0 ], [ 76.82820594786817, 28.504706866424531, 0.0 ], [ 76.828212170002914, 28.504704827442136, 0.0 ], [ 76.829282730077921, 28.504353969856243, 0.0 ], [ 76.829806849584074, 28.504238621687669, 0.0 ], [ 76.835824700629857, 28.502515058749211, 0.0 ], [ 76.836063772696832, 28.502457683745718, 0.0 ], [ 76.836375350182735, 28.502457985377603, 0.0 ], [ 76.836675857954262, 28.502408801853719, 0.0 ], [ 76.837470057429186, 28.502258190018637, 0.0 ], [ 76.838015988854693, 28.502223734003703, 0.0 ], [ 76.838309822688345, 28.502084397536212, 0.0 ], [ 76.838579452499616, 28.502022094340862, 0.0 ], [ 76.839096642458074, 28.501803028152402, 0.0 ], [ 76.840069736342812, 28.501365722444159, 0.0 ], [ 76.840568685257409, 28.501273234751871, 0.0 ], [ 76.840897943369001, 28.501115365460514, 0.0 ], [ 76.841572798343535, 28.500858058012533, 0.0 ], [ 76.841756082919858, 28.500823989148056, 0.0 ], [ 76.841936690419431, 28.500929828773334, 0.0 ], [ 76.842071809243535, 28.501063359252164, 0.0 ], [ 76.842211396458296, 28.501454014026226, 0.0 ], [ 76.84235421601781, 28.501342180976859, 0.0 ], [ 76.842533899557054, 28.501201479233764, 0.0 ], [ 76.842771711179736, 28.501071916932332, 0.0 ], [ 76.843091693954278, 28.500968313448226, 0.0 ], [ 76.843984150201365, 28.500888522933828, 0.0 ], [ 76.844750672973049, 28.500616421779952, 0.0 ], [ 76.846176710652287, 28.500087193906353, 0.0 ], [ 76.846447588271531, 28.500097047992732, 0.0 ], [ 76.846774320035166, 28.50008809633669, 0.0 ], [ 76.84697528055284, 28.500164721429247, 0.0 ], [ 76.847082825954445, 28.500205728575796, 0.0 ], [ 76.847498650603313, 28.500619692841902, 0.0 ], [ 76.847632488823038, 28.500728177193718, 0.0 ], [ 76.848270597328565, 28.501245391424522, 0.0 ], [ 76.849251369153833, 28.501836659404844, 0.0 ], [ 76.849553517995943, 28.501882178453418, 0.0 ], [ 76.849800124429891, 28.501964549026813, 0.0 ], [ 76.85123190180532, 28.501764567158613, 0.0 ], [ 76.851440163816264, 28.501698562302209, 0.0 ], [ 76.851965895002294, 28.501677862111119, 0.0 ], [ 76.853566964981468, 28.501520670012759, 0.0 ], [ 76.854235990684188, 28.501516052302073, 0.0 ], [ 76.85480533633887, 28.501652666166322, 0.0 ], [ 76.855326273491457, 28.501650066067135, 0.0 ], [ 76.856105273866078, 28.501508578307675, 0.0 ], [ 76.856251544417518, 28.501402804832573, 0.0 ], [ 76.856633027895938, 28.501311863025077, 0.0 ], [ 76.856888823623549, 28.501335440065091, 0.0 ], [ 76.858046011846099, 28.50120682025808, 0.0 ], [ 76.859161634549253, 28.501038151446124, 0.0 ], [ 76.859544536027045, 28.501028399782186, 0.0 ], [ 76.860070418816832, 28.501016689314998, 0.0 ], [ 76.860241068397301, 28.501136178267906, 0.0 ], [ 76.860713155294761, 28.501260561752005, 0.0 ], [ 76.861242048737537, 28.501420263768992, 0.0 ], [ 76.861843420313761, 28.501344343709501, 0.0 ], [ 76.863487091841961, 28.500996945952718, 0.0 ], [ 76.864637413216997, 28.500769100729027, 0.0 ], [ 76.86613602123866, 28.500306351944165, 0.0 ], [ 76.866739072892031, 28.500036371755449, 0.0 ], [ 76.868836055297905, 28.499619513116706, 0.0 ], [ 76.870809750300424, 28.499163713650027, 0.0 ], [ 76.874962694214688, 28.498037130941057, 0.0 ], [ 76.875698232748121, 28.498040514365602, 0.0 ], [ 76.876260398265117, 28.49805982531873, 0.0 ], [ 76.877223328414757, 28.498502237295849, 0.0 ], [ 76.878700267978388, 28.499704574161544, 0.0 ], [ 76.881921626859736, 28.499619389910169, 0.0 ], [ 76.882985176304885, 28.499685871166005, 0.0 ], [ 76.884124786549791, 28.50000847144727, 0.0 ], [ 76.884166599183303, 28.500029015446646, 0.0 ], [ 76.884166892638788, 28.500029159734822, 0.0 ], [ 76.88492858688528, 28.500403400880231, 0.0 ], [ 76.884943931712655, 28.500436677448761, 0.0 ], [ 76.885109721517267, 28.500616556905129, 0.0 ], [ 76.885302083294931, 28.500831365183895, 0.0 ], [ 76.885440516089986, 28.501140960746827, 0.0 ], [ 76.88544726817571, 28.501136168905205, 0.0 ], [ 76.888510276546214, 28.501048512589602, 0.0 ], [ 76.889975082388361, 28.500929072381492, 0.0 ], [ 76.891845797968315, 28.500776511426114, 0.0 ], [ 76.89222973834103, 28.500825309019035, 0.0 ], [ 76.892724582372807, 28.501364364542372, 0.0 ], [ 76.895490918500911, 28.504966955887525, 0.0 ], [ 76.896745051548123, 28.506546685767582, 0.0 ], [ 76.897391993433104, 28.507304684147208, 0.0 ], [ 76.898088540255273, 28.508265024381856, 0.0 ], [ 76.898618145615529, 28.508744914491416, 0.0 ], [ 76.89927299903006, 28.509087694596481, 0.0 ], [ 76.90004393666014, 28.509352143268412, 0.0 ], [ 76.900738610843092, 28.509351449018279, 0.0 ], [ 76.901642911324913, 28.509077099298533, 0.0 ], [ 76.902302975948714, 28.508855796120073, 0.0 ], [ 76.902613835569142, 28.508815347339585, 0.0 ], [ 76.903024556997096, 28.508931417226005, 0.0 ], [ 76.904607545127519, 28.510610235905101, 0.0 ], [ 76.905551737194997, 28.511702420780111, 0.0 ], [ 76.906717973032627, 28.512642588707774, 0.0 ], [ 76.907666979442155, 28.513432388212667, 0.0 ], [ 76.907929146141569, 28.513807710369861, 0.0 ], [ 76.908438687817139, 28.513453131541304, 0.0 ], [ 76.90981465791495, 28.512423120738507, 0.0 ], [ 76.910065772054949, 28.512184969245606, 0.0 ], [ 76.910303922102699, 28.512077845681258, 0.0 ], [ 76.910954602414975, 28.512186002463817, 0.0 ], [ 76.9122244284397, 28.512353123797073, 0.0 ], [ 76.912686218755411, 28.512184192593921, 0.0 ], [ 76.914398412149282, 28.511672783431166, 0.0 ], [ 76.915529368457413, 28.510939443278019, 0.0 ], [ 76.916770159246298, 28.510348926562564, 0.0 ], [ 76.917778033291341, 28.509590235308959, 0.0 ], [ 76.918852807829637, 28.509141913514053, 0.0 ], [ 76.918978922696155, 28.509054405197134, 0.0 ], [ 76.920321309097133, 28.507307368450405, 0.0 ], [ 76.920607315273642, 28.507023587311863, 0.0 ], [ 76.920785308906162, 28.506980463296767, 0.0 ], [ 76.92153186245919, 28.507206170590006, 0.0 ], [ 76.921612203303383, 28.507230461372089, 0.0 ], [ 76.923881871259894, 28.508172911512535, 0.0 ], [ 76.925967058707073, 28.509361582546138, 0.0 ], [ 76.92699910612329, 28.510217747503095, 0.0 ], [ 76.927336453391561, 28.510510746366759, 0.0 ], [ 76.927503087143137, 28.510404609560567, 0.0 ], [ 76.927876550905026, 28.510155665085627, 0.0 ], [ 76.928287647509606, 28.510009962323927, 0.0 ], [ 76.931282457751507, 28.509814012737685, 0.0 ], [ 76.933053803006047, 28.509752722986448, 0.0 ], [ 76.933486961678028, 28.509696927872945, 0.0 ], [ 76.934064095412467, 28.509413486972317, 0.0 ], [ 76.935182692124613, 28.508851616734361, 0.0 ], [ 76.935906015651014, 28.508357454059553, 0.0 ], [ 76.93704426853526, 28.507579800107514, 0.0 ], [ 76.939106014188013, 28.50608402191904, 0.0 ], [ 76.939994764773218, 28.505529335387628, 0.0 ], [ 76.940903835621356, 28.504961959013457, 0.0 ], [ 76.941662274947788, 28.504540539307232, 0.0 ], [ 76.941723591283505, 28.50452966849948, 0.0 ], [ 76.942548135202884, 28.504383493935237, 0.0 ], [ 76.943676946817021, 28.504105659828955, 0.0 ], [ 76.944098052734248, 28.504088238921561, 0.0 ], [ 76.944351898467289, 28.504077736558862, 0.0 ], [ 76.945677632261877, 28.504022880239422, 0.0 ], [ 76.948788287510482, 28.504027927902616, 0.0 ], [ 76.951672560768387, 28.50422114294409, 0.0 ], [ 76.95382013093311, 28.50490315366844, 0.0 ], [ 76.956023921500659, 28.506139277569485, 0.0 ], [ 76.958591857894675, 28.508006289060102, 0.0 ], [ 76.960455131526501, 28.509328460267952, 0.0 ], [ 76.962673809358733, 28.510945506661063, 0.0 ], [ 76.964892546990754, 28.512562515444849, 0.0 ], [ 76.965639371560314, 28.512957141710579, 0.0 ], [ 76.965684467340864, 28.5129809695845, 0.0 ], [ 76.965790144165013, 28.513036808972931, 0.0 ], [ 76.965945879409901, 28.513093934575146, 0.0 ], [ 76.967245635881895, 28.513570695329545, 0.0 ], [ 76.969030905392813, 28.514257700401195, 0.0 ], [ 76.970749400209428, 28.515198310958194, 0.0 ], [ 76.973017495282534, 28.516848301872695, 0.0 ], [ 76.975902612736917, 28.518710354033338, 0.0 ], [ 76.97702158831261, 28.520092739586815, 0.0 ], [ 76.978055402575762, 28.521269266357162, 0.0 ], [ 76.978101980731338, 28.521322273065177, 0.0 ], [ 76.978266071565002, 28.52126929935784, 0.0 ], [ 76.978350794316839, 28.521241947002171, 0.0 ], [ 76.979807560828519, 28.519921311165774, 0.0 ], [ 76.981225627779892, 28.518718533020753, 0.0 ], [ 76.982215700580852, 28.517576130108697, 0.0 ], [ 76.982758883985611, 28.517121530562978, 0.0 ], [ 76.983467423797535, 28.516768287388793, 0.0 ], [ 76.985599303074267, 28.515771606371541, 0.0 ], [ 76.987852770627185, 28.514723485804172, 0.0 ], [ 76.989927459730026, 28.513677948135332, 0.0 ], [ 76.990356856751362, 28.513518053916286, 0.0 ], [ 76.990394136209119, 28.513504173029929, 0.0 ], [ 76.990594400813379, 28.513513860933365, 0.0 ], [ 76.99059466227078, 28.513513874124708, 0.0 ], [ 76.990663339795105, 28.513517195923555, 0.0 ], [ 76.990680447441008, 28.513518023368679, 0.0 ], [ 76.992256080350145, 28.515001868978409, 0.0 ], [ 76.993942635732495, 28.5169487819674, 0.0 ], [ 76.994124514980385, 28.517113048824182, 0.0 ], [ 76.994996514473925, 28.516761856554506, 0.0 ], [ 76.995189892299081, 28.516722921440294, 0.0 ], [ 76.996332459130286, 28.519345539663334, 0.0 ], [ 76.996506638150976, 28.519647374507795, 0.0 ], [ 76.996555828820263, 28.519732616715903, 0.0 ], [ 76.996564813026538, 28.519748184872995, 0.0 ], [ 76.996670187419539, 28.519691287228316, 0.0 ], [ 76.997191863500163, 28.51940960500777, 0.0 ], [ 76.998037582175243, 28.519089242688839, 0.0 ], [ 76.998881079513907, 28.519001239286492, 0.0 ], [ 76.999827359106789, 28.518613947131108, 0.0 ], [ 76.999849129820007, 28.518382726579663, 0.0 ], [ 76.999970691328116, 28.518166904707275, 0.0 ], [ 76.999972856131137, 28.51815501837277, 0.0 ], [ 76.999991942461421, 28.51805024056139, 0.0 ], [ 77.000399075223868, 28.517884335797309, 0.0 ], [ 77.000625812245858, 28.517816855798745, 0.0 ], [ 77.001391417127564, 28.517670386132398, 0.0 ], [ 77.001746240533549, 28.517592046832938, 0.0 ], [ 77.001864838081389, 28.517553900936328, 0.0 ], [ 77.002021869183594, 28.517417231997413, 0.0 ], [ 77.002100080589742, 28.517360178826806, 0.0 ], [ 77.002512800203718, 28.517219842595139, 0.0 ], [ 77.002620330057809, 28.517213067919073, 0.0 ], [ 77.002762045823161, 28.517265707519421, 0.0 ], [ 77.002894877659514, 28.517268492665888, 0.0 ], [ 77.002982336195316, 28.517247752774452, 0.0 ], [ 77.003322315623677, 28.517151039033426, 0.0 ], [ 77.003657307190338, 28.517049706482961, 0.0 ], [ 77.004291283457746, 28.516855310785164, 0.0 ], [ 77.004347966739942, 28.516838439406516, 0.0 ], [ 77.004508889524672, 28.516747000396482, 0.0 ], [ 77.004589040071252, 28.516617745570013, 0.0 ], [ 77.004781827921533, 28.516481823318209, 0.0 ], [ 77.005138707205276, 28.516326765737727, 0.0 ], [ 77.006073719144027, 28.515962590133736, 0.0 ], [ 77.006734926318444, 28.515705548887208, 0.0 ], [ 77.007669927880272, 28.515341363557951, 0.0 ], [ 77.00801074629095, 28.515213052642348, 0.0 ], [ 77.008315558376282, 28.515093018948416, 0.0 ], [ 77.009240332989137, 28.514728610388055, 0.0 ], [ 77.009473798640258, 28.514633046938577, 0.0 ], [ 77.009586619149559, 28.514586866697407, 0.0 ], [ 77.010015614277606, 28.514410733679519, 0.0 ], [ 77.01018103365341, 28.514341956456406, 0.0 ], [ 77.010221782477018, 28.514347323628144, 0.0 ], [ 77.010518705657631, 28.514619325567157, 0.0 ], [ 77.010680775710739, 28.514767793331075, 0.0 ], [ 77.010945248384786, 28.51500810716157, 0.0 ], [ 77.011174565751801, 28.515225110371986, 0.0 ], [ 77.011883078162455, 28.515872028784493, 0.0 ], [ 77.012132350077252, 28.51610750804668, 0.0 ], [ 77.01237152698495, 28.51633825866168, 0.0 ], [ 77.013074701959326, 28.516994087997833, 0.0 ], [ 77.013323978376519, 28.51722956498957, 0.0 ], [ 77.013563279396138, 28.517455800468586, 0.0 ], [ 77.014266588763448, 28.518107110512254, 0.0 ], [ 77.014515748958999, 28.518347096326284, 0.0 ], [ 77.014749945768273, 28.51857322391967, 0.0 ], [ 77.015442565717564, 28.5192423632874, 0.0 ], [ 77.015676525559286, 28.519477513226676, 0.0 ], [ 77.015920944768325, 28.519703850996311, 0.0 ], [ 77.016608830735308, 28.520359339727541, 0.0 ], [ 77.01687356911323, 28.52059061585101, 0.0 ], [ 77.017107291881729, 28.520834787165256, 0.0 ], [ 77.01703923539776, 28.520929129280095, 0.0 ], [ 77.016523305951409, 28.521644305894771, 0.0 ], [ 77.01633321701155, 28.521870595742524, 0.0 ], [ 77.01613632497434, 28.52215995371153, 0.0 ], [ 77.015680297437157, 28.522963110236255, 0.0 ], [ 77.015515871171957, 28.52318542059627, 0.0 ], [ 77.014549641261354, 28.523950825477456, 0.0 ], [ 77.014295059568312, 28.524103527008442, 0.0 ], [ 77.013918339306557, 28.524235614967967, 0.0 ], [ 77.013588326712153, 28.524341590272272, 0.0 ], [ 77.01301748514615, 28.524659244358762, 0.0 ], [ 77.012763745777434, 28.524780356800754, 0.0 ], [ 77.012479835606229, 28.524882778033977, 0.0 ], [ 77.011952644390533, 28.525097498431993, 0.0 ], [ 77.011488335030904, 28.52525483879441, 0.0 ], [ 77.011138122228658, 28.525351356166642, 0.0 ], [ 77.010807983437644, 28.525461837491207, 0.0 ], [ 77.010559712767233, 28.525569516267279, 0.0 ], [ 77.010011013238625, 28.526014040185373, 0.0 ], [ 77.00971932372498, 28.526215622405932, 0.0 ], [ 77.009112211900018, 28.526550563606914, 0.0 ], [ 77.008847520454012, 28.526698530258621, 0.0 ], [ 77.008571760854878, 28.526877869091063, 0.0 ], [ 77.00825609439346, 28.527020252578708, 0.0 ], [ 77.007708327276248, 28.527239044632019, 0.0 ], [ 77.00705899774394, 28.527622757578801, 0.0 ], [ 77.006720830511924, 28.527841419630555, 0.0 ], [ 77.006472066334538, 28.527967142116516, 0.0 ], [ 77.005625298389177, 28.528468615959756, 0.0 ], [ 77.005324104692775, 28.528642901226455, 0.0 ], [ 77.005033006880481, 28.528821912589127, 0.0 ], [ 77.004220658497701, 28.529373765354311, 0.0 ], [ 77.004048408986847, 28.529505602030039, 0.0 ], [ 77.003652814181407, 28.529768203041908, 0.0 ], [ 77.002850914816065, 28.530311238167283, 0.0 ], [ 77.002569664982147, 28.53050399617242, 0.0 ], [ 77.002288656666636, 28.530687728883983, 0.0 ], [ 77.001476161634855, 28.531244079801237, 0.0 ], [ 77.001298854020561, 28.531373595005199, 0.0 ], [ 77.001199774090907, 28.531445967805517, 0.0 ], [ 77.000903189971993, 28.531638401326187, 0.0 ], [ 77.000226322591288, 28.532093747948156, 0.0 ], [ 77.000253095169114, 28.532238786829993, 0.0 ], [ 77.000306275678881, 28.532542401071424, 0.0 ], [ 77.000362866774381, 28.532909294245506, 0.0 ], [ 77.000842363701551, 28.533709460874068, 0.0 ], [ 77.00108665495614, 28.53375070555715, 0.0 ], [ 77.001335569521686, 28.533810106285983, 0.0 ], [ 77.001913564842397, 28.533799654703586, 0.0 ], [ 77.002118582996403, 28.534160628751923, 0.0 ], [ 77.002300360392255, 28.534435333183808, 0.0 ], [ 77.003142831482194, 28.535807459428774, 0.0 ], [ 77.003748785035981, 28.536849549517363, 0.0 ], [ 77.00392521740325, 28.537133167694169, 0.0 ], [ 77.004096662409154, 28.537412167640078, 0.0 ], [ 77.004576567252514, 28.538198777347464, 0.0 ], [ 77.004773564866071, 28.538478310894501, 0.0 ], [ 77.004961070334488, 28.53873055537715, 0.0 ], [ 77.005114626706657, 28.538914365843201, 0.0 ], [ 77.004917841000122, 28.539578441099, 0.0 ], [ 77.004838423310375, 28.539870240577233, 0.0 ], [ 77.004784554167898, 28.540162577374797, 0.0 ], [ 77.00562992682228, 28.540667887726766, 0.0 ], [ 77.005916465803324, 28.54084996586705, 0.0 ], [ 77.006192179380704, 28.541054391575329, 0.0 ], [ 77.00665308470721, 28.541407168926405, 0.0 ], [ 77.00703022992866, 28.54126156157006, 0.0 ], [ 77.007422546186021, 28.541117028779599, 0.0 ], [ 77.007691204746862, 28.541018051836335, 0.0 ], [ 77.008037444944534, 28.540880825456821, 0.0 ], [ 77.008553013108113, 28.540530428165535, 0.0 ], [ 77.008844374210597, 28.540342386245769, 0.0 ] ] ] } },
{ "type": "Feature", "properties": { "DISTRICT": "PANIPAT", "DIST_LGD": "075", "STATE_UT": "HARYANA" }, "geometry": { "type": "MultiPolygon", "coordinates": [ [ [ [ 76.972616974373793, 29.510501849449611, 0.0 ], [ 76.972616240881948, 29.510484648048891, 0.0 ], [ 76.97257723459829, 29.51049988050352, 0.0 ], [ 76.972570611343173, 29.510344040640238, 0.0 ], [ 76.972568963353069, 29.509565434013716, 0.0 ], [ 76.972544866292282, 29.507155976907065, 0.0 ], [ 76.972911784400921, 29.507172066064747, 0.0 ], [ 76.973426924131928, 29.507135995005811, 0.0 ], [ 76.974030073990704, 29.506936708890645, 0.0 ], [ 76.974676545424202, 29.506683280104198, 0.0 ], [ 76.975176156339813, 29.506427077494244, 0.0 ], [ 76.976278222322151, 29.50599904168217, 0.0 ], [ 76.977686069600722, 29.505512644755726, 0.0 ], [ 76.978733398493077, 29.50517515592658, 0.0 ], [ 76.979597450168797, 29.504822670308361, 0.0 ], [ 76.979613339261164, 29.504816188099149, 0.0 ], [ 76.980239916748147, 29.504545503433089, 0.0 ], [ 76.98081203977064, 29.504298340436929, 0.0 ], [ 76.981489718580903, 29.504054626803129, 0.0 ], [ 76.981372513341825, 29.503604454227023, 0.0 ], [ 76.981233354285948, 29.503290405844773, 0.0 ], [ 76.981166266233018, 29.503032670965371, 0.0 ], [ 76.98077717432524, 29.502640644425725, 0.0 ], [ 76.98056414104515, 29.502343525260443, 0.0 ], [ 76.980317602582133, 29.502128213883584, 0.0 ], [ 76.979863090773634, 29.501835712432488, 0.0 ], [ 76.979357720920092, 29.50147813257454, 0.0 ], [ 76.978716898852966, 29.501081363959933, 0.0 ], [ 76.978253492629193, 29.500724569143344, 0.0 ], [ 76.977914373960672, 29.500434232901551, 0.0 ], [ 76.977554279499017, 29.500143498404185, 0.0 ], [ 76.977348349771603, 29.499983904875645, 0.0 ], [ 76.976267341028873, 29.500412380091461, 0.0 ], [ 76.973889693106614, 29.500230175916254, 0.0 ], [ 76.973591908237054, 29.500389438876702, 0.0 ], [ 76.973101681988524, 29.500691629466839, 0.0 ], [ 76.972773791175683, 29.500795363702235, 0.0 ], [ 76.972283333242061, 29.501106706418057, 0.0 ], [ 76.971869253244563, 29.501300411397963, 0.0 ], [ 76.971491182990434, 29.501311596177683, 0.0 ], [ 76.970544415816477, 29.50140364463082, 0.0 ], [ 76.970028162886578, 29.501485496693896, 0.0 ], [ 76.969325149321108, 29.501481381945968, 0.0 ], [ 76.968851310425649, 29.501545710202567, 0.0 ], [ 76.968302905729274, 29.501654428031451, 0.0 ], [ 76.967861895841907, 29.501664413897998, 0.0 ], [ 76.967252603400325, 29.501689537635507, 0.0 ], [ 76.966347783556998, 29.501782349607023, 0.0 ], [ 76.96562219289109, 29.501841906405179, 0.0 ], [ 76.965014263583726, 29.501812086186256, 0.0 ], [ 76.964457642273118, 29.50182903289269, 0.0 ], [ 76.964179242934165, 29.50179914981943, 0.0 ], [ 76.964034883254385, 29.502370627465812, 0.0 ], [ 76.963961460916636, 29.502790593861096, 0.0 ], [ 76.963823052141066, 29.50329176940404, 0.0 ], [ 76.963725004540038, 29.503857827287469, 0.0 ], [ 76.963597767281556, 29.504331734125291, 0.0 ], [ 76.963477142543653, 29.50496148416088, 0.0 ], [ 76.963329833618772, 29.505398371444645, 0.0 ], [ 76.963238848634134, 29.505680606164482, 0.0 ], [ 76.963082416727289, 29.506062361699559, 0.0 ], [ 76.963032251002915, 29.506391168325806, 0.0 ], [ 76.963013779989367, 29.506711415223055, 0.0 ], [ 76.962941725267015, 29.507497803704023, 0.0 ], [ 76.962723949930819, 29.508656987417424, 0.0 ], [ 76.962741967108428, 29.509197763877228, 0.0 ], [ 76.962821691784384, 29.509364336518455, 0.0 ], [ 76.9628686579467, 29.509136442178608, 0.0 ], [ 76.96306157906703, 29.508975218078454, 0.0 ], [ 76.963273660007658, 29.508887631666401, 0.0 ], [ 76.9637146982747, 29.508877655790041, 0.0 ], [ 76.964083443965322, 29.508820511725226, 0.0 ], [ 76.964243300697305, 29.508722777785298, 0.0 ], [ 76.964584675077873, 29.508500240604274, 0.0 ], [ 76.964902334100785, 29.508387170336093, 0.0 ], [ 76.965251691972881, 29.508265538653493, 0.0 ], [ 76.965643463905849, 29.508126387299455, 0.0 ], [ 76.965979825652042, 29.508105264798782, 0.0 ], [ 76.966295662436735, 29.50806543508806, 0.0 ], [ 76.966580712789622, 29.507997543235625, 0.0 ], [ 76.966758358701142, 29.508028379087079, 0.0 ], [ 76.96683363373846, 29.508377867937106, 0.0 ], [ 76.966905498504019, 29.508864688407318, 0.0 ], [ 76.967066742451863, 29.509133364626635, 0.0 ], [ 76.967175082102145, 29.509419362267838, 0.0 ], [ 76.967396312314392, 29.50980824627451, 0.0 ], [ 76.967524724960441, 29.510131259042456, 0.0 ], [ 76.967763756396906, 29.510648715662743, 0.0 ], [ 76.968017600105185, 29.51099241520296, 0.0 ], [ 76.968311587130913, 29.511410151541458, 0.0 ], [ 76.968305980989101, 29.511412553984943, 0.0 ], [ 76.968704184758835, 29.511692071991735, 0.0 ], [ 76.969303304079844, 29.512078938539737, 0.0 ], [ 76.96964289502931, 29.512350986548217, 0.0 ], [ 76.970187684014959, 29.511967396036297, 0.0 ], [ 76.970612982777425, 29.511746425344004, 0.0 ], [ 76.971265621801521, 29.51124578750186, 0.0 ], [ 76.972009713708772, 29.510865950998529, 0.0 ], [ 76.972616974373793, 29.510501849449611, 0.0 ] ] ], [ [ [ 76.903084521993165, 29.520464553491422, 0.0 ], [ 76.903455798991516, 29.520464468384116, 0.0 ], [ 76.903698189597918, 29.520473448906937, 0.0 ], [ 76.903904508239279, 29.520423754968114, 0.0 ], [ 76.904131385277978, 29.52024329925672, 0.0 ], [ 76.904476844279287, 29.519949984212467, 0.0 ], [ 76.904636651779015, 29.519697315939158, 0.0 ], [ 76.904842862778381, 29.519498837436689, 0.0 ], [ 76.905296702037276, 29.519214524163139, 0.0 ], [ 76.905590569011267, 29.519047541285797, 0.0 ], [ 76.905807137859767, 29.518812914114079, 0.0 ], [ 76.905966957315158, 29.518731675321618, 0.0 ], [ 76.906266062959887, 29.518745159093292, 0.0 ], [ 76.906745724071882, 29.518776624684566, 0.0 ], [ 76.907220186687425, 29.518717847048819, 0.0 ], [ 76.907937084002128, 29.518731197439934, 0.0 ], [ 76.908643673271243, 29.518717533200945, 0.0 ], [ 76.908953076315811, 29.518735465280258, 0.0 ], [ 76.909210998635004, 29.51870388005235, 0.0 ], [ 76.909571941075939, 29.518681191411794, 0.0 ], [ 76.909783378765198, 29.518690153349148, 0.0 ], [ 76.910211434125003, 29.518626887713481, 0.0 ], [ 76.910794191578063, 29.518572584237315, 0.0 ], [ 76.911593598902726, 29.518513720246531, 0.0 ], [ 76.912026778175132, 29.518509114209223, 0.0 ], [ 76.912604471562062, 29.518481853197127, 0.0 ], [ 76.913058258037594, 29.51850879658074, 0.0 ], [ 76.913517319355634, 29.518481617211464, 0.0 ], [ 76.91395567586504, 29.518472418115518, 0.0 ], [ 76.914486849352272, 29.518494813049372, 0.0 ], [ 76.914997462808188, 29.518499186158479, 0.0 ], [ 76.914639541287471, 29.513203619205211, 0.0 ], [ 76.914376376719829, 29.512928519073224, 0.0 ], [ 76.913984155273837, 29.51227452156763, 0.0 ], [ 76.913695232903834, 29.511891246477827, 0.0 ], [ 76.913287666082653, 29.511386161097736, 0.0 ], [ 76.912689130318725, 29.510637501977872, 0.0 ], [ 76.912204177978154, 29.510064771074742, 0.0 ], [ 76.91194108092435, 29.509776131621035, 0.0 ], [ 76.911647143050175, 29.509767184792221, 0.0 ], [ 76.911188158088137, 29.509911653732576, 0.0 ], [ 76.910744702101042, 29.509965936911964, 0.0 ], [ 76.910254854123821, 29.509988587025873, 0.0 ], [ 76.909615330860376, 29.509912060095427, 0.0 ], [ 76.909130535765982, 29.509885187766322, 0.0 ], [ 76.908578761811157, 29.509740988630309, 0.0 ], [ 76.908212484729091, 29.50953809379395, 0.0 ], [ 76.907964924546789, 29.509312561247267, 0.0 ], [ 76.907768826194342, 29.50906454472436, 0.0 ], [ 76.907541859145326, 29.508798476116208, 0.0 ], [ 76.907325213322096, 29.508505278173701, 0.0 ], [ 76.907175579932854, 29.508397079103379, 0.0 ], [ 76.906922820638371, 29.508207708149769, 0.0 ], [ 76.906520622638652, 29.508063430904723, 0.0 ], [ 76.905896581466166, 29.507887683480064, 0.0 ], [ 76.905370515192899, 29.507766021082439, 0.0 ], [ 76.904829053351818, 29.507626259423322, 0.0 ], [ 76.904875364412746, 29.507477442472318, 0.0 ], [ 76.904808247672989, 29.507319514097194, 0.0 ], [ 76.904596804011192, 29.507242873326526, 0.0 ], [ 76.903879988529354, 29.50708071876215, 0.0 ], [ 76.903178631799832, 29.506895871050936, 0.0 ], [ 76.902771251276235, 29.506810300944444, 0.0 ], [ 76.902832842355991, 29.505890096414856, 0.0 ], [ 76.90292548515383, 29.505438989650973, 0.0 ], [ 76.903018138470912, 29.504663064310019, 0.0 ], [ 76.903084931785088, 29.503806032554809, 0.0 ], [ 76.903120771467414, 29.503075221354138, 0.0 ], [ 76.903110203426877, 29.502218126489446, 0.0 ], [ 76.9030843650619, 29.501983634097812, 0.0 ], [ 76.903027460308834, 29.501257398549313, 0.0 ], [ 76.903027339469659, 29.500765663928501, 0.0 ], [ 76.903012736194484, 29.500001418546638, 0.0 ], [ 76.903052359002274, 29.498254104998367, 0.0 ], [ 76.902954130130311, 29.497198589955236, 0.0 ], [ 76.903051754060328, 29.495971636413522, 0.0 ], [ 76.902829978232703, 29.495583766797086, 0.0 ], [ 76.902092605969827, 29.495647098343557, 0.0 ], [ 76.901180029685761, 29.495778076138969, 0.0 ], [ 76.900761930607189, 29.49410014273796, 0.0 ], [ 76.900421379592743, 29.493238558401941, 0.0 ], [ 76.899436044842147, 29.491127693837669, 0.0 ], [ 76.898450873430761, 29.489576136752511, 0.0 ], [ 76.898177581950662, 29.489233383855005, 0.0 ], [ 76.899332280951597, 29.488457273767011, 0.0 ], [ 76.900662250851198, 29.48766312978406, 0.0 ], [ 76.901079771737827, 29.487230024991934, 0.0 ], [ 76.900094815850167, 29.486540058125946, 0.0 ], [ 76.899506930881643, 29.485917677436969, 0.0 ], [ 76.899970794819623, 29.485376271626521, 0.0 ], [ 76.900218125978569, 29.484925121102062, 0.0 ], [ 76.900073633569193, 29.484388348439392, 0.0 ], [ 76.899676520642515, 29.48354940032587, 0.0 ], [ 76.899531890225191, 29.482728503112885, 0.0 ], [ 76.900217495790471, 29.482471215889994, 0.0 ], [ 76.901619596370139, 29.481695072413547, 0.0 ], [ 76.902825873396239, 29.481135464298195, 0.0 ], [ 76.90370735578459, 29.480639052068874, 0.0 ], [ 76.904351717355937, 29.480399838733806, 0.0 ], [ 76.904300333402006, 29.481175717106854, 0.0 ], [ 76.904496525379514, 29.482104955611309, 0.0 ], [ 76.905089209331507, 29.481522892067478, 0.0 ], [ 76.905604613157109, 29.481049124385169, 0.0 ], [ 76.905924255448127, 29.480832511903273, 0.0 ], [ 76.906388230631549, 29.480724176197672, 0.0 ], [ 76.907744049023776, 29.480574990191254, 0.0 ], [ 76.908135845658961, 29.480489158288076, 0.0 ], [ 76.908383314819176, 29.48044401326943, 0.0 ], [ 76.908481218968021, 29.480358244734639, 0.0 ], [ 76.908429566922692, 29.480204879111977, 0.0 ], [ 76.907423996428179, 29.479343557305068, 0.0 ], [ 76.907176402569107, 29.479045930445448, 0.0 ], [ 76.90722767650837, 29.478116664257826, 0.0 ], [ 76.907665792924277, 29.477773744991925, 0.0 ], [ 76.908454406180354, 29.477254813308395, 0.0 ], [ 76.910351282578318, 29.476564145995699, 0.0 ], [ 76.911624818692886, 29.476175989793319, 0.0 ], [ 76.911639980700386, 29.476171368754034, 0.0 ], [ 76.911985589466696, 29.476911047458319, 0.0 ], [ 76.912408671737026, 29.477745430432119, 0.0 ], [ 76.912934853947803, 29.478737672271642, 0.0 ], [ 76.91367254081635, 29.480009458562236, 0.0 ], [ 76.914188619824003, 29.481159644457776, 0.0 ], [ 76.914792000786463, 29.481763873299496, 0.0 ], [ 76.915498594214014, 29.48244934911293, 0.0 ], [ 76.915906592068424, 29.482652296094496, 0.0 ], [ 76.916096731513974, 29.482746873827619, 0.0 ], [ 76.91839090985782, 29.482610764474224, 0.0 ], [ 76.921303992146989, 29.482893983858169, 0.0 ], [ 76.922723097503919, 29.48325504541635, 0.0 ], [ 76.922773430252704, 29.483267850911766, 0.0 ], [ 76.923216832336678, 29.483195484045257, 0.0 ], [ 76.923788959277331, 29.482829913555769, 0.0 ], [ 76.924794106238892, 29.482563366329146, 0.0 ], [ 76.925923125916569, 29.482472767201273, 0.0 ], [ 76.927114099363649, 29.482517410989708, 0.0 ], [ 76.927923552376626, 29.48247644697782, 0.0 ], [ 76.928614231472878, 29.482246100430153, 0.0 ], [ 76.929108962253054, 29.481835432483948, 0.0 ], [ 76.929443880520054, 29.481497007446819, 0.0 ], [ 76.930031201603029, 29.480743394216532, 0.0 ], [ 76.930500055736047, 29.480328225437397, 0.0 ], [ 76.931350387491733, 29.479741499351707, 0.0 ], [ 76.933819014444367, 29.478333014396458, 0.0 ], [ 76.933822252125992, 29.478335347858504, 0.0 ], [ 76.933835564956908, 29.47834493959957, 0.0 ], [ 76.934494712095898, 29.478819886124057, 0.0 ], [ 76.935144569164819, 29.479270679632432, 0.0 ], [ 76.935510886015834, 29.479820783011583, 0.0 ], [ 76.936109471376639, 29.480709194395448, 0.0 ], [ 76.936589067064745, 29.480925433438031, 0.0 ], [ 76.937687150389621, 29.48090691468548, 0.0 ], [ 76.938749188287119, 29.480928971796828, 0.0 ], [ 76.939352366186483, 29.480973771308204, 0.0 ], [ 76.940218494397541, 29.480883094352532, 0.0 ], [ 76.941254628925449, 29.480666050810854, 0.0 ], [ 76.94199182225762, 29.480611529687494, 0.0 ], [ 76.942471205234497, 29.480642875665421, 0.0 ], [ 76.94253332549907, 29.480985730427246, 0.0 ], [ 76.942646934665959, 29.481238237805552, 0.0 ], [ 76.943682886047213, 29.480795613427244, 0.0 ], [ 76.944311697670656, 29.48063294734029, 0.0 ], [ 76.944652057444216, 29.480641774659563, 0.0 ], [ 76.944940667557589, 29.48061905826599, 0.0 ], [ 76.945327393583867, 29.480609795445449, 0.0 ], [ 76.945925248828303, 29.480478701686277, 0.0 ], [ 76.946574746856484, 29.480325018057464, 0.0 ], [ 76.94771378437305, 29.479828158818911, 0.0 ], [ 76.948368296356335, 29.479543563950884, 0.0 ], [ 76.948543184792229, 29.478961570612508, 0.0 ], [ 76.948991596961932, 29.478862157661567, 0.0 ], [ 76.949929668750528, 29.478577370833243, 0.0 ], [ 76.950269977955088, 29.478653857449071, 0.0 ], [ 76.950821727326087, 29.478743840907644, 0.0 ], [ 76.951558789791349, 29.478635132548995, 0.0 ], [ 76.952120807582958, 29.478652781707041, 0.0 ], [ 76.952373508311751, 29.478774485774885, 0.0 ], [ 76.953451298430153, 29.479301642839548, 0.0 ], [ 76.954658113569351, 29.479824185427898, 0.0 ], [ 76.955385516250757, 29.480383091604612, 0.0 ], [ 76.956288415145949, 29.481230570444676, 0.0 ], [ 76.956701005093208, 29.481424260035478, 0.0 ], [ 76.957206319169302, 29.481613427829632, 0.0 ], [ 76.957866432224506, 29.481797877281341, 0.0 ], [ 76.958309959828838, 29.481964581558302, 0.0 ], [ 76.958346082095261, 29.482041192635037, 0.0 ], [ 76.958433866931131, 29.482203570978744, 0.0 ], [ 76.958609233773785, 29.482271093484979, 0.0 ], [ 76.958784590072739, 29.482370196020931, 0.0 ], [ 76.958959913406957, 29.482478411385902, 0.0 ], [ 76.959284824905794, 29.482568361725871, 0.0 ], [ 76.960053164853349, 29.482797943371089, 0.0 ], [ 76.960816510443507, 29.483126753745754, 0.0 ], [ 76.961507706035945, 29.483532230286173, 0.0 ], [ 76.962033650245402, 29.483667209366342, 0.0 ], [ 76.962936053389967, 29.483783910312251, 0.0 ], [ 76.964039365229539, 29.483805786120918, 0.0 ], [ 76.965065289373683, 29.483782511769419, 0.0 ], [ 76.965457076365908, 29.483773205210888, 0.0 ], [ 76.965993080181917, 29.483574366089332, 0.0 ], [ 76.96683309319819, 29.483167840900474, 0.0 ], [ 76.967899712490848, 29.482481415868861, 0.0 ], [ 76.968749758410283, 29.481885348453183, 0.0 ], [ 76.969914186562718, 29.481117701261528, 0.0 ], [ 76.970589319883445, 29.480787942639544, 0.0 ], [ 76.971217908987271, 29.480467169393773, 0.0 ], [ 76.971666109951016, 29.48003836138367, 0.0 ], [ 76.972031704805559, 29.479641091202105, 0.0 ], [ 76.972041439771473, 29.479068195741227, 0.0 ], [ 76.972231527190232, 29.478287726665787, 0.0 ], [ 76.97255586684264, 29.477890524706133, 0.0 ], [ 76.972741505008258, 29.477881366616206, 0.0 ], [ 76.973283144246807, 29.478241813235353, 0.0 ], [ 76.97344255139194, 29.477858245820187, 0.0 ], [ 76.974195298749819, 29.477943436607369, 0.0 ], [ 76.9741956527252, 29.478286197492562, 0.0 ], [ 76.974185642017503, 29.478615487159484, 0.0 ], [ 76.974438342479658, 29.478714593149025, 0.0 ], [ 76.974737515258681, 29.478822572668815, 0.0 ], [ 76.975088409139587, 29.479151649158531, 0.0 ], [ 76.975825984142674, 29.479511972114402, 0.0 ], [ 76.976376840559936, 29.478731187946519, 0.0 ], [ 76.976804330754291, 29.478379001224738, 0.0 ], [ 76.977794854040553, 29.479036818455242, 0.0 ], [ 76.978372565747279, 29.479379201886605, 0.0 ], [ 76.978583902098023, 29.479333924425006, 0.0 ], [ 76.97921273847858, 29.479171003081603, 0.0 ], [ 76.979490850453232, 29.478927226217973, 0.0 ], [ 76.979789387086612, 29.47840822965264, 0.0 ], [ 76.980530755331202, 29.477478429560289, 0.0 ], [ 76.98144153563193, 29.475907849227493, 0.0 ], [ 76.981714262198381, 29.475393382493905, 0.0 ], [ 76.982657602041442, 29.475370122409206, 0.0 ], [ 76.982395819742933, 29.476367223158189, 0.0 ], [ 76.98265893073723, 29.476619631447768, 0.0 ], [ 76.983236667683599, 29.476894325696026, 0.0 ], [ 76.983597823475137, 29.477182713895289, 0.0 ], [ 76.984375987013678, 29.476915950437885, 0.0 ], [ 76.98492741127194, 29.4767079645958, 0.0 ], [ 76.985416806955584, 29.476454977136807, 0.0 ], [ 76.986215409156273, 29.475994185960172, 0.0 ], [ 76.986972661273001, 29.475470308125242, 0.0 ], [ 76.98757023141971, 29.475117894220197, 0.0 ], [ 76.988384250685755, 29.47463457217864, 0.0 ], [ 76.988935470083746, 29.474295748317093, 0.0 ], [ 76.989337328862774, 29.474128507429679, 0.0 ], [ 76.989863006458208, 29.473965637160802, 0.0 ], [ 76.990656594900955, 29.473667300846035, 0.0 ], [ 76.9909450447675, 29.473495616467176, 0.0 ], [ 76.990954539349971, 29.473489979762608, 0.0 ], [ 76.991120156487028, 29.473391673087338, 0.0 ], [ 76.992186386496485, 29.472614842447395, 0.0 ], [ 76.993025979938224, 29.472023202133464, 0.0 ], [ 76.994040642886389, 29.471241897932913, 0.0 ], [ 76.995039517658739, 29.470271169666226, 0.0 ], [ 76.995801806564742, 29.469724701662006, 0.0 ], [ 76.996862643357517, 29.469019099706447, 0.0 ], [ 76.996868051000703, 29.469015503382511, 0.0 ], [ 76.997733676568217, 29.468676346578693, 0.0 ], [ 76.997759333045735, 29.468586096985728, 0.0 ], [ 76.99776925402503, 29.468292897400246, 0.0 ], [ 76.997944322490611, 29.468134901320859, 0.0 ], [ 76.998346077624703, 29.467827788431869, 0.0 ], [ 76.999999951408796, 29.466723214429287, 0.0 ], [ 77.001570416000789, 29.466861630988134, 0.0 ], [ 77.002018241130742, 29.466901098259601, 0.0 ], [ 77.002883263064916, 29.466977328063159, 0.0 ], [ 77.00461573122567, 29.466848152790881, 0.0 ], [ 77.007438949075492, 29.466201339351109, 0.0 ], [ 77.010083600720165, 29.465255045999697, 0.0 ], [ 77.012728198366901, 29.464308699057533, 0.0 ], [ 77.01399268522637, 29.464030604455512, 0.0 ], [ 77.01560741833795, 29.464006151688864, 0.0 ], [ 77.01616209837087, 29.463997747295206, 0.0 ], [ 77.016716775167055, 29.463989341847981, 0.0 ], [ 77.01750362243439, 29.463874908443177, 0.0 ], [ 77.017937067485178, 29.463970840089669, 0.0 ], [ 77.018786893837927, 29.464546005334721, 0.0 ], [ 77.019614751964184, 29.465256372953711, 0.0 ], [ 77.020383767674915, 29.466107899791037, 0.0 ], [ 77.021165209718518, 29.467585054406065, 0.0 ], [ 77.021713750092871, 29.468700690306544, 0.0 ], [ 77.021807655482519, 29.468891675847932, 0.0 ], [ 77.02249581099808, 29.468773316096662, 0.0 ], [ 77.024175568321141, 29.468294589016161, 0.0 ], [ 77.026312368224467, 29.468477859368598, 0.0 ], [ 77.028954137271739, 29.468631817101716, 0.0 ], [ 77.033066440319303, 29.468946686684241, 0.0 ], [ 77.033729394987077, 29.469043343165083, 0.0 ], [ 77.034674075739048, 29.469181069065019, 0.0 ], [ 77.035443112964231, 29.468791655565997, 0.0 ], [ 77.036141418509089, 29.468565169365199, 0.0 ], [ 77.037473553610241, 29.468587935201576, 0.0 ], [ 77.040147987436328, 29.468525370012213, 0.0 ], [ 77.042054925284233, 29.468312682620116, 0.0 ], [ 77.042783271471407, 29.468355452375199, 0.0 ], [ 77.043320666383195, 29.468714056213177, 0.0 ], [ 77.043937426869377, 29.468726162991366, 0.0 ], [ 77.044916423095387, 29.468667192075976, 0.0 ], [ 77.045598509598136, 29.46935284063812, 0.0 ], [ 77.046776807138002, 29.469148344612364, 0.0 ], [ 77.048173516916378, 29.46887422385829, 0.0 ], [ 77.048704278494412, 29.468631261871618, 0.0 ], [ 77.049467543830502, 29.4685709510631, 0.0 ], [ 77.049799598458563, 29.468528069170379, 0.0 ], [ 77.050428251159076, 29.468518382926618, 0.0 ], [ 77.051344077038493, 29.468446338077637, 0.0 ], [ 77.053428287420047, 29.467931586722631, 0.0 ], [ 77.054270802370525, 29.467530621205384, 0.0 ], [ 77.054359509766499, 29.467507263673195, 0.0 ], [ 77.055313322549353, 29.467256112731093, 0.0 ], [ 77.056001280836639, 29.467741817927436, 0.0 ], [ 77.05748585118161, 29.469207872714136, 0.0 ], [ 77.058652170356041, 29.469567476152463, 0.0 ], [ 77.061012648648358, 29.469833044487697, 0.0 ], [ 77.062729531405338, 29.469979071232466, 0.0 ], [ 77.063868600398123, 29.470209572819417, 0.0 ], [ 77.064411105044101, 29.470816177360476, 0.0 ], [ 77.064553474280416, 29.471148453695207, 0.0 ], [ 77.065330055872991, 29.471136399229266, 0.0 ], [ 77.066544853297486, 29.471452019864678, 0.0 ], [ 77.068110937208161, 29.472064282973815, 0.0 ], [ 77.069060091278843, 29.472570447293538, 0.0 ], [ 77.070042899806396, 29.472476617461265, 0.0 ], [ 77.070817513469279, 29.472367452566598, 0.0 ], [ 77.072054361679605, 29.472553198294637, 0.0 ], [ 77.073077922544712, 29.472558831957326, 0.0 ], [ 77.073458516977951, 29.47247737049587, 0.0 ], [ 77.073691436191737, 29.471804769779261, 0.0 ], [ 77.074313288026843, 29.471460591199083, 0.0 ], [ 77.075285332976534, 29.471228741025218, 0.0 ], [ 77.076055755927683, 29.471044974937573, 0.0 ], [ 77.076614643889897, 29.470637028437871, 0.0 ], [ 77.077658670557852, 29.469228840073495, 0.0 ], [ 77.078091416685595, 29.468682589457888, 0.0 ], [ 77.078455709209862, 29.467198692332342, 0.0 ], [ 77.079463356053253, 29.464614969139056, 0.0 ], [ 77.079894314653728, 29.463982423295381, 0.0 ], [ 77.07993634616281, 29.463021471052183, 0.0 ], [ 77.079746176367209, 29.462161258403945, 0.0 ], [ 77.079658132061269, 29.46086785538494, 0.0 ], [ 77.079955036439969, 29.460312934049877, 0.0 ], [ 77.081839461263584, 29.45961449414763, 0.0 ], [ 77.083264769401381, 29.459376390194336, 0.0 ], [ 77.084510458572865, 29.458795811320563, 0.0 ], [ 77.085640828121171, 29.458605460951166, 0.0 ], [ 77.086867143878123, 29.458284119101247, 0.0 ], [ 77.087332526972105, 29.457964741582437, 0.0 ], [ 77.087454026146972, 29.458212913684569, 0.0 ], [ 77.090926935566088, 29.459908698274266, 0.0 ], [ 77.095145178345589, 29.462499384389481, 0.0 ], [ 77.096445472412839, 29.463313457181957, 0.0 ], [ 77.097574200803564, 29.463805422859231, 0.0 ], [ 77.098484784981324, 29.463966994499724, 0.0 ], [ 77.100645647022418, 29.464014095281765, 0.0 ], [ 77.101533298566395, 29.464063232878939, 0.0 ], [ 77.102975193031995, 29.464491559156183, 0.0 ], [ 77.105043835492538, 29.464815221034421, 0.0 ], [ 77.107896691260365, 29.465419648281834, 0.0 ], [ 77.109391017854051, 29.465639561805666, 0.0 ], [ 77.111314541616252, 29.466421044702273, 0.0 ], [ 77.114145709388623, 29.467963982340073, 0.0 ], [ 77.116820672814441, 29.469428141201757, 0.0 ], [ 77.117730210033571, 29.470031682561405, 0.0 ], [ 77.120312729973477, 29.472250586932663, 0.0 ], [ 77.121330467858726, 29.473344081244516, 0.0 ], [ 77.123002774913488, 29.474923337663611, 0.0 ], [ 77.124148060802696, 29.476691429321562, 0.0 ], [ 77.127093975759138, 29.479508865490772, 0.0 ], [ 77.131987012043396, 29.484943007657726, 0.0 ], [ 77.132239241038874, 29.484677324682529, 0.0 ], [ 77.132354587964585, 29.484030397688127, 0.0 ], [ 77.132801588063586, 29.483463861718917, 0.0 ], [ 77.132802010403395, 29.483463528482876, 0.0 ], [ 77.132823702639982, 29.48344639601655, 0.0 ], [ 77.133308775054175, 29.483063267079647, 0.0 ], [ 77.133381978535496, 29.482620011408283, 0.0 ], [ 77.133366567536584, 29.482376662481716, 0.0 ], [ 77.133311918402768, 29.481736972139043, 0.0 ], [ 77.133079274553339, 29.479737803902474, 0.0 ], [ 77.132165194454885, 29.478187130464399, 0.0 ], [ 77.131756079137716, 29.477607252450799, 0.0 ], [ 77.131202060653024, 29.476754522381395, 0.0 ], [ 77.130715332609398, 29.475914244301077, 0.0 ], [ 77.130273082830058, 29.475474734868516, 0.0 ], [ 77.129437775688871, 29.474482146934381, 0.0 ], [ 77.128421776999943, 29.473412702924527, 0.0 ], [ 77.128420412898464, 29.473411266990507, 0.0 ], [ 77.127560914928182, 29.473031491271733, 0.0 ], [ 77.126292263541742, 29.472470915833298, 0.0 ], [ 77.125684571489415, 29.472006967275842, 0.0 ], [ 77.125022527548836, 29.471408552560813, 0.0 ], [ 77.123887765461248, 29.470637240365694, 0.0 ], [ 77.122996248240142, 29.469663550200334, 0.0 ], [ 77.122675940671314, 29.468888248050842, 0.0 ], [ 77.122489812691313, 29.468119826518382, 0.0 ], [ 77.12277470490136, 29.467443133029693, 0.0 ], [ 77.122388971368792, 29.466001237235048, 0.0 ], [ 77.12223727467358, 29.464163143839787, 0.0 ], [ 77.122320330081791, 29.463200962566493, 0.0 ], [ 77.122302001032381, 29.462073489722425, 0.0 ], [ 77.122289240593105, 29.461708296802122, 0.0 ], [ 77.122280870281728, 29.461058837679186, 0.0 ], [ 77.122339487415786, 29.46040830897946, 0.0 ], [ 77.122415418452874, 29.459873735383425, 0.0 ], [ 77.122555267793601, 29.458889150049366, 0.0 ], [ 77.123044089202082, 29.458105447844463, 0.0 ], [ 77.123110686094051, 29.457838232311836, 0.0 ], [ 77.123224662853474, 29.457123667059118, 0.0 ], [ 77.123105341539528, 29.456097047082565, 0.0 ], [ 77.123208823924926, 29.455373625144979, 0.0 ], [ 77.12362763514686, 29.454446684491192, 0.0 ], [ 77.123632242009847, 29.454451155674199, 0.0 ], [ 77.123676051722811, 29.454493676212284, 0.0 ], [ 77.124096586322139, 29.453947493916271, 0.0 ], [ 77.124235950209723, 29.453805455460095, 0.0 ], [ 77.124343894781973, 29.45369543812577, 0.0 ], [ 77.124887609599952, 29.453321360898908, 0.0 ], [ 77.125828647532074, 29.453216110469775, 0.0 ], [ 77.126034631287965, 29.452959599275587, 0.0 ], [ 77.126045092334365, 29.452946285997182, 0.0 ], [ 77.126045247115542, 29.452946381283422, 0.0 ], [ 77.126250645746538, 29.452690595770932, 0.0 ], [ 77.126676872841031, 29.452368010661303, 0.0 ], [ 77.127706174067654, 29.451553100297463, 0.0 ], [ 77.128565710255103, 29.450754430754934, 0.0 ], [ 77.128914227135795, 29.450566582201734, 0.0 ], [ 77.128969059118205, 29.450537026750442, 0.0 ], [ 77.129238483683082, 29.450391805768014, 0.0 ], [ 77.130151248011529, 29.449921581922847, 0.0 ], [ 77.132424001462169, 29.449172438814728, 0.0 ], [ 77.132778556158669, 29.44838183311748, 0.0 ], [ 77.133232826574968, 29.44792344768295, 0.0 ], [ 77.133925134539439, 29.447510865461105, 0.0 ], [ 77.134502997384544, 29.44729408987126, 0.0 ], [ 77.135521963512545, 29.446975503491704, 0.0 ], [ 77.137170388339072, 29.44693551099121, 0.0 ], [ 77.138196859454794, 29.447221264474813, 0.0 ], [ 77.138866124751431, 29.446939847936413, 0.0 ], [ 77.13943139513151, 29.446614988656329, 0.0 ], [ 77.140900586593929, 29.445648555467589, 0.0 ], [ 77.142690898644119, 29.445985140435472, 0.0 ], [ 77.144521801996959, 29.445310573385498, 0.0 ], [ 77.144921507364586, 29.444221483747761, 0.0 ], [ 77.145845079426891, 29.444026155185654, 0.0 ], [ 77.145855712039975, 29.44281702581781, 0.0 ], [ 77.146368116446254, 29.442186240437223, 0.0 ], [ 77.146744241354, 29.440957683861413, 0.0 ], [ 77.147380228008359, 29.439833198445118, 0.0 ], [ 77.147615490449866, 29.439289525305234, 0.0 ], [ 77.147616121746324, 29.439288068008196, 0.0 ], [ 77.147274383621479, 29.438442909446213, 0.0 ], [ 77.147273614441588, 29.438441007756005, 0.0 ], [ 77.147363047123221, 29.438038082540913, 0.0 ], [ 77.14774209253126, 29.43694931776545, 0.0 ], [ 77.148027786080632, 29.436322185068754, 0.0 ], [ 77.148318980319388, 29.434977707179158, 0.0 ], [ 77.148423716280789, 29.434078320007917, 0.0 ], [ 77.148078201302283, 29.432513940182119, 0.0 ], [ 77.148076240325452, 29.432505063259658, 0.0 ], [ 77.147757035195824, 29.431730712888431, 0.0 ], [ 77.147625507190526, 29.43141164047125, 0.0 ], [ 77.14693295740814, 29.4303356487464, 0.0 ], [ 77.146464080768766, 29.429603397797226, 0.0 ], [ 77.145575904495374, 29.428535062512974, 0.0 ], [ 77.14517120705672, 29.427663060189698, 0.0 ], [ 77.145163383633871, 29.427646200634381, 0.0 ], [ 77.145160295643635, 29.427639549889587, 0.0 ], [ 77.144358961296035, 29.426533717092273, 0.0 ], [ 77.143390332422911, 29.426048587044779, 0.0 ], [ 77.141922032215277, 29.425138563730972, 0.0 ], [ 77.141907627622516, 29.42512963598616, 0.0 ], [ 77.141135468168557, 29.424429308010044, 0.0 ], [ 77.140115312523662, 29.423696873819313, 0.0 ], [ 77.139075277496971, 29.422752728110922, 0.0 ], [ 77.138989191591335, 29.422501415094587, 0.0 ], [ 77.13880946465305, 29.421976731558285, 0.0 ], [ 77.138806342332174, 29.42196761198608, 0.0 ], [ 77.138030777738294, 29.421348518419226, 0.0 ], [ 77.136607182675789, 29.421524743381394, 0.0 ], [ 77.135662198706441, 29.420996239974563, 0.0 ], [ 77.135611370366348, 29.420967812239038, 0.0 ], [ 77.134724173655727, 29.420183577802611, 0.0 ], [ 77.133756745545156, 29.419504377776565, 0.0 ], [ 77.133121133318667, 29.418773948310573, 0.0 ], [ 77.133117945365697, 29.418770284737082, 0.0 ], [ 77.132831650957087, 29.417111331830053, 0.0 ], [ 77.132830693674649, 29.417105788704891, 0.0 ], [ 77.132460129376767, 29.416317511709615, 0.0 ], [ 77.132350804074719, 29.416084948563146, 0.0 ], [ 77.13223207303632, 29.415045216868826, 0.0 ], [ 77.132230996909811, 29.415035786298109, 0.0 ], [ 77.132003941805152, 29.413785341884406, 0.0 ], [ 77.131837721913669, 29.412980520121113, 0.0 ], [ 77.132079369837285, 29.411722571773232, 0.0 ], [ 77.132099633675608, 29.411212495651846, 0.0 ], [ 77.132219700355833, 29.410547445240489, 0.0 ], [ 77.132346359617927, 29.410198064815141, 0.0 ], [ 77.132505121521646, 29.408918887631057, 0.0 ], [ 77.132693299446657, 29.408554988579336, 0.0 ], [ 77.133082712090882, 29.408205911489954, 0.0 ], [ 77.133642519215257, 29.406888732557352, 0.0 ], [ 77.133770487787004, 29.405862668311357, 0.0 ], [ 77.134252493133673, 29.404767776522927, 0.0 ], [ 77.134357747704797, 29.403394721920719, 0.0 ], [ 77.134212963258904, 29.402347724932465, 0.0 ], [ 77.134212097004138, 29.402341463192343, 0.0 ], [ 77.133440524837368, 29.401747448635025, 0.0 ], [ 77.133437186344608, 29.401744878896164, 0.0 ], [ 77.133492663374312, 29.40120432206448, 0.0 ], [ 77.133492834900196, 29.401202658640528, 0.0 ], [ 77.133334131894344, 29.400962946890424, 0.0 ], [ 77.133257567791517, 29.40084730083095, 0.0 ], [ 77.133253459072719, 29.400841093975743, 0.0 ], [ 77.135029256111537, 29.400275828576131, 0.0 ], [ 77.135687237591085, 29.399714930537961, 0.0 ], [ 77.13614608647724, 29.398746713887942, 0.0 ], [ 77.136545414317908, 29.397396009242303, 0.0 ], [ 77.136661046837801, 29.39676711467434, 0.0 ], [ 77.137291360823795, 29.396116431969936, 0.0 ], [ 77.137514981305756, 29.395724891084548, 0.0 ], [ 77.13785047623378, 29.395263889621386, 0.0 ], [ 77.138886697613017, 29.394317976933184, 0.0 ], [ 77.139773886927117, 29.394127800190027, 0.0 ], [ 77.140559216754482, 29.393501679386976, 0.0 ], [ 77.141147156009183, 29.392797527324358, 0.0 ], [ 77.14146585389318, 29.392273631700039, 0.0 ], [ 77.142243742425691, 29.391539356288916, 0.0 ], [ 77.142602722993161, 29.390726102300569, 0.0 ], [ 77.143512350719689, 29.390134055298486, 0.0 ], [ 77.144194506544721, 29.389748661508676, 0.0 ], [ 77.147374061912871, 29.387852433766447, 0.0 ], [ 77.149739803567826, 29.387187251547559, 0.0 ], [ 77.150903416694959, 29.387163965406632, 0.0 ], [ 77.151533868270064, 29.387505649172716, 0.0 ], [ 77.151764206016296, 29.387925970418159, 0.0 ], [ 77.151764022877117, 29.387926788981382, 0.0 ], [ 77.151608808786364, 29.38861867143941, 0.0 ], [ 77.151213696279854, 29.389179912559445, 0.0 ], [ 77.151033875536328, 29.389936161443938, 0.0 ], [ 77.151039651525366, 29.389942176691267, 0.0 ], [ 77.151460461276997, 29.390380380888374, 0.0 ], [ 77.152763309566936, 29.390607446608474, 0.0 ], [ 77.153455106677754, 29.390666895309174, 0.0 ], [ 77.153470287581712, 29.390668200127095, 0.0 ], [ 77.15547611035808, 29.389300495575554, 0.0 ], [ 77.156325947676265, 29.38880857454815, 0.0 ], [ 77.156741617279664, 29.38849058483439, 0.0 ], [ 77.157194955536099, 29.388005075416508, 0.0 ], [ 77.157404665787354, 29.387314173306887, 0.0 ], [ 77.157406859772195, 29.387306942253758, 0.0 ], [ 77.156919140203868, 29.386895309539856, 0.0 ], [ 77.15543436331572, 29.385611127267882, 0.0 ], [ 77.15432606882014, 29.38434790754356, 0.0 ], [ 77.152898337404721, 29.383568011704426, 0.0 ], [ 77.15146244062997, 29.38264387588708, 0.0 ], [ 77.150773383754824, 29.382296740683007, 0.0 ], [ 77.150707593442093, 29.382263596892866, 0.0 ], [ 77.149785142298811, 29.381750685166892, 0.0 ], [ 77.149226439565496, 29.381389788983611, 0.0 ], [ 77.148738716013384, 29.381090988877677, 0.0 ], [ 77.14853768970454, 29.380967832144201, 0.0 ], [ 77.147373586102091, 29.380228731888803, 0.0 ], [ 77.146130333526017, 29.379644273495895, 0.0 ], [ 77.145311186859843, 29.37914319813946, 0.0 ], [ 77.144553359771095, 29.378618575852322, 0.0 ], [ 77.143128470361049, 29.37772123462274, 0.0 ], [ 77.142807172147926, 29.377627157212874, 0.0 ], [ 77.142605699350923, 29.377497934547986, 0.0 ], [ 77.142567025346935, 29.377473129694629, 0.0 ], [ 77.140165383087577, 29.376907228654218, 0.0 ], [ 77.14012638581417, 29.376854743858921, 0.0 ], [ 77.139820904972467, 29.376443606446745, 0.0 ], [ 77.138713718324695, 29.37620424553668, 0.0 ], [ 77.136726214139998, 29.375983498991719, 0.0 ], [ 77.13545638606773, 29.376094070814183, 0.0 ], [ 77.134637344149979, 29.375841035707055, 0.0 ], [ 77.133804960075196, 29.375935564181546, 0.0 ], [ 77.132774528958691, 29.376412186627313, 0.0 ], [ 77.13187202825344, 29.376602556963913, 0.0 ], [ 77.130750931054052, 29.376683639513303, 0.0 ], [ 77.13023867463987, 29.376570026936701, 0.0 ], [ 77.128381176149645, 29.375914013077498, 0.0 ], [ 77.127028663093981, 29.375764180488716, 0.0 ], [ 77.127198160299912, 29.37499909877296, 0.0 ], [ 77.126881692813214, 29.374296828213165, 0.0 ], [ 77.126569006414115, 29.373602940873841, 0.0 ], [ 77.126566421470272, 29.373597202348247, 0.0 ], [ 77.125598207625998, 29.373325627871797, 0.0 ], [ 77.125592494020623, 29.373324025024438, 0.0 ], [ 77.125144973625453, 29.372515047501796, 0.0 ], [ 77.125068072235848, 29.372376031093182, 0.0 ], [ 77.125007941301163, 29.372274644101097, 0.0 ], [ 77.12467846019922, 29.371719108103157, 0.0 ], [ 77.124229321591059, 29.371371977518226, 0.0 ], [ 77.123752012083756, 29.371003071034789, 0.0 ], [ 77.123295391948773, 29.370342699773602, 0.0 ], [ 77.123440523273814, 29.369703514905169, 0.0 ], [ 77.123583229721959, 29.369075002691556, 0.0 ], [ 77.123586420779873, 29.369037677607665, 0.0 ], [ 77.123619987589578, 29.368645151756798, 0.0 ], [ 77.123628811950979, 29.368541964107852, 0.0 ], [ 77.123472473929979, 29.367388729570283, 0.0 ], [ 77.123454269016449, 29.36725443484541, 0.0 ], [ 77.123452456402063, 29.367241062408453, 0.0 ], [ 77.124674653258268, 29.366594727952652, 0.0 ], [ 77.124675013320996, 29.366594537404787, 0.0 ], [ 77.124692020571388, 29.366567778436433, 0.0 ], [ 77.125248506830616, 29.365692196358985, 0.0 ], [ 77.125508212916188, 29.365311298085217, 0.0 ], [ 77.125668300828551, 29.365076502888581, 0.0 ], [ 77.125768087749819, 29.364043051480401, 0.0 ], [ 77.125786960067799, 29.363847589027806, 0.0 ], [ 77.125916357343968, 29.363733362680801, 0.0 ], [ 77.126323001598422, 29.3633743952185, 0.0 ], [ 77.126592378195113, 29.363203187819654, 0.0 ], [ 77.127000078249196, 29.362501972442562, 0.0 ], [ 77.126968040591521, 29.361704016478065, 0.0 ], [ 77.127020518549614, 29.360760357418204, 0.0 ], [ 77.127102000300383, 29.359477899376103, 0.0 ], [ 77.127524914774426, 29.358804065632619, 0.0 ], [ 77.127623768645122, 29.358646558736254, 0.0 ], [ 77.127625364241283, 29.358644015396663, 0.0 ], [ 77.128629699719312, 29.357662607297868, 0.0 ], [ 77.128866346830122, 29.357208039120756, 0.0 ], [ 77.128956503044279, 29.357034856672197, 0.0 ], [ 77.128690711666948, 29.356586081090988, 0.0 ], [ 77.128634867306062, 29.356491790964146, 0.0 ], [ 77.128630956739855, 29.356485186605514, 0.0 ], [ 77.128124034227142, 29.35612787707435, 0.0 ], [ 77.127021731367932, 29.354868914082331, 0.0 ], [ 77.127021647818552, 29.354868819134122, 0.0 ], [ 77.127020416064411, 29.354862338621807, 0.0 ], [ 77.126900242151976, 29.35423017671328, 0.0 ], [ 77.126510756121263, 29.353294152569767, 0.0 ], [ 77.126322900283384, 29.352842680577226, 0.0 ], [ 77.126320313263221, 29.35283646626085, 0.0 ], [ 77.125777762734756, 29.352497759947831, 0.0 ], [ 77.124447647606303, 29.351427264084151, 0.0 ], [ 77.12586112134926, 29.350561159375463, 0.0 ], [ 77.125860935920784, 29.350559376728118, 0.0 ], [ 77.125771170520309, 29.349700968677784, 0.0 ], [ 77.126077093442106, 29.348563801559962, 0.0 ], [ 77.126760431446002, 29.347005589735829, 0.0 ], [ 77.127564946644526, 29.345580778739226, 0.0 ], [ 77.128000171225693, 29.344473121458275, 0.0 ], [ 77.12868094378841, 29.343831154312902, 0.0 ], [ 77.128803087172713, 29.343715972335922, 0.0 ], [ 77.129525958767232, 29.342576652741634, 0.0 ], [ 77.131269767980655, 29.341263132050695, 0.0 ], [ 77.133084987436405, 29.340661205277037, 0.0 ], [ 77.134667075017433, 29.339990806861735, 0.0 ], [ 77.135283000298699, 29.339899748259604, 0.0 ], [ 77.136353285879338, 29.340117190696638, 0.0 ], [ 77.139439777419355, 29.339991032843308, 0.0 ], [ 77.14060201601724, 29.339927275856898, 0.0 ], [ 77.142055730509384, 29.339768606769542, 0.0 ], [ 77.143111831181088, 29.339770581883236, 0.0 ], [ 77.143816593679205, 29.339771896435504, 0.0 ], [ 77.144881698242841, 29.340232950517731, 0.0 ], [ 77.146785835780179, 29.340685006425261, 0.0 ], [ 77.1480850281866, 29.341259555666234, 0.0 ], [ 77.148825003490288, 29.34143710308755, 0.0 ], [ 77.14945740340471, 29.341395335881415, 0.0 ], [ 77.150855452047992, 29.341282578589567, 0.0 ], [ 77.151742443445855, 29.341105873317893, 0.0 ], [ 77.152886988637704, 29.340690429456362, 0.0 ], [ 77.153777910024857, 29.340211406965928, 0.0 ], [ 77.154525259232415, 29.340005359747529, 0.0 ], [ 77.156210608053868, 29.339112000281556, 0.0 ], [ 77.15711885480782, 29.338479297605975, 0.0 ], [ 77.157218972939518, 29.337855149246199, 0.0 ], [ 77.15866017122039, 29.337105551553151, 0.0 ], [ 77.159573308097933, 29.336834943351189, 0.0 ], [ 77.15975507690068, 29.336781075476217, 0.0 ], [ 77.160481652237976, 29.335591919029497, 0.0 ], [ 77.160702637180663, 29.333865109312633, 0.0 ], [ 77.160689605820323, 29.333247300961613, 0.0 ], [ 77.161154815572061, 29.332360105406305, 0.0 ], [ 77.160939752196313, 29.331438818071927, 0.0 ], [ 77.160850793868676, 29.330150090137025, 0.0 ], [ 77.159864044391497, 29.327694647586757, 0.0 ], [ 77.159861982308044, 29.327689517607315, 0.0 ], [ 77.158719150287325, 29.326824852677476, 0.0 ], [ 77.158507312576546, 29.326664574358418, 0.0 ], [ 77.158501852352458, 29.326660443498593, 0.0 ], [ 77.157119257219335, 29.325946700916088, 0.0 ], [ 77.157112278216317, 29.325943097489926, 0.0 ], [ 77.157111781092013, 29.325941346861811, 0.0 ], [ 77.15703904581602, 29.32568527861703, 0.0 ], [ 77.156895444828194, 29.325179716927824, 0.0 ], [ 77.156716830722786, 29.323296969794644, 0.0 ], [ 77.156631179062884, 29.323063219437863, 0.0 ], [ 77.156531144484262, 29.322790215843476, 0.0 ], [ 77.157113049855681, 29.322311656942361, 0.0 ], [ 77.157143729469368, 29.321671370286449, 0.0 ], [ 77.15716669691615, 29.321192038960799, 0.0 ], [ 77.156973285270894, 29.320727420569682, 0.0 ], [ 77.156586584240657, 29.319798465306114, 0.0 ], [ 77.15647809251368, 29.31929046568693, 0.0 ], [ 77.156640332801715, 29.318683356864351, 0.0 ], [ 77.157565423117191, 29.318428377682974, 0.0 ], [ 77.157909532512548, 29.318333530372399, 0.0 ], [ 77.158086385268533, 29.318016293037385, 0.0 ], [ 77.158236895804436, 29.317746305321858, 0.0 ], [ 77.158362723550837, 29.317121741135299, 0.0 ], [ 77.159739222393824, 29.316246875064959, 0.0 ], [ 77.160306590892361, 29.315813649383848, 0.0 ], [ 77.160196866998987, 29.315003429562637, 0.0 ], [ 77.160554278667249, 29.313400717459256, 0.0 ], [ 77.160628282086961, 29.312271747056762, 0.0 ], [ 77.160115526841949, 29.31112838600226, 0.0 ], [ 77.158613836021132, 29.307779712237835, 0.0 ], [ 77.158322065468951, 29.306877699844623, 0.0 ], [ 77.158211766762605, 29.305305109387049, 0.0 ], [ 77.158273027267626, 29.303257680600741, 0.0 ], [ 77.158284282979935, 29.302881476200142, 0.0 ], [ 77.154643063783752, 29.299486594427147, 0.0 ], [ 77.154641160297771, 29.299484818806995, 0.0 ], [ 77.154104345644726, 29.299111203954684, 0.0 ], [ 77.152720298632971, 29.29814790847103, 0.0 ], [ 77.15267740262361, 29.298118052580559, 0.0 ], [ 77.152298033288034, 29.297452013202587, 0.0 ], [ 77.151333736393212, 29.295396952569103, 0.0 ], [ 77.150666844041197, 29.294719348945797, 0.0 ], [ 77.150660678948142, 29.294713083759653, 0.0 ], [ 77.150561738586106, 29.294483409793415, 0.0 ], [ 77.1499195941892, 29.292992748748592, 0.0 ], [ 77.149966837314437, 29.292962909708802, 0.0 ], [ 77.15049859039199, 29.292627046912855, 0.0 ], [ 77.150496862287099, 29.292615639120079, 0.0 ], [ 77.150428247127067, 29.292162646925931, 0.0 ], [ 77.150373169511823, 29.291799020422193, 0.0 ], [ 77.149772459423318, 29.28940877823533, 0.0 ], [ 77.149482616146628, 29.288100705923032, 0.0 ], [ 77.148759913409464, 29.287301812355832, 0.0 ], [ 77.148444856551208, 29.286953535924855, 0.0 ], [ 77.147601151369159, 29.286082420933621, 0.0 ], [ 77.146483088674387, 29.284928009446748, 0.0 ], [ 77.146195821715835, 29.284565665178498, 0.0 ], [ 77.145750432287343, 29.284003866836294, 0.0 ], [ 77.145710731947389, 29.283953790847026, 0.0 ], [ 77.145706175784667, 29.283948044158858, 0.0 ], [ 77.145342892727157, 29.283800502230669, 0.0 ], [ 77.145021355115958, 29.283309108436143, 0.0 ], [ 77.145018650480054, 29.283304974396923, 0.0 ], [ 77.14501602627422, 29.282686991413264, 0.0 ], [ 77.144999922884494, 29.280192593137489, 0.0 ], [ 77.144526432347348, 29.278463408994902, 0.0 ], [ 77.144227896359382, 29.27764755393957, 0.0 ], [ 77.143855242617121, 29.276629128420343, 0.0 ], [ 77.143384373681755, 29.276009637202698, 0.0 ], [ 77.143189482278416, 29.275716455471841, 0.0 ], [ 77.143109684659095, 29.275596414050696, 0.0 ], [ 77.143055022794528, 29.275514184941795, 0.0 ], [ 77.142976084400431, 29.275305770339717, 0.0 ], [ 77.142940704610325, 29.275212358946249, 0.0 ], [ 77.142847713469166, 29.274966839209771, 0.0 ], [ 77.142711969520818, 29.274608437776063, 0.0 ], [ 77.142666369316942, 29.274479972346466, 0.0 ], [ 77.142383974467677, 29.273684403466465, 0.0 ], [ 77.142340984366086, 29.273618744870127, 0.0 ], [ 77.141829088010184, 29.272836924215195, 0.0 ], [ 77.141799379114431, 29.272791550735885, 0.0 ], [ 77.141569819536713, 29.271405797915321, 0.0 ], [ 77.141481007903494, 29.271229432988779, 0.0 ], [ 77.141274616127362, 29.270819569562057, 0.0 ], [ 77.140408602960534, 29.270246999139669, 0.0 ], [ 77.13963769169888, 29.269392668777037, 0.0 ], [ 77.139313148342509, 29.269033002411195, 0.0 ], [ 77.139179171752019, 29.268589262678542, 0.0 ], [ 77.13895394934427, 29.267843299295009, 0.0 ], [ 77.138828223723038, 29.26625287541091, 0.0 ], [ 77.138951079208326, 29.265986836637541, 0.0 ], [ 77.139497724144235, 29.264803099541048, 0.0 ], [ 77.140205342909567, 29.263208351181891, 0.0 ], [ 77.140298994322791, 29.262764757482849, 0.0 ], [ 77.140302215324553, 29.262764301643283, 0.0 ], [ 77.140334901451098, 29.262759671993813, 0.0 ], [ 77.140333558919238, 29.262757398383862, 0.0 ], [ 77.139838948672974, 29.261919518241335, 0.0 ], [ 77.139946339577378, 29.261394504907301, 0.0 ], [ 77.140164752889049, 29.261105934072344, 0.0 ], [ 77.141017780134376, 29.259978883657865, 0.0 ], [ 77.142209261059961, 29.258647043087954, 0.0 ], [ 77.142215415695276, 29.258642597212667, 0.0 ], [ 77.142252838716118, 29.258615566042593, 0.0 ], [ 77.14267552681595, 29.258310251952178, 0.0 ], [ 77.142682854997943, 29.258308832679319, 0.0 ], [ 77.144402219346901, 29.257975795981004, 0.0 ], [ 77.14440687810459, 29.257973850825628, 0.0 ], [ 77.144675556326746, 29.257861735664221, 0.0 ], [ 77.145391613475908, 29.257562932124731, 0.0 ], [ 77.145392310361004, 29.257561988715047, 0.0 ], [ 77.146011974213295, 29.256722920559088, 0.0 ], [ 77.14642837454862, 29.25572378034391, 0.0 ], [ 77.147188912160303, 29.253961237359135, 0.0 ], [ 77.14787354436686, 29.252998383359671, 0.0 ], [ 77.1480721288887, 29.252408742620219, 0.0 ], [ 77.14830333971841, 29.251789451960846, 0.0 ], [ 77.148539779843361, 29.251156148867569, 0.0 ], [ 77.148965803917136, 29.250373382641431, 0.0 ], [ 77.149178196509354, 29.250198543070233, 0.0 ], [ 77.149322642398033, 29.250151627293839, 0.0 ], [ 77.149481456401105, 29.250100045281048, 0.0 ], [ 77.149784716875047, 29.250001546004654, 0.0 ], [ 77.14978482289979, 29.249644923468821, 0.0 ], [ 77.149661392962628, 29.248608081589285, 0.0 ], [ 77.149656191610333, 29.248590536418522, 0.0 ], [ 77.14958734134197, 29.248358273204936, 0.0 ], [ 77.149581959562724, 29.247826795061208, 0.0 ], [ 77.149569631615137, 29.246609406220738, 0.0 ], [ 77.149568309857742, 29.246478964525348, 0.0 ], [ 77.149470247186542, 29.245351221062311, 0.0 ], [ 77.149490228855271, 29.245227095439038, 0.0 ], [ 77.149733650311049, 29.24371494165835, 0.0 ], [ 77.149603340239381, 29.242062461974573, 0.0 ], [ 77.149552148783911, 29.241413263544082, 0.0 ], [ 77.14953612936695, 29.241210099870411, 0.0 ], [ 77.148748824074019, 29.23960875801637, 0.0 ], [ 77.148810187232058, 29.238395355379033, 0.0 ], [ 77.149092771927684, 29.237204378486084, 0.0 ], [ 77.149252039450687, 29.23637880348744, 0.0 ], [ 77.149622708070495, 29.235559006987987, 0.0 ], [ 77.14995365335227, 29.234827053177344, 0.0 ], [ 77.150223536724525, 29.233974254955331, 0.0 ], [ 77.150002010931999, 29.232760798419712, 0.0 ], [ 77.149986139115626, 29.232746532089145, 0.0 ], [ 77.149270390742245, 29.232103196739871, 0.0 ], [ 77.149155816182827, 29.231965706597833, 0.0 ], [ 77.148414478973308, 29.231076078754015, 0.0 ], [ 77.147847644932966, 29.23039585120349, 0.0 ], [ 77.147733296163551, 29.230368209886908, 0.0 ], [ 77.145784145726907, 29.22989702887903, 0.0 ], [ 77.145783986263169, 29.229896921571772, 0.0 ], [ 77.145764426337564, 29.229883822712122, 0.0 ], [ 77.144638959598296, 29.229130097563829, 0.0 ], [ 77.143552009407202, 29.228358254057884, 0.0 ], [ 77.142171967630134, 29.227617803034047, 0.0 ], [ 77.140262616698507, 29.226795171427025, 0.0 ], [ 77.140250020221771, 29.226789743588828, 0.0 ], [ 77.140247864323811, 29.226789451346271, 0.0 ], [ 77.140072226011824, 29.226765613143847, 0.0 ], [ 77.139020905484273, 29.226622919644903, 0.0 ], [ 77.137765969227914, 29.226208112074339, 0.0 ], [ 77.137755326468863, 29.22620183356991, 0.0 ], [ 77.136296665351139, 29.225341268882651, 0.0 ], [ 77.135473303918289, 29.224778008254578, 0.0 ], [ 77.135467078784274, 29.224773749399457, 0.0 ], [ 77.135446614016729, 29.224736397661552, 0.0 ], [ 77.134722711127992, 29.223415138263469, 0.0 ], [ 77.133492546386378, 29.223474470575212, 0.0 ], [ 77.133487026069005, 29.223474737703704, 0.0 ], [ 77.132545926498921, 29.222428266803949, 0.0 ], [ 77.131980076587709, 29.220578768666751, 0.0 ], [ 77.132041680466571, 29.218950239670122, 0.0 ], [ 77.131414165384527, 29.217488691070823, 0.0 ], [ 77.131599238602433, 29.215693354774317, 0.0 ], [ 77.131917701480063, 29.213844950169776, 0.0 ], [ 77.131917911364695, 29.2138437386912, 0.0 ], [ 77.133198568426991, 29.211656955300494, 0.0 ], [ 77.13382108629628, 29.210719885931479, 0.0 ], [ 77.134334237282559, 29.210009216179657, 0.0 ], [ 77.135815016636698, 29.208714416543906, 0.0 ], [ 77.13672500933589, 29.208326447226494, 0.0 ], [ 77.138298343877963, 29.207663154076727, 0.0 ], [ 77.139177554054072, 29.207333766236509, 0.0 ], [ 77.14043698307286, 29.205705111224052, 0.0 ], [ 77.14140861435331, 29.204708017780682, 0.0 ], [ 77.142194005582496, 29.2040772966985, 0.0 ], [ 77.142195119959368, 29.20407640097363, 0.0 ], [ 77.142385207096467, 29.20332747828207, 0.0 ], [ 77.142164060768707, 29.202583244999367, 0.0 ], [ 77.142287206507064, 29.20136974966422, 0.0 ], [ 77.142572777306299, 29.198969238114341, 0.0 ], [ 77.142575369296566, 29.198947437106497, 0.0 ], [ 77.142667153326371, 29.198175881340291, 0.0 ], [ 77.143042107004916, 29.196655561471143, 0.0 ], [ 77.143041922226885, 29.19566310328814, 0.0 ], [ 77.143293603774424, 29.19433684374647, 0.0 ], [ 77.14244526724697, 29.193840755599691, 0.0 ], [ 77.141787172443117, 29.193646843354944, 0.0 ], [ 77.140748716449252, 29.19356583960078, 0.0 ], [ 77.14074850150395, 29.192600447465487, 0.0 ], [ 77.140184057878642, 29.192127851153383, 0.0 ], [ 77.140182907229985, 29.192126887583502, 0.0 ], [ 77.140686595747965, 29.19132829074923, 0.0 ], [ 77.141030909478729, 29.190223042515406, 0.0 ], [ 77.141750398486153, 29.188810985426823, 0.0 ], [ 77.142284057714178, 29.187874117030677, 0.0 ], [ 77.142284881741475, 29.187872672628359, 0.0 ], [ 77.142535955332988, 29.185805763759529, 0.0 ], [ 77.142536404212294, 29.185802068153009, 0.0 ], [ 77.14345099900649, 29.183817024848587, 0.0 ], [ 77.143764516583758, 29.183126843209521, 0.0 ], [ 77.144926067810914, 29.182102599312447, 0.0 ], [ 77.146652999708039, 29.181055743355483, 0.0 ], [ 77.147009669392375, 29.180665933026525, 0.0 ], [ 77.14715591788574, 29.180506094027205, 0.0 ], [ 77.147156617487013, 29.180505330173844, 0.0 ], [ 77.147279820642964, 29.179594078243131, 0.0 ], [ 77.146076321540804, 29.176526732171368, 0.0 ], [ 77.145589179513777, 29.175514585314847, 0.0 ], [ 77.145448904771129, 29.175223130010487, 0.0 ], [ 77.144975539140361, 29.172764717273864, 0.0 ], [ 77.144348097485732, 29.170721270347059, 0.0 ], [ 77.143561517057037, 29.169309597121149, 0.0 ], [ 77.14356141479648, 29.169309412911556, 0.0 ], [ 77.143683783755137, 29.168291849549522, 0.0 ], [ 77.143684561799844, 29.168285382590536, 0.0 ], [ 77.143309131126927, 29.166959146024769, 0.0 ], [ 77.143296239563057, 29.166901888844791, 0.0 ], [ 77.138709192175043, 29.167451435717357, 0.0 ], [ 77.133240561643092, 29.168038344635963, 0.0 ], [ 77.128815211541905, 29.168458134891427, 0.0 ], [ 77.124199696466889, 29.169085243282446, 0.0 ], [ 77.121979447079937, 29.169394024845737, 0.0 ], [ 77.121799400264578, 29.169419062339951, 0.0 ], [ 77.117990769254703, 29.169545234037514, 0.0 ], [ 77.115518443686398, 29.169666879662536, 0.0 ], [ 77.115282052697367, 29.169418797413549, 0.0 ], [ 77.114331173144251, 29.169585576809144, 0.0 ], [ 77.114187307793188, 29.169292361652971, 0.0 ], [ 77.11094925142369, 29.168998887579647, 0.0 ], [ 77.110909853026172, 29.168985695211269, 0.0 ], [ 77.109952143415882, 29.168664983315878, 0.0 ], [ 77.107624152341415, 29.166950472311363, 0.0 ], [ 77.106858433627082, 29.166197054875223, 0.0 ], [ 77.105907706053088, 29.165655592588646, 0.0 ], [ 77.101297960741363, 29.163227872366377, 0.0 ], [ 77.098296734821602, 29.162013855577008, 0.0 ], [ 77.097356411126242, 29.161768257648578, 0.0 ], [ 77.097346086508907, 29.161765561412366, 0.0 ], [ 77.096112350752662, 29.162599887665174, 0.0 ], [ 77.091731908331283, 29.167736996272701, 0.0 ], [ 77.090255953078838, 29.17008236591008, 0.0 ], [ 77.088064873644598, 29.174511723016476, 0.0 ], [ 77.087494034551227, 29.175219782928131, 0.0 ], [ 77.085828232221175, 29.176225239773576, 0.0 ], [ 77.085630032025023, 29.176333571473226, 0.0 ], [ 77.08340874622462, 29.177547637396199, 0.0 ], [ 77.083303892239428, 29.177604945317881, 0.0 ], [ 77.08102112315126, 29.1788131189106, 0.0 ], [ 77.078594508984168, 29.179691999061536, 0.0 ], [ 77.078339982100331, 29.179660892044939, 0.0 ], [ 77.078314168699407, 29.179657736811532, 0.0 ], [ 77.076595610331481, 29.178103379495131, 0.0 ], [ 77.074124289937629, 29.175887579247586, 0.0 ], [ 77.072741851554184, 29.175259994257893, 0.0 ], [ 77.07045976594577, 29.174970405664212, 0.0 ], [ 77.069272408917371, 29.175091713179995, 0.0 ], [ 77.067118638206168, 29.175176507842512, 0.0 ], [ 77.066075308936163, 29.174923470923396, 0.0 ], [ 77.064358424442545, 29.175175342603232, 0.0 ], [ 77.062790513001687, 29.175422733582909, 0.0 ], [ 77.061361326807116, 29.175800961613419, 0.0 ], [ 77.060221944190829, 29.172999106445193, 0.0 ], [ 77.059887992857753, 29.172791397637226, 0.0 ], [ 77.059883545309589, 29.172793057592664, 0.0 ], [ 77.056083375547118, 29.174210504255367, 0.0 ], [ 77.053132060840937, 29.175670556821281, 0.0 ], [ 77.051990498348928, 29.176297000484219, 0.0 ], [ 77.051847953743163, 29.177014332021191, 0.0 ], [ 77.051799578414887, 29.177257773307957, 0.0 ], [ 77.052795859626343, 29.178638666373629, 0.0 ], [ 77.051320275982278, 29.179138586458652, 0.0 ], [ 77.05227043003265, 29.180226321341543, 0.0 ], [ 77.052650415731776, 29.180767810696274, 0.0 ], [ 77.052649908885357, 29.181480608151372, 0.0 ], [ 77.051173503547943, 29.183103772304268, 0.0 ], [ 77.050267819582984, 29.184402479419489, 0.0 ], [ 77.049931168098155, 29.18444657898883, 0.0 ], [ 77.049650875036875, 29.184483296327887, 0.0 ], [ 77.046274456071728, 29.183272417188565, 0.0 ], [ 77.044511544642646, 29.182851832352629, 0.0 ], [ 77.041278911216665, 29.181970211083701, 0.0 ], [ 77.040703328104343, 29.181802955423862, 0.0 ], [ 77.037419658537587, 29.180546761225962, 0.0 ], [ 77.035304435105516, 29.179752805888413, 0.0 ], [ 77.034855385063821, 29.179584247584302, 0.0 ], [ 77.033000834657472, 29.178369546743482, 0.0 ], [ 77.032600793102105, 29.178346198090356, 0.0 ], [ 77.030811190471624, 29.178241730028894, 0.0 ], [ 77.029953241260202, 29.177699754766284, 0.0 ], [ 77.028858447162079, 29.177613311827084, 0.0 ], [ 77.022408419678101, 29.181830889420592, 0.0 ], [ 77.018647694880812, 29.184796236973948, 0.0 ], [ 77.018428172180961, 29.185002956589351, 0.0 ], [ 77.018030236696291, 29.185377681918919, 0.0 ], [ 77.012272461205754, 29.185585007309928, 0.0 ], [ 77.010606919243529, 29.185624205771514, 0.0 ], [ 77.007434954711698, 29.185747789981978, 0.0 ], [ 77.007098202406652, 29.188043636188262, 0.0 ], [ 77.006953266232429, 29.188959278656203, 0.0 ], [ 77.006904754241845, 29.188958534598108, 0.0 ], [ 77.004146365383235, 29.188916167175321, 0.0 ], [ 77.003340600626828, 29.187787659044314, 0.0 ], [ 77.002435846035112, 29.187786853841114, 0.0 ], [ 77.001104626821942, 29.187618729439325, 0.0 ], [ 77.000771229266348, 29.186991395463721, 0.0 ], [ 77.000154576108855, 29.186783252987546, 0.0 ], [ 76.999999857121367, 29.186676681971708, 0.0 ], [ 76.998688753902684, 29.185285959763849, 0.0 ], [ 76.997607331847391, 29.186025986150277, 0.0 ], [ 76.99714498203663, 29.186372870881389, 0.0 ], [ 76.996766562126027, 29.186648874936669, 0.0 ], [ 76.99629391619294, 29.186883843839077, 0.0 ], [ 76.995877989198192, 29.187249606441611, 0.0 ], [ 76.995502930008826, 29.18742139828132, 0.0 ], [ 76.995112494324189, 29.187638263736979, 0.0 ], [ 76.994737493330533, 29.187882236378329, 0.0 ], [ 76.994280561940727, 29.188387828385039, 0.0 ], [ 76.993844138914852, 29.188879939456733, 0.0 ], [ 76.993243238346111, 29.189358620141991, 0.0 ], [ 76.992898987849188, 29.189507840353169, 0.0 ], [ 76.992210439955556, 29.189878373725307, 0.0 ], [ 76.991881704012542, 29.190059032051781, 0.0 ], [ 76.991582344227126, 29.190231873259762, 0.0 ], [ 76.986990112144611, 29.187908178144365, 0.0 ], [ 76.986223542858113, 29.188609704754391, 0.0 ], [ 76.982242391228411, 29.188405015219097, 0.0 ], [ 76.981434116339713, 29.188616560666208, 0.0 ], [ 76.976948088036352, 29.189976398806905, 0.0 ], [ 76.976896802028534, 29.189979262283941, 0.0 ], [ 76.976003667255966, 29.190029109112061, 0.0 ], [ 76.97341691684926, 29.190667615452721, 0.0 ], [ 76.969995722105011, 29.191660667426223, 0.0 ], [ 76.968485199966779, 29.192255214686337, 0.0 ], [ 76.967381654577849, 29.192731545410364, 0.0 ], [ 76.963991124151889, 29.193630622943402, 0.0 ], [ 76.964059279653895, 29.194890082307076, 0.0 ], [ 76.966159475242833, 29.196374206457392, 0.0 ], [ 76.967411920385004, 29.196995450110805, 0.0 ], [ 76.966916545694815, 29.197844380251642, 0.0 ], [ 76.966377880508702, 29.198435840878627, 0.0 ], [ 76.96502752120179, 29.199387102566586, 0.0 ], [ 76.963766642667409, 29.200337038636381, 0.0 ], [ 76.961783779801266, 29.202329974202659, 0.0 ], [ 76.960842688746638, 29.202613097199677, 0.0 ], [ 76.960176784752008, 29.20458670290132, 0.0 ], [ 76.959648911388371, 29.205076982900284, 0.0 ], [ 76.956752003601451, 29.205422377054266, 0.0 ], [ 76.955428959530266, 29.205800826921429, 0.0 ], [ 76.954795350453381, 29.206113078497012, 0.0 ], [ 76.953805692588119, 29.206928008768649, 0.0 ], [ 76.953439752844972, 29.207229334048066, 0.0 ], [ 76.953304594978988, 29.207264201078722, 0.0 ], [ 76.952290696962024, 29.207525744672321, 0.0 ], [ 76.951180110614857, 29.207703271146926, 0.0 ], [ 76.949600570401714, 29.208254904290403, 0.0 ], [ 76.948049350229397, 29.208876224976144, 0.0 ], [ 76.945883170963597, 29.209020345688415, 0.0 ], [ 76.942509603264568, 29.208770999613542, 0.0 ], [ 76.939173396037219, 29.20897140573787, 0.0 ], [ 76.938907077558241, 29.208635375015767, 0.0 ], [ 76.938336519501249, 29.208888257033966, 0.0 ], [ 76.930906845384328, 29.214213597309449, 0.0 ], [ 76.928797108604343, 29.213304867095889, 0.0 ], [ 76.928215026228614, 29.21339828807162, 0.0 ], [ 76.927816410076403, 29.21346226384744, 0.0 ], [ 76.925341774337568, 29.214519116894934, 0.0 ], [ 76.924059154409235, 29.21502012310328, 0.0 ], [ 76.92307355438281, 29.215431137395122, 0.0 ], [ 76.919175514255897, 29.218118272348011, 0.0 ], [ 76.91813366014182, 29.219321417426634, 0.0 ], [ 76.91812844824409, 29.21931859911923, 0.0 ], [ 76.913591201787654, 29.216864831973105, 0.0 ], [ 76.912167336593143, 29.215964979651282, 0.0 ], [ 76.910349216399325, 29.214498413797145, 0.0 ], [ 76.909368544253766, 29.214041085345951, 0.0 ], [ 76.906795645977425, 29.214638894960903, 0.0 ], [ 76.905054312674366, 29.214551484838129, 0.0 ], [ 76.904597162989347, 29.214041775760425, 0.0 ], [ 76.90452388060919, 29.213537821936015, 0.0 ], [ 76.903375466446732, 29.212308505843787, 0.0 ], [ 76.90311928401745, 29.212289706937913, 0.0 ], [ 76.900606391955804, 29.21267332208247, 0.0 ], [ 76.898364444746207, 29.211796160023184, 0.0 ], [ 76.896103571083316, 29.211278338020286, 0.0 ], [ 76.894346607017752, 29.210338121197189, 0.0 ], [ 76.89326579553321, 29.209298533189344, 0.0 ], [ 76.891479422896452, 29.206753913494151, 0.0 ], [ 76.889630982947324, 29.206398479485223, 0.0 ], [ 76.890110802134132, 29.203967700183632, 0.0 ], [ 76.889680926718981, 29.199236971564762, 0.0 ], [ 76.88914745064676, 29.198168185745455, 0.0 ], [ 76.888248308128567, 29.19741945503219, 0.0 ], [ 76.887926119143145, 29.197206255020976, 0.0 ], [ 76.886037348595622, 29.195956386188438, 0.0 ], [ 76.885914520135543, 29.194835891200785, 0.0 ], [ 76.884720115687173, 29.193865159857058, 0.0 ], [ 76.880457678899248, 29.192971229580785, 0.0 ], [ 76.878576171425848, 29.192189650624922, 0.0 ], [ 76.876823459662674, 29.19215813033756, 0.0 ], [ 76.875436844792858, 29.191863346028832, 0.0 ], [ 76.873085968351702, 29.193400057331431, 0.0 ], [ 76.871427422128079, 29.193625263683114, 0.0 ], [ 76.869699275716798, 29.194244203422631, 0.0 ], [ 76.868499186109261, 29.194361964453588, 0.0 ], [ 76.863257954096582, 29.197330405026474, 0.0 ], [ 76.861874939190102, 29.197944440774535, 0.0 ], [ 76.860989760202074, 29.198157573767784, 0.0 ], [ 76.860964473960706, 29.198185765666285, 0.0 ], [ 76.858939928869162, 29.200442940168703, 0.0 ], [ 76.857933543711056, 29.201377149483381, 0.0 ], [ 76.857333710053425, 29.202159818743365, 0.0 ], [ 76.856054208132079, 29.204264932467332, 0.0 ], [ 76.854829054108876, 29.205798510073688, 0.0 ], [ 76.854811728384163, 29.205794671446593, 0.0 ], [ 76.854485985600434, 29.205722493893269, 0.0 ], [ 76.854320097737002, 29.205685737200923, 0.0 ], [ 76.853888211785502, 29.205500700861318, 0.0 ], [ 76.853430645368903, 29.205437471468798, 0.0 ], [ 76.852787949389196, 29.205333584974667, 0.0 ], [ 76.851785306789068, 29.205270316625811, 0.0 ], [ 76.850391985014824, 29.205094151137363, 0.0 ], [ 76.84949219048039, 29.205093961432262, 0.0 ], [ 76.847944615847879, 29.205021504330286, 0.0 ], [ 76.847861776556073, 29.205016401721629, 0.0 ], [ 76.846695214123201, 29.204944551951204, 0.0 ], [ 76.84613627682198, 29.204960471811212, 0.0 ], [ 76.845908542703228, 29.204966957124761, 0.0 ], [ 76.845060143581662, 29.205056981339283, 0.0 ], [ 76.844057428135059, 29.205219148795869, 0.0 ], [ 76.843039393614703, 29.205358778728236, 0.0 ], [ 76.842124194100975, 29.205457735332413, 0.0 ], [ 76.841692209098284, 29.205547870337501, 0.0 ], [ 76.839758686324799, 29.206300751322988, 0.0 ], [ 76.838493745064071, 29.206742504493956, 0.0 ], [ 76.833243203235355, 29.208793532288052, 0.0 ], [ 76.832115739923807, 29.209280967438865, 0.0 ], [ 76.831373177432084, 29.208892009023771, 0.0 ], [ 76.830846838725378, 29.209523575634737, 0.0 ], [ 76.823823901214993, 29.211654859957989, 0.0 ], [ 76.823066699679842, 29.212237525618765, 0.0 ], [ 76.819195007946107, 29.21392871317007, 0.0 ], [ 76.81835121181112, 29.214680867225372, 0.0 ], [ 76.817777257634717, 29.216226143680029, 0.0 ], [ 76.814636051913681, 29.217278817491266, 0.0 ], [ 76.811102356180598, 29.217567893727303, 0.0 ], [ 76.810930843480818, 29.218271720792739, 0.0 ], [ 76.811259193945844, 29.221821879331955, 0.0 ], [ 76.81122445461618, 29.221845344607814, 0.0 ], [ 76.806558601176377, 29.224997000411374, 0.0 ], [ 76.802307253939944, 29.2276140544401, 0.0 ], [ 76.801873053200339, 29.228805460589406, 0.0 ], [ 76.801739837659227, 29.230040666828135, 0.0 ], [ 76.801708484979031, 29.230852646994347, 0.0 ], [ 76.801533304726462, 29.231199876608308, 0.0 ], [ 76.801311546247945, 29.232047897681269, 0.0 ], [ 76.801228765836839, 29.232760592471664, 0.0 ], [ 76.801181546585028, 29.234100286055977, 0.0 ], [ 76.801262654990623, 29.235841592566082, 0.0 ], [ 76.801482652248552, 29.237389012841206, 0.0 ], [ 76.801435940670132, 29.238070178888925, 0.0 ], [ 76.801003055487044, 29.239170627491138, 0.0 ], [ 76.800477642021036, 29.240257522860556, 0.0 ], [ 76.799540488973719, 29.241844796211485, 0.0 ], [ 76.798376837386385, 29.243436554344605, 0.0 ], [ 76.797645766900033, 29.24435638741668, 0.0 ], [ 76.797105232501025, 29.244928964603258, 0.0 ], [ 76.796959532567513, 29.245083558836335, 0.0 ], [ 76.796425555414004, 29.245629410794827, 0.0 ], [ 76.7954736842497, 29.246335469352374, 0.0 ], [ 76.796089036931079, 29.247465168964048, 0.0 ], [ 76.796779034625942, 29.247926161965374, 0.0 ], [ 76.796809804533382, 29.247946718488283, 0.0 ], [ 76.796833244412198, 29.248678418265481, 0.0 ], [ 76.795246447670181, 29.249777096002589, 0.0 ], [ 76.794260736041238, 29.249756664695195, 0.0 ], [ 76.79345767357168, 29.250000248786257, 0.0 ], [ 76.793109287725855, 29.250749059232021, 0.0 ], [ 76.793134812067976, 29.250997218767885, 0.0 ], [ 76.795395176515171, 29.254850954295566, 0.0 ], [ 76.795950418842452, 29.255342973429705, 0.0 ], [ 76.795950360039654, 29.25534302449395, 0.0 ], [ 76.797296875377242, 29.25694974674612, 0.0 ], [ 76.797954771259157, 29.257771132428694, 0.0 ], [ 76.798057439103616, 29.257969615051977, 0.0 ], [ 76.797938957869064, 29.258190565034248, 0.0 ], [ 76.797270038778549, 29.258492458579401, 0.0 ], [ 76.797114573103812, 29.25995848797594, 0.0 ], [ 76.797160590855185, 29.260283247027601, 0.0 ], [ 76.79710680088759, 29.263391318239467, 0.0 ], [ 76.797037984501344, 29.266093360544126, 0.0 ], [ 76.796804238271989, 29.269020859792334, 0.0 ], [ 76.796664520656392, 29.270058339596179, 0.0 ], [ 76.796282000658053, 29.272453476853524, 0.0 ], [ 76.796265746425533, 29.272457919005451, 0.0 ], [ 76.794799916217997, 29.272858597380917, 0.0 ], [ 76.793173674185724, 29.273389888839702, 0.0 ], [ 76.792113572808404, 29.27365090162559, 0.0 ], [ 76.791068964812382, 29.273862247685667, 0.0 ], [ 76.789993543278499, 29.274042058048714, 0.0 ], [ 76.788881822937512, 29.274424737436643, 0.0 ], [ 76.787543568309857, 29.27505542313731, 0.0 ], [ 76.784923739245812, 29.276199504143591, 0.0 ], [ 76.782134036611865, 29.277379459344928, 0.0 ], [ 76.781294746298101, 29.278033021683878, 0.0 ], [ 76.780707434193701, 29.278849067916052, 0.0 ], [ 76.780336333081877, 29.279575067731695, 0.0 ], [ 76.77989289659989, 29.280634899211137, 0.0 ], [ 76.779469715532699, 29.281996918619146, 0.0 ], [ 76.779464778262692, 29.281996091125279, 0.0 ], [ 76.776768760811436, 29.281543810267753, 0.0 ], [ 76.775693502938495, 29.28139415480457, 0.0 ], [ 76.774448375447435, 29.281271472773639, 0.0 ], [ 76.773311376760205, 29.281193901408187, 0.0 ], [ 76.772076507273766, 29.281170405753119, 0.0 ], [ 76.771623960319161, 29.280908414461791, 0.0 ], [ 76.770615977589571, 29.280397886348208, 0.0 ], [ 76.76962863461344, 29.279842319909207, 0.0 ], [ 76.768718533153901, 29.279169412922236, 0.0 ], [ 76.767083728472187, 29.277841878120757, 0.0 ], [ 76.765289438804018, 29.276478170848929, 0.0 ], [ 76.764826884083988, 29.276080757975837, 0.0 ], [ 76.764487780176125, 29.275584351473402, 0.0 ], [ 76.763012826628469, 29.273999744031709, 0.0 ], [ 76.762355167916198, 29.273182692898601, 0.0 ], [ 76.761697540461199, 29.272325031862803, 0.0 ], [ 76.761163425359868, 29.2714855025704, 0.0 ], [ 76.760752916264934, 29.270501772579365, 0.0 ], [ 76.760681174214682, 29.270195021323691, 0.0 ], [ 76.760517215661423, 29.269599383407499, 0.0 ], [ 76.759937091983844, 29.268529816410062, 0.0 ], [ 76.759314774539703, 29.268276605401443, 0.0 ], [ 76.758312223742976, 29.267729992448885, 0.0 ], [ 76.75725810053811, 29.267205793962276, 0.0 ], [ 76.7570086692822, 29.267076379034545, 0.0 ], [ 76.756831353991345, 29.266984377335245, 0.0 ], [ 76.756610353927869, 29.266776678886853, 0.0 ], [ 76.756420463612869, 29.266420134115279, 0.0 ], [ 76.756221009461399, 29.265377848804953, 0.0 ], [ 76.75609305066817, 29.264809342755708, 0.0 ], [ 76.755995705472415, 29.264466470231948, 0.0 ], [ 76.755322255422584, 29.264001229653005, 0.0 ], [ 76.754489491198839, 29.263414095678808, 0.0 ], [ 76.753497171017472, 29.262944009791902, 0.0 ], [ 76.7530448556832, 29.262645854477324, 0.0 ], [ 76.749999937254898, 29.261213713113989, 0.0 ], [ 76.749902029540607, 29.261179792686473, 0.0 ], [ 76.749752503784606, 29.261127989242723, 0.0 ], [ 76.744083909956132, 29.259163936647813, 0.0 ], [ 76.741372368076867, 29.25872872425828, 0.0 ], [ 76.739571157186958, 29.258125865425498, 0.0 ], [ 76.736076325309952, 29.256414626228512, 0.0 ], [ 76.734650321502741, 29.255645092650308, 0.0 ], [ 76.733636524775392, 29.255221962586486, 0.0 ], [ 76.73363127128377, 29.255224291688943, 0.0 ], [ 76.732047906800062, 29.255926207852401, 0.0 ], [ 76.730556904734328, 29.256635635788136, 0.0 ], [ 76.727799749818104, 29.256840768753161, 0.0 ], [ 76.727387428713044, 29.256002043751593, 0.0 ], [ 76.726824949442133, 29.254279333932466, 0.0 ], [ 76.726263771198461, 29.253729382247389, 0.0 ], [ 76.725187793379945, 29.252841560564907, 0.0 ], [ 76.723088284257244, 29.252049127939877, 0.0 ], [ 76.721406034850929, 29.251919570714978, 0.0 ], [ 76.720114501742771, 29.251514530103361, 0.0 ], [ 76.718262128398621, 29.250920335783483, 0.0 ], [ 76.71781671550859, 29.250904708330104, 0.0 ], [ 76.717768203140579, 29.25090300590502, 0.0 ], [ 76.71548955040906, 29.250823032070745, 0.0 ], [ 76.715072924254883, 29.25087521069193, 0.0 ], [ 76.714656300906654, 29.250927387375953, 0.0 ], [ 76.714039284492344, 29.25125707902783, 0.0 ], [ 76.713947542354362, 29.252172878076749, 0.0 ], [ 76.71388778376064, 29.25443294880294, 0.0 ], [ 76.713579247190054, 29.254609073604701, 0.0 ], [ 76.713775755703381, 29.255736748641311, 0.0 ], [ 76.713721294360525, 29.258172707449624, 0.0 ], [ 76.712862528990911, 29.258534097934557, 0.0 ], [ 76.712548840710895, 29.258692240818249, 0.0 ], [ 76.711823806996179, 29.259125723479627, 0.0 ], [ 76.710569388944023, 29.260001726839715, 0.0 ], [ 76.708831463667806, 29.261017808167551, 0.0 ], [ 76.70594598572734, 29.261772946229524, 0.0 ], [ 76.703250768897249, 29.262324914072583, 0.0 ], [ 76.698775929349935, 29.2636041078357, 0.0 ], [ 76.697799006606431, 29.264263240567658, 0.0 ], [ 76.697464658668466, 29.264443897171205, 0.0 ], [ 76.695520723484393, 29.265423809192509, 0.0 ], [ 76.694247847085904, 29.266001894058579, 0.0 ], [ 76.693957249329003, 29.266137367465973, 0.0 ], [ 76.693237054053824, 29.266273095153942, 0.0 ], [ 76.690212555305436, 29.267095622943007, 0.0 ], [ 76.686513975845713, 29.267895822574754, 0.0 ], [ 76.684224990180056, 29.2685734875873, 0.0 ], [ 76.682121264193498, 29.269499185594356, 0.0 ], [ 76.681968018761879, 29.271434502807491, 0.0 ], [ 76.682179658679374, 29.272738088337768, 0.0 ], [ 76.682463400717126, 29.274113766289148, 0.0 ], [ 76.682185809266315, 29.27456500945139, 0.0 ], [ 76.680098001179886, 29.276446976493769, 0.0 ], [ 76.67810302771494, 29.279001084797809, 0.0 ], [ 76.676989041459606, 29.280406018825399, 0.0 ], [ 76.676915154225483, 29.280499202472903, 0.0 ], [ 76.676472615191855, 29.280318871867486, 0.0 ], [ 76.675412651586299, 29.280278750119251, 0.0 ], [ 76.675047221443094, 29.280017228082126, 0.0 ], [ 76.674336770601585, 29.279268696915718, 0.0 ], [ 76.673626494626532, 29.278826870912994, 0.0 ], [ 76.671938775282655, 29.278683142246955, 0.0 ], [ 76.669165719579311, 29.279279537578628, 0.0 ], [ 76.659987414107789, 29.282137799620696, 0.0 ], [ 76.65702900778777, 29.282950470357001, 0.0 ], [ 76.654749805377236, 29.283560023719971, 0.0 ], [ 76.654581526761078, 29.283631194386125, 0.0 ], [ 76.651153425644196, 29.285080972437417, 0.0 ], [ 76.648817602396662, 29.286227222433283, 0.0 ], [ 76.6464662424588, 29.287197480821614, 0.0 ], [ 76.644207537266141, 29.288325644780013, 0.0 ], [ 76.643363668134143, 29.288993402836912, 0.0 ], [ 76.640482658442494, 29.292769478685234, 0.0 ], [ 76.639623399965913, 29.293676257029947, 0.0 ], [ 76.637591099544778, 29.296581535836765, 0.0 ], [ 76.636700894175846, 29.297474781490422, 0.0 ], [ 76.638270815781553, 29.299978267094794, 0.0 ], [ 76.639145995750908, 29.30155252643986, 0.0 ], [ 76.640705577894678, 29.303356684778755, 0.0 ], [ 76.641081396418826, 29.303907018466962, 0.0 ], [ 76.641743929947367, 29.305274672311221, 0.0 ], [ 76.641760979460315, 29.305309868489484, 0.0 ], [ 76.640057735550698, 29.306879885418038, 0.0 ], [ 76.636141495086804, 29.31025449373033, 0.0 ], [ 76.63288373804447, 29.313777859235351, 0.0 ], [ 76.63191103418778, 29.314603412360373, 0.0 ], [ 76.634520886994906, 29.317445144142528, 0.0 ], [ 76.637156735528663, 29.320976986096838, 0.0 ], [ 76.639000062623694, 29.324544943204792, 0.0 ], [ 76.64044173988772, 29.327355134916797, 0.0 ], [ 76.640658169619513, 29.328717471538706, 0.0 ], [ 76.64078712113529, 29.329831652023493, 0.0 ], [ 76.641106397499627, 29.330458565239162, 0.0 ], [ 76.641760252844776, 29.331297565402856, 0.0 ], [ 76.642856915674201, 29.331789118306876, 0.0 ], [ 76.643948307954361, 29.33187466605645, 0.0 ], [ 76.644643268314027, 29.332077524869142, 0.0 ], [ 76.645286769578746, 29.332230844425425, 0.0 ], [ 76.645966393396037, 29.332600639785785, 0.0 ], [ 76.647352044899719, 29.336281307384183, 0.0 ], [ 76.647651029053662, 29.33781956181269, 0.0 ], [ 76.648119538501803, 29.338180312012515, 0.0 ], [ 76.648284391181107, 29.33830659072434, 0.0 ], [ 76.648346199506165, 29.338937999865941, 0.0 ], [ 76.648449539364947, 29.339993670636563, 0.0 ], [ 76.647923893266906, 29.344161258128256, 0.0 ], [ 76.647817409689125, 29.345005488576817, 0.0 ], [ 76.647816521308727, 29.34502472000549, 0.0 ], [ 76.647607315128013, 29.349557035594064, 0.0 ], [ 76.647639173312641, 29.353846973729098, 0.0 ], [ 76.64778965309452, 29.358511276563171, 0.0 ], [ 76.647774749298435, 29.361091468591415, 0.0 ], [ 76.648022405812284, 29.363031174781586, 0.0 ], [ 76.649429049636936, 29.366657751882421, 0.0 ], [ 76.650274014322903, 29.368046935053741, 0.0 ], [ 76.651201261857977, 29.369043652115685, 0.0 ], [ 76.652097420657853, 29.369377249690974, 0.0 ], [ 76.653554811542122, 29.369449148431521, 0.0 ], [ 76.655037952559823, 29.36955256428956, 0.0 ], [ 76.656000928887693, 29.369795845180764, 0.0 ], [ 76.656001068136135, 29.369795879229439, 0.0 ], [ 76.656144328817675, 29.369832838920306, 0.0 ], [ 76.657293860256615, 29.370129387812632, 0.0 ], [ 76.659214075300525, 29.370344798380049, 0.0 ], [ 76.659219955128492, 29.37034545745793, 0.0 ], [ 76.66109979750145, 29.370593025347858, 0.0 ], [ 76.66217100094164, 29.370867887283968, 0.0 ], [ 76.66354633436481, 29.371593817773178, 0.0 ], [ 76.665931055531303, 29.372287724863039, 0.0 ], [ 76.669238256250523, 29.374321124699808, 0.0 ], [ 76.670695805234132, 29.374410786865894, 0.0 ], [ 76.671736665767938, 29.375592356029635, 0.0 ], [ 76.67342086149992, 29.375907439438269, 0.0 ], [ 76.675140734951015, 29.375198614573645, 0.0 ], [ 76.676752703558336, 29.375179974407803, 0.0 ], [ 76.677973335178422, 29.375251601343802, 0.0 ], [ 76.678982790821379, 29.3754496811693, 0.0 ], [ 76.682078507227317, 29.376147601699241, 0.0 ], [ 76.683201455396087, 29.376498965644576, 0.0 ], [ 76.685593157614463, 29.376769731495788, 0.0 ], [ 76.685622144984649, 29.376773012575097, 0.0 ], [ 76.686018825973974, 29.376975805086531, 0.0 ], [ 76.68657528478721, 29.37727781841572, 0.0 ], [ 76.686858704192943, 29.377552874859635, 0.0 ], [ 76.687719786522848, 29.379077131428776, 0.0 ], [ 76.687539650794548, 29.379280182161285, 0.0 ], [ 76.687046127519054, 29.380895393020996, 0.0 ], [ 76.687026038970316, 29.381626092688279, 0.0 ], [ 76.687035319811272, 29.381632386983533, 0.0 ], [ 76.690004237981711, 29.383645611764695, 0.0 ], [ 76.69153930466517, 29.384006987348627, 0.0 ], [ 76.691564214658854, 29.384012850591656, 0.0 ], [ 76.691858768205719, 29.38408218940717, 0.0 ], [ 76.692636323278208, 29.383770575065807, 0.0 ], [ 76.693810075945294, 29.382890320764506, 0.0 ], [ 76.696575883843437, 29.382897919590508, 0.0 ], [ 76.698280484811136, 29.382563188789316, 0.0 ], [ 76.700546658213938, 29.382561910033292, 0.0 ], [ 76.703683348149582, 29.38261867537468, 0.0 ], [ 76.70501744298619, 29.382717117848873, 0.0 ], [ 76.70577473900542, 29.38289258673078, 0.0 ], [ 76.709014291800486, 29.382741729205037, 0.0 ], [ 76.709879423334726, 29.382569747636417, 0.0 ], [ 76.710589601023869, 29.381874590228424, 0.0 ], [ 76.710605237054892, 29.381891764317533, 0.0 ], [ 76.711656796775557, 29.383046738019146, 0.0 ], [ 76.71525900913872, 29.385322320418748, 0.0 ], [ 76.717660357399552, 29.386624321453276, 0.0 ], [ 76.719978384131565, 29.386852766068458, 0.0 ], [ 76.721142935770558, 29.386887000155966, 0.0 ], [ 76.72117860280224, 29.386888046977862, 0.0 ], [ 76.722373604681181, 29.386923166802696, 0.0 ], [ 76.725603584092568, 29.387371893065751, 0.0 ], [ 76.728483112885186, 29.387658337551649, 0.0 ], [ 76.729374136385616, 29.387585510473929, 0.0 ], [ 76.730038403427173, 29.387440637848215, 0.0 ], [ 76.731959789345751, 29.387565380859616, 0.0 ], [ 76.733812112493339, 29.388011103570523, 0.0 ], [ 76.733958828374782, 29.388046405439496, 0.0 ], [ 76.734075328930032, 29.388060889886876, 0.0 ], [ 76.734571823918401, 29.388122617845546, 0.0 ], [ 76.73550034383652, 29.389420981394892, 0.0 ], [ 76.73533122643768, 29.390201530840535, 0.0 ], [ 76.734791616817731, 29.391347746493089, 0.0 ], [ 76.735083240824423, 29.394275071651872, 0.0 ], [ 76.736281964082536, 29.397621167601695, 0.0 ], [ 76.737230930704612, 29.398648821936391, 0.0 ], [ 76.73837194526881, 29.400939385821182, 0.0 ], [ 76.739435184420472, 29.402756417896079, 0.0 ], [ 76.73987430267222, 29.403865687294431, 0.0 ], [ 76.739865015697134, 29.404754329817969, 0.0 ], [ 76.740516376252529, 29.406688977685548, 0.0 ], [ 76.740499791477845, 29.406694247890787, 0.0 ], [ 76.736360322633587, 29.408009713570131, 0.0 ], [ 76.732755926274208, 29.40978098729396, 0.0 ], [ 76.732191036536776, 29.410346517891121, 0.0 ], [ 76.731845036886185, 29.410692903989716, 0.0 ], [ 76.731832560875404, 29.410708895574064, 0.0 ], [ 76.73118650048697, 29.411537018246257, 0.0 ], [ 76.730970498485391, 29.411956699599212, 0.0 ], [ 76.731053542487643, 29.412466336566141, 0.0 ], [ 76.732400673629002, 29.414797398947432, 0.0 ], [ 76.733127868362331, 29.415477948447823, 0.0 ], [ 76.733641233798053, 29.41697742263392, 0.0 ], [ 76.733659864444022, 29.417031838174506, 0.0 ], [ 76.733990932877163, 29.417998819947435, 0.0 ], [ 76.734568676473856, 29.418634384775153, 0.0 ], [ 76.736725453815609, 29.421474498403686, 0.0 ], [ 76.737340038948759, 29.422691928417059, 0.0 ], [ 76.738832032975864, 29.425311479402232, 0.0 ], [ 76.740322977045423, 29.426934051848534, 0.0 ], [ 76.741912231141768, 29.428872394234741, 0.0 ], [ 76.74186767406654, 29.430428669831752, 0.0 ], [ 76.741698652897014, 29.431281407622389, 0.0 ], [ 76.741188897414133, 29.431665246065847, 0.0 ], [ 76.741008878965317, 29.431994689938833, 0.0 ], [ 76.745729169713442, 29.433419413792997, 0.0 ], [ 76.745777173827136, 29.433433900540422, 0.0 ], [ 76.746295184235635, 29.435652771181598, 0.0 ], [ 76.747105645243778, 29.436847456581372, 0.0 ], [ 76.747719249157413, 29.437158102304029, 0.0 ], [ 76.748826581512319, 29.436678959282684, 0.0 ], [ 76.74999991288874, 29.437705663448558, 0.0 ], [ 76.750008308859407, 29.437713008248988, 0.0 ], [ 76.75014708900477, 29.437979263712982, 0.0 ], [ 76.750090165393715, 29.438200266257358, 0.0 ], [ 76.749999912636198, 29.438305410738106, 0.0 ], [ 76.748855972214471, 29.43963808883597, 0.0 ], [ 76.748129963587502, 29.440143989403396, 0.0 ], [ 76.747657375348155, 29.441434554483632, 0.0 ], [ 76.747410998365851, 29.442246717253635, 0.0 ], [ 76.747825083273881, 29.443743911726663, 0.0 ], [ 76.747892295604075, 29.443888212535445, 0.0 ], [ 76.748710577380464, 29.445586840420713, 0.0 ], [ 76.748807066918289, 29.445787129287755, 0.0 ], [ 76.749999943080169, 29.448263227813058, 0.0 ], [ 76.751696916942208, 29.451950935092391, 0.0 ], [ 76.752643131469384, 29.45373805847461, 0.0 ], [ 76.753095609485726, 29.454672221340584, 0.0 ], [ 76.753758472494226, 29.456382489962539, 0.0 ], [ 76.754216102209455, 29.457321092844893, 0.0 ], [ 76.754709972935771, 29.458106452856693, 0.0 ], [ 76.755389553901153, 29.458743097640909, 0.0 ], [ 76.755847836117979, 29.459131453086712, 0.0 ], [ 76.756156983176822, 29.459289611591188, 0.0 ], [ 76.756929496075287, 29.459795538425972, 0.0 ], [ 76.758468743319455, 29.461510987976542, 0.0 ], [ 76.76105317397635, 29.464314494625579, 0.0 ], [ 76.762453702886205, 29.465763652266986, 0.0 ], [ 76.762881064838638, 29.466197054602802, 0.0 ], [ 76.765396456230036, 29.46623968042308, 0.0 ], [ 76.765473750040513, 29.46630289946016, 0.0 ], [ 76.766230679040788, 29.467034283590934, 0.0 ], [ 76.767399610284883, 29.468167493118951, 0.0 ], [ 76.76839886972212, 29.468939676443998, 0.0 ], [ 76.769769214877769, 29.469775221290412, 0.0 ], [ 76.770861089003759, 29.470700808451472, 0.0 ], [ 76.771520251504583, 29.471409551866195, 0.0 ], [ 76.772838311244186, 29.47299386247613, 0.0 ], [ 76.773379127684237, 29.473531107572139, 0.0 ], [ 76.774281048462655, 29.473788870483329, 0.0 ], [ 76.775446890029002, 29.474330867048089, 0.0 ], [ 76.775476485622363, 29.474344625714213, 0.0 ], [ 76.775533368266878, 29.47412361313647, 0.0 ], [ 76.77544076565998, 29.473934100445199, 0.0 ], [ 76.776545045214803, 29.472816197091888, 0.0 ], [ 76.7773497725033, 29.472284546341527, 0.0 ], [ 76.777839983616715, 29.471752583922779, 0.0 ], [ 76.778799665404023, 29.470860095704307, 0.0 ], [ 76.779202091283892, 29.470504078136432, 0.0 ], [ 76.780605367882757, 29.469282620364751, 0.0 ], [ 76.781946230969723, 29.468597864013574, 0.0 ], [ 76.783163196215625, 29.468075457423062, 0.0 ], [ 76.784792862782638, 29.467233048078803, 0.0 ], [ 76.785746781429538, 29.466976537077212, 0.0 ], [ 76.787406898081954, 29.466643852048293, 0.0 ], [ 76.788572276862467, 29.46617550619257, 0.0 ], [ 76.790531358398482, 29.465770730226598, 0.0 ], [ 76.791155047923326, 29.465834249616485, 0.0 ], [ 76.792056922921844, 29.466114542611269, 0.0 ], [ 76.793010239442111, 29.466475976343489, 0.0 ], [ 76.79363375508548, 29.466769572923234, 0.0 ], [ 76.794675109518948, 29.466625871458177, 0.0 ], [ 76.795185375561175, 29.466671231550645, 0.0 ], [ 76.79513865730172, 29.467086198309428, 0.0 ], [ 76.794942001906691, 29.468073986082967, 0.0 ], [ 76.795013122204438, 29.469377668717197, 0.0 ], [ 76.795475150740714, 29.471904018188489, 0.0 ], [ 76.796418522800849, 29.471832362006285, 0.0 ], [ 76.796727544444238, 29.472211487427501, 0.0 ], [ 76.797175422347593, 29.473073363727821, 0.0 ], [ 76.798174471058431, 29.474490283051981, 0.0 ], [ 76.799136791765321, 29.47671019945038, 0.0 ], [ 76.799981070581509, 29.47837516093109, 0.0 ], [ 76.800789298187254, 29.480017598249919, 0.0 ], [ 76.800830352005804, 29.480274739122397, 0.0 ], [ 76.800866932269756, 29.480285617821181, 0.0 ], [ 76.801711743539755, 29.480536832388761, 0.0 ], [ 76.802330373471875, 29.480600365871361, 0.0 ], [ 76.802721846275318, 29.481038090438918, 0.0 ], [ 76.803257678480392, 29.481579695124488, 0.0 ], [ 76.80434977335949, 29.482825307989813, 0.0 ], [ 76.80509362887156, 29.483826576344896, 0.0 ], [ 76.805679430143712, 29.484852812704794, 0.0 ], [ 76.805694025414155, 29.484878383592271, 0.0 ], [ 76.806927413585385, 29.485692255769717, 0.0 ], [ 76.807878942034719, 29.486530496015114, 0.0 ], [ 76.808826866051348, 29.487613537432381, 0.0 ], [ 76.810578539817897, 29.489648833453113, 0.0 ], [ 76.811608383615209, 29.491877648389451, 0.0 ], [ 76.812725811361034, 29.494336606765344, 0.0 ], [ 76.813673300918026, 29.496348888481702, 0.0 ], [ 76.815000136484798, 29.499485137004022, 0.0 ], [ 76.8150004069945, 29.499485771667114, 0.0 ], [ 76.815000456602874, 29.499485877991741, 0.0 ], [ 76.815001078262753, 29.499487187386073, 0.0 ], [ 76.815001221234184, 29.499487489755701, 0.0 ], [ 76.81500223202714, 29.499489624861468, 0.0 ], [ 76.815003371015507, 29.499492026319484, 0.0 ], [ 76.815006567232402, 29.499498777472372, 0.0 ], [ 76.815006707253417, 29.499499072455428, 0.0 ], [ 76.815011559787962, 29.499509317129725, 0.0 ], [ 76.815021265882592, 29.499529807413467, 0.0 ], [ 76.815039730885303, 29.499568785121781, 0.0 ], [ 76.815056817599952, 29.499604856482634, 0.0 ], [ 76.815061130971401, 29.499613962856628, 0.0 ], [ 76.815109694369113, 29.499716481745907, 0.0 ], [ 76.815271575174066, 29.500058219418047, 0.0 ], [ 76.815362370649481, 29.500249888612352, 0.0 ], [ 76.815415658048209, 29.500362380069699, 0.0 ], [ 76.815437918273787, 29.500409374688385, 0.0 ], [ 76.815440456321525, 29.500414731433438, 0.0 ], [ 76.815462513061973, 29.50046129423442, 0.0 ], [ 76.815464104759343, 29.500464655474495, 0.0 ], [ 76.815464196125347, 29.500464847815277, 0.0 ], [ 76.815464242831354, 29.500464944921895, 0.0 ], [ 76.815464924032042, 29.500466381901212, 0.0 ], [ 76.815465161251282, 29.500466886743894, 0.0 ], [ 76.815465215880536, 29.500467001411756, 0.0 ], [ 76.815465238698408, 29.500467050412503, 0.0 ], [ 76.815465280384259, 29.500467139175569, 0.0 ], [ 76.815892722013601, 29.501369461311644, 0.0 ], [ 76.816469595432849, 29.502628222450909, 0.0 ], [ 76.81666003041768, 29.503178635394299, 0.0 ], [ 76.816938194582292, 29.503760693384983, 0.0 ], [ 76.817309110735081, 29.504482602112908, 0.0 ], [ 76.817581981544635, 29.505154780829642, 0.0 ], [ 76.817741567479132, 29.505605910177856, 0.0 ], [ 76.817927131927576, 29.50585411919737, 0.0 ], [ 76.818189783861058, 29.506363932326703, 0.0 ], [ 76.818509192483717, 29.506973033469002, 0.0 ], [ 76.818720424482791, 29.507370128835291, 0.0 ], [ 76.8187872488149, 29.507767127386529, 0.0 ], [ 76.81877666084624, 29.508173031695105, 0.0 ], [ 76.818725039777618, 29.508430171445692, 0.0 ], [ 76.818544182392202, 29.509057120329068, 0.0 ], [ 76.818482124773226, 29.509399849010254, 0.0 ], [ 76.818435231398894, 29.510198296077839, 0.0 ], [ 76.81845050577364, 29.510527604265391, 0.0 ], [ 76.818424342074366, 29.511325950791182, 0.0 ], [ 76.818439403878159, 29.511925948371839, 0.0 ], [ 76.818418658670268, 29.512300322335221, 0.0 ], [ 76.818335865019975, 29.512746825931714, 0.0 ], [ 76.8181702516993, 29.513748199421777, 0.0 ], [ 76.818061800263195, 29.51412711303999, 0.0 ], [ 76.818288770297883, 29.514018890040759, 0.0 ], [ 76.821001659943605, 29.513596023700213, 0.0 ], [ 76.821563569247701, 29.513884906281568, 0.0 ], [ 76.822455891070462, 29.513758987916063, 0.0 ], [ 76.823822779079876, 29.513100876590141, 0.0 ], [ 76.824668750898169, 29.512853137407213, 0.0 ], [ 76.826313785989015, 29.512980054096055, 0.0 ], [ 76.827860991915756, 29.512651287456226, 0.0 ], [ 76.82885143039357, 29.512074276373927, 0.0 ], [ 76.831204045080241, 29.509688807065373, 0.0 ], [ 76.83561997074861, 29.505571757285612, 0.0 ], [ 76.837786751827906, 29.502856794794056, 0.0 ], [ 76.84154628444621, 29.501910517702807, 0.0 ], [ 76.844460012347852, 29.500801549058153, 0.0 ], [ 76.845421999846963, 29.500049317988612, 0.0 ], [ 76.845507757763087, 29.500001360386673, 0.0 ], [ 76.846053860039802, 29.499174441681923, 0.0 ], [ 76.846817020437769, 29.498777665296338, 0.0 ], [ 76.847126591383713, 29.49830859730708, 0.0 ], [ 76.847508318378104, 29.497541854954388, 0.0 ], [ 76.847828325161373, 29.496409641247912, 0.0 ], [ 76.848148309368796, 29.495435416867693, 0.0 ], [ 76.848488620326663, 29.495291103608245, 0.0 ], [ 76.849355033138039, 29.494641681104675, 0.0 ], [ 76.85059259726269, 29.494042038985651, 0.0 ], [ 76.851979789864671, 29.493266339144355, 0.0 ], [ 76.852320176882728, 29.492837886590749, 0.0 ], [ 76.853691936506436, 29.492026203145596, 0.0 ], [ 76.855574194854285, 29.49029878577284, 0.0 ], [ 76.855837136344292, 29.489996550496677, 0.0 ], [ 76.857213825746655, 29.490001332239636, 0.0 ], [ 76.857744238864882, 29.489984209380161, 0.0 ], [ 76.857770615575745, 29.489983358306073, 0.0 ], [ 76.85880700196104, 29.490091677348953, 0.0 ], [ 76.859343238231446, 29.489676800075014, 0.0 ], [ 76.860663266754983, 29.488810823925991, 0.0 ], [ 76.861446978783633, 29.488468087402349, 0.0 ], [ 76.861591402051189, 29.488323774201984, 0.0 ], [ 76.861653260039475, 29.488395903552306, 0.0 ], [ 76.862034738386114, 29.488441091380025, 0.0 ], [ 76.863158665533788, 29.489749269270146, 0.0 ], [ 76.863560717048728, 29.489988426934811, 0.0 ], [ 76.863705141747758, 29.489956808029142, 0.0 ], [ 76.864091820227031, 29.489812526863151, 0.0 ], [ 76.86428779114928, 29.489830622633928, 0.0 ], [ 76.86629857189871, 29.490074277367157, 0.0 ], [ 76.867412213071916, 29.49018261625519, 0.0 ], [ 76.868134045099836, 29.490728465417373, 0.0 ], [ 76.869134263066073, 29.491590075012866, 0.0 ], [ 76.86926310506044, 29.491698341970377, 0.0 ], [ 76.869701428771677, 29.491788632764127, 0.0 ], [ 76.870485117748785, 29.491815688472482, 0.0 ], [ 76.870772691183404, 29.491795130066038, 0.0 ], [ 76.871052326048087, 29.491775137804222, 0.0 ], [ 76.872377350333011, 29.490904555014932, 0.0 ], [ 76.872862095114925, 29.490575254444959, 0.0 ], [ 76.873888076484931, 29.490106142152904, 0.0 ], [ 76.873841724431884, 29.490047515375146, 0.0 ], [ 76.873867443425752, 29.490038491581799, 0.0 ], [ 76.873898428736936, 29.490074596941646, 0.0 ], [ 76.874171714857127, 29.489984307542912, 0.0 ], [ 76.874511983999327, 29.49013768128415, 0.0 ], [ 76.874424299426664, 29.490119697575981, 0.0 ], [ 76.874501641660629, 29.490399307768616, 0.0 ], [ 76.874831676958166, 29.490999273224123, 0.0 ], [ 76.875228647870756, 29.491436784928062, 0.0 ], [ 76.875445226994245, 29.491576653443506, 0.0 ], [ 76.876033012936091, 29.491662378882193, 0.0 ], [ 76.876357876390244, 29.491779602051857, 0.0 ], [ 76.876997215219376, 29.491775092472025, 0.0 ], [ 76.878234652281861, 29.491811216255762, 0.0 ], [ 76.879492656827509, 29.492000604125852, 0.0 ], [ 76.881132304033201, 29.492108792430919, 0.0 ], [ 76.881178116119884, 29.492110515198085, 0.0 ], [ 76.881250885171269, 29.492113249235892, 0.0 ], [ 76.882596743513503, 29.493087521428592, 0.0 ], [ 76.884416939929039, 29.494679794426506, 0.0 ], [ 76.886165058880465, 29.496186260457474, 0.0 ], [ 76.886433340903096, 29.496704963416754, 0.0 ], [ 76.886778914904539, 29.497954403732376, 0.0 ], [ 76.887582031304433, 29.500001378778475, 0.0 ], [ 76.887463107833597, 29.501088672376671, 0.0 ], [ 76.887511632643665, 29.501769560907423, 0.0 ], [ 76.887914246081237, 29.504845926092443, 0.0 ], [ 76.887362645950518, 29.506036820845189, 0.0 ], [ 76.886950174341976, 29.506727051283956, 0.0 ], [ 76.88667699835986, 29.507620210783404, 0.0 ], [ 76.886573946974963, 29.508815561448603, 0.0 ], [ 76.886723602910294, 29.509487707588221, 0.0 ], [ 76.887806800034511, 29.511016752416666, 0.0 ], [ 76.888002850882657, 29.511697891138176, 0.0 ], [ 76.887935854064409, 29.512356420224268, 0.0 ], [ 76.887616161068195, 29.512744426268682, 0.0 ], [ 76.887452033898498, 29.512961101879434, 0.0 ], [ 76.88712329463705, 29.513395090606469, 0.0 ], [ 76.887798680715974, 29.513427575021208, 0.0 ], [ 76.888332014717278, 29.513634785341711, 0.0 ], [ 76.889639574569628, 29.513797429159574, 0.0 ], [ 76.890409740969389, 29.513947567791252, 0.0 ], [ 76.890932917126122, 29.514020670272792, 0.0 ], [ 76.89151484672918, 29.51395198244909, 0.0 ], [ 76.891872739622158, 29.514215372532902, 0.0 ], [ 76.892532652027896, 29.515038272932049, 0.0 ], [ 76.893037440258709, 29.515359976471295, 0.0 ], [ 76.893401141156502, 29.515522597163976, 0.0 ], [ 76.894233824494847, 29.515732231820284, 0.0 ], [ 76.894725153957793, 29.516154799877853, 0.0 ], [ 76.895600793678526, 29.517021593508282, 0.0 ], [ 76.896558298638809, 29.518162408333055, 0.0 ], [ 76.896846545917839, 29.518393216911619, 0.0 ], [ 76.898041193837827, 29.519080925952565, 0.0 ], [ 76.89910442737839, 29.519716806856717, 0.0 ], [ 76.899795397624331, 29.520143214677766, 0.0 ], [ 76.900118609604235, 29.520601725529207, 0.0 ], [ 76.90037089498891, 29.520960568213791, 0.0 ], [ 76.900762195970216, 29.521622469898503, 0.0 ], [ 76.900954746049138, 29.521534085829074, 0.0 ], [ 76.901160956172546, 29.521461841929792, 0.0 ], [ 76.901398268221556, 29.521353512923362, 0.0 ], [ 76.901640576178636, 29.521159488010447, 0.0 ], [ 76.902125275735926, 29.520875192621777, 0.0 ], [ 76.902414034751615, 29.520699267444158, 0.0 ], [ 76.902713173477352, 29.520532307250196, 0.0 ], [ 76.903084521993165, 29.520464553491422, 0.0 ] ] ] ] } },
{ "type": "Feature", "properties": { "DISTRICT": "SONIPAT", "DIST_LGD": "076", "STATE_UT": "HARYANA" }, "geometry": { "type": "Polygon", "coordinates": [ [ [ 76.610780396032254, 29.289169976307988, 0.0 ], [ 76.612797661779211, 29.288123608607361, 0.0 ], [ 76.614719976113193, 29.287056682230077, 0.0 ], [ 76.614748026544177, 29.287041113094368, 0.0 ], [ 76.617428996364737, 29.286143573486157, 0.0 ], [ 76.620866339387092, 29.284722815982391, 0.0 ], [ 76.621988128788416, 29.283982974144976, 0.0 ], [ 76.624046307147822, 29.282368082113312, 0.0 ], [ 76.625559110576418, 29.281416271889068, 0.0 ], [ 76.62894474853573, 29.279634363424943, 0.0 ], [ 76.630267025222864, 29.27868699070433, 0.0 ], [ 76.632088372670168, 29.277216271664351, 0.0 ], [ 76.634254231695508, 29.274838858805648, 0.0 ], [ 76.637505891866226, 29.274766379215794, 0.0 ], [ 76.641693937642259, 29.274328317604777, 0.0 ], [ 76.645094841293812, 29.274007565110182, 0.0 ], [ 76.64611853619887, 29.273529246055322, 0.0 ], [ 76.646782198147534, 29.273037401124103, 0.0 ], [ 76.647209071845083, 29.272374224958096, 0.0 ], [ 76.647769479343054, 29.27054715649998, 0.0 ], [ 76.648612951781971, 29.269532059763755, 0.0 ], [ 76.649306251874506, 29.269175534673963, 0.0 ], [ 76.649343924970026, 29.269156161437081, 0.0 ], [ 76.649358898335961, 29.269148463110536, 0.0 ], [ 76.650115047865441, 29.268670168053387, 0.0 ], [ 76.653638497739209, 29.266296617786026, 0.0 ], [ 76.656226079102211, 29.265515699941169, 0.0 ], [ 76.658180951361814, 29.265239969307299, 0.0 ], [ 76.660212795320817, 29.264499708082507, 0.0 ], [ 76.66267693730947, 29.264192227009485, 0.0 ], [ 76.666031109654782, 29.263979183000352, 0.0 ], [ 76.668263819897106, 29.263915324295663, 0.0 ], [ 76.67183491184997, 29.265556121691567, 0.0 ], [ 76.672889678330179, 29.265785836385007, 0.0 ], [ 76.676531710891922, 29.265017583852554, 0.0 ], [ 76.67857397498743, 29.264741540629238, 0.0 ], [ 76.678939229508231, 29.264800028434067, 0.0 ], [ 76.679073108390753, 29.264975929339268, 0.0 ], [ 76.679984676159066, 29.266712337653377, 0.0 ], [ 76.681024854586212, 29.268457587846648, 0.0 ], [ 76.682121264193498, 29.269499185594356, 0.0 ], [ 76.684224990180056, 29.2685734875873, 0.0 ], [ 76.686513975845713, 29.267895822574754, 0.0 ], [ 76.690212555305436, 29.267095622943007, 0.0 ], [ 76.693237054053824, 29.266273095153942, 0.0 ], [ 76.693957249329003, 29.266137367465973, 0.0 ], [ 76.694247847085904, 29.266001894058579, 0.0 ], [ 76.695520723484393, 29.265423809192509, 0.0 ], [ 76.697464658668466, 29.264443897171205, 0.0 ], [ 76.697799006606431, 29.264263240567658, 0.0 ], [ 76.698775929349935, 29.2636041078357, 0.0 ], [ 76.703250768897249, 29.262324914072583, 0.0 ], [ 76.70594598572734, 29.261772946229524, 0.0 ], [ 76.708831463667806, 29.261017808167551, 0.0 ], [ 76.710569388944023, 29.260001726839715, 0.0 ], [ 76.711823806996179, 29.259125723479627, 0.0 ], [ 76.712548840710895, 29.258692240818249, 0.0 ], [ 76.712862528990911, 29.258534097934557, 0.0 ], [ 76.713721294360525, 29.258172707449624, 0.0 ], [ 76.713775755703381, 29.255736748641311, 0.0 ], [ 76.713579247190054, 29.254609073604701, 0.0 ], [ 76.71388778376064, 29.25443294880294, 0.0 ], [ 76.713947542354362, 29.252172878076749, 0.0 ], [ 76.714039284492344, 29.25125707902783, 0.0 ], [ 76.714656300906654, 29.250927387375953, 0.0 ], [ 76.715072924254883, 29.25087521069193, 0.0 ], [ 76.71548955040906, 29.250823032070745, 0.0 ], [ 76.717768203140579, 29.25090300590502, 0.0 ], [ 76.71781671550859, 29.250904708330104, 0.0 ], [ 76.718262128398621, 29.250920335783483, 0.0 ], [ 76.720114501742771, 29.251514530103361, 0.0 ], [ 76.721406034850929, 29.251919570714978, 0.0 ], [ 76.723088284257244, 29.252049127939877, 0.0 ], [ 76.725187793379945, 29.252841560564907, 0.0 ], [ 76.726263771198461, 29.253729382247389, 0.0 ], [ 76.726824949442133, 29.254279333932466, 0.0 ], [ 76.727387428713044, 29.256002043751593, 0.0 ], [ 76.727799749818104, 29.256840768753161, 0.0 ], [ 76.730556904734328, 29.256635635788136, 0.0 ], [ 76.732047906800062, 29.255926207852401, 0.0 ], [ 76.73363127128377, 29.255224291688943, 0.0 ], [ 76.733636524775392, 29.255221962586486, 0.0 ], [ 76.734650321502741, 29.255645092650308, 0.0 ], [ 76.736076325309952, 29.256414626228512, 0.0 ], [ 76.739571157186958, 29.258125865425498, 0.0 ], [ 76.741372368076867, 29.25872872425828, 0.0 ], [ 76.744083909956132, 29.259163936647813, 0.0 ], [ 76.749752503784606, 29.261127989242723, 0.0 ], [ 76.749902029540607, 29.261179792686473, 0.0 ], [ 76.749999937254898, 29.261213713113989, 0.0 ], [ 76.7530448556832, 29.262645854477324, 0.0 ], [ 76.753497171017472, 29.262944009791902, 0.0 ], [ 76.754489491198839, 29.263414095678808, 0.0 ], [ 76.755322255422584, 29.264001229653005, 0.0 ], [ 76.755995705472415, 29.264466470231948, 0.0 ], [ 76.75609305066817, 29.264809342755708, 0.0 ], [ 76.756221009461399, 29.265377848804953, 0.0 ], [ 76.756420463612869, 29.266420134115279, 0.0 ], [ 76.756610353927869, 29.266776678886853, 0.0 ], [ 76.756831353991345, 29.266984377335245, 0.0 ], [ 76.7570086692822, 29.267076379034545, 0.0 ], [ 76.75725810053811, 29.267205793962276, 0.0 ], [ 76.758312223742976, 29.267729992448885, 0.0 ], [ 76.759314774539703, 29.268276605401443, 0.0 ], [ 76.759937091983844, 29.268529816410062, 0.0 ], [ 76.760517215661423, 29.269599383407499, 0.0 ], [ 76.760681174214682, 29.270195021323691, 0.0 ], [ 76.760752916264934, 29.270501772579365, 0.0 ], [ 76.761163425359868, 29.2714855025704, 0.0 ], [ 76.761697540461199, 29.272325031862803, 0.0 ], [ 76.762355167916198, 29.273182692898601, 0.0 ], [ 76.763012826628469, 29.273999744031709, 0.0 ], [ 76.764487780176125, 29.275584351473402, 0.0 ], [ 76.764826884083988, 29.276080757975837, 0.0 ], [ 76.765289438804018, 29.276478170848929, 0.0 ], [ 76.767083728472187, 29.277841878120757, 0.0 ], [ 76.768718533153901, 29.279169412922236, 0.0 ], [ 76.76962863461344, 29.279842319909207, 0.0 ], [ 76.770615977589571, 29.280397886348208, 0.0 ], [ 76.771623960319161, 29.280908414461791, 0.0 ], [ 76.772076507273766, 29.281170405753119, 0.0 ], [ 76.773311376760205, 29.281193901408187, 0.0 ], [ 76.774448375447435, 29.281271472773639, 0.0 ], [ 76.775693502938495, 29.28139415480457, 0.0 ], [ 76.776768760811436, 29.281543810267753, 0.0 ], [ 76.779464778262692, 29.281996091125279, 0.0 ], [ 76.779469715532699, 29.281996918619146, 0.0 ], [ 76.77989289659989, 29.280634899211137, 0.0 ], [ 76.780336333081877, 29.279575067731695, 0.0 ], [ 76.780707434193701, 29.278849067916052, 0.0 ], [ 76.781294746298101, 29.278033021683878, 0.0 ], [ 76.782134036611865, 29.277379459344928, 0.0 ], [ 76.784923739245812, 29.276199504143591, 0.0 ], [ 76.787543568309857, 29.27505542313731, 0.0 ], [ 76.788881822937512, 29.274424737436643, 0.0 ], [ 76.789993543278499, 29.274042058048714, 0.0 ], [ 76.791068964812382, 29.273862247685667, 0.0 ], [ 76.792113572808404, 29.27365090162559, 0.0 ], [ 76.793173674185724, 29.273389888839702, 0.0 ], [ 76.794799916217997, 29.272858597380917, 0.0 ], [ 76.796265746425533, 29.272457919005451, 0.0 ], [ 76.796282000658053, 29.272453476853524, 0.0 ], [ 76.796664520656392, 29.270058339596179, 0.0 ], [ 76.796804238271989, 29.269020859792334, 0.0 ], [ 76.797037984501344, 29.266093360544126, 0.0 ], [ 76.79710680088759, 29.263391318239467, 0.0 ], [ 76.797160590855185, 29.260283247027601, 0.0 ], [ 76.797114573103812, 29.25995848797594, 0.0 ], [ 76.797270038778549, 29.258492458579401, 0.0 ], [ 76.797938957869064, 29.258190565034248, 0.0 ], [ 76.798057439103616, 29.257969615051977, 0.0 ], [ 76.797954771259157, 29.257771132428694, 0.0 ], [ 76.797296875377242, 29.25694974674612, 0.0 ], [ 76.795950360039654, 29.25534302449395, 0.0 ], [ 76.795950418842452, 29.255342973429705, 0.0 ], [ 76.795395176515171, 29.254850954295566, 0.0 ], [ 76.793134812067976, 29.250997218767885, 0.0 ], [ 76.793109287725855, 29.250749059232021, 0.0 ], [ 76.79345767357168, 29.250000248786257, 0.0 ], [ 76.794260736041238, 29.249756664695195, 0.0 ], [ 76.795246447670181, 29.249777096002589, 0.0 ], [ 76.796833244412198, 29.248678418265481, 0.0 ], [ 76.796809804533382, 29.247946718488283, 0.0 ], [ 76.796779034625942, 29.247926161965374, 0.0 ], [ 76.796089036931079, 29.247465168964048, 0.0 ], [ 76.7954736842497, 29.246335469352374, 0.0 ], [ 76.796425555414004, 29.245629410794827, 0.0 ], [ 76.796959532567513, 29.245083558836335, 0.0 ], [ 76.797105232501025, 29.244928964603258, 0.0 ], [ 76.797645766900033, 29.24435638741668, 0.0 ], [ 76.798376837386385, 29.243436554344605, 0.0 ], [ 76.799540488973719, 29.241844796211485, 0.0 ], [ 76.800477642021036, 29.240257522860556, 0.0 ], [ 76.801003055487044, 29.239170627491138, 0.0 ], [ 76.801435940670132, 29.238070178888925, 0.0 ], [ 76.801482652248552, 29.237389012841206, 0.0 ], [ 76.801262654990623, 29.235841592566082, 0.0 ], [ 76.801181546585028, 29.234100286055977, 0.0 ], [ 76.801228765836839, 29.232760592471664, 0.0 ], [ 76.801311546247945, 29.232047897681269, 0.0 ], [ 76.801533304726462, 29.231199876608308, 0.0 ], [ 76.801708484979031, 29.230852646994347, 0.0 ], [ 76.801739837659227, 29.230040666828135, 0.0 ], [ 76.801873053200339, 29.228805460589406, 0.0 ], [ 76.802307253939944, 29.2276140544401, 0.0 ], [ 76.806558601176377, 29.224997000411374, 0.0 ], [ 76.81122445461618, 29.221845344607814, 0.0 ], [ 76.811259193945844, 29.221821879331955, 0.0 ], [ 76.810930843480818, 29.218271720792739, 0.0 ], [ 76.811102356180598, 29.217567893727303, 0.0 ], [ 76.814636051913681, 29.217278817491266, 0.0 ], [ 76.817777257634717, 29.216226143680029, 0.0 ], [ 76.81835121181112, 29.214680867225372, 0.0 ], [ 76.819195007946107, 29.21392871317007, 0.0 ], [ 76.823066699679842, 29.212237525618765, 0.0 ], [ 76.823823901214993, 29.211654859957989, 0.0 ], [ 76.830846838725378, 29.209523575634737, 0.0 ], [ 76.831373177432084, 29.208892009023771, 0.0 ], [ 76.832115739923807, 29.209280967438865, 0.0 ], [ 76.833243203235355, 29.208793532288052, 0.0 ], [ 76.838493745064071, 29.206742504493956, 0.0 ], [ 76.839758686324799, 29.206300751322988, 0.0 ], [ 76.841692209098284, 29.205547870337501, 0.0 ], [ 76.842124194100975, 29.205457735332413, 0.0 ], [ 76.843039393614703, 29.205358778728236, 0.0 ], [ 76.844057428135059, 29.205219148795869, 0.0 ], [ 76.845060143581662, 29.205056981339283, 0.0 ], [ 76.845908542703228, 29.204966957124761, 0.0 ], [ 76.84613627682198, 29.204960471811212, 0.0 ], [ 76.846695214123201, 29.204944551951204, 0.0 ], [ 76.847861776556073, 29.205016401721629, 0.0 ], [ 76.847944615847879, 29.205021504330286, 0.0 ], [ 76.84949219048039, 29.205093961432262, 0.0 ], [ 76.850391985014824, 29.205094151137363, 0.0 ], [ 76.851785306789068, 29.205270316625811, 0.0 ], [ 76.852787949389196, 29.205333584974667, 0.0 ], [ 76.853430645368903, 29.205437471468798, 0.0 ], [ 76.853888211785502, 29.205500700861318, 0.0 ], [ 76.854320097737002, 29.205685737200923, 0.0 ], [ 76.854485985600434, 29.205722493893269, 0.0 ], [ 76.854811728384163, 29.205794671446593, 0.0 ], [ 76.854829054108876, 29.205798510073688, 0.0 ], [ 76.856054208132079, 29.204264932467332, 0.0 ], [ 76.857333710053425, 29.202159818743365, 0.0 ], [ 76.857933543711056, 29.201377149483381, 0.0 ], [ 76.858939928869162, 29.200442940168703, 0.0 ], [ 76.860964473960706, 29.198185765666285, 0.0 ], [ 76.860989760202074, 29.198157573767784, 0.0 ], [ 76.861874939190102, 29.197944440774535, 0.0 ], [ 76.863257954096582, 29.197330405026474, 0.0 ], [ 76.868499186109261, 29.194361964453588, 0.0 ], [ 76.869699275716798, 29.194244203422631, 0.0 ], [ 76.871427422128079, 29.193625263683114, 0.0 ], [ 76.873085968351702, 29.193400057331431, 0.0 ], [ 76.875436844792858, 29.191863346028832, 0.0 ], [ 76.876823459662674, 29.19215813033756, 0.0 ], [ 76.878576171425848, 29.192189650624922, 0.0 ], [ 76.880457678899248, 29.192971229580785, 0.0 ], [ 76.884720115687173, 29.193865159857058, 0.0 ], [ 76.885914520135543, 29.194835891200785, 0.0 ], [ 76.886037348595622, 29.195956386188438, 0.0 ], [ 76.887926119143145, 29.197206255020976, 0.0 ], [ 76.888248308128567, 29.19741945503219, 0.0 ], [ 76.88914745064676, 29.198168185745455, 0.0 ], [ 76.889680926718981, 29.199236971564762, 0.0 ], [ 76.890110802134132, 29.203967700183632, 0.0 ], [ 76.889630982947324, 29.206398479485223, 0.0 ], [ 76.891479422896452, 29.206753913494151, 0.0 ], [ 76.89326579553321, 29.209298533189344, 0.0 ], [ 76.894346607017752, 29.210338121197189, 0.0 ], [ 76.896103571083316, 29.211278338020286, 0.0 ], [ 76.898364444746207, 29.211796160023184, 0.0 ], [ 76.900606391955804, 29.21267332208247, 0.0 ], [ 76.90311928401745, 29.212289706937913, 0.0 ], [ 76.903375466446732, 29.212308505843787, 0.0 ], [ 76.90452388060919, 29.213537821936015, 0.0 ], [ 76.904597162989347, 29.214041775760425, 0.0 ], [ 76.905054312674366, 29.214551484838129, 0.0 ], [ 76.906795645977425, 29.214638894960903, 0.0 ], [ 76.909368544253766, 29.214041085345951, 0.0 ], [ 76.910349216399325, 29.214498413797145, 0.0 ], [ 76.912167336593143, 29.215964979651282, 0.0 ], [ 76.913591201787654, 29.216864831973105, 0.0 ], [ 76.91812844824409, 29.21931859911923, 0.0 ], [ 76.91813366014182, 29.219321417426634, 0.0 ], [ 76.919175514255897, 29.218118272348011, 0.0 ], [ 76.92307355438281, 29.215431137395122, 0.0 ], [ 76.924059154409235, 29.21502012310328, 0.0 ], [ 76.925341774337568, 29.214519116894934, 0.0 ], [ 76.927816410076403, 29.21346226384744, 0.0 ], [ 76.928215026228614, 29.21339828807162, 0.0 ], [ 76.928797108604343, 29.213304867095889, 0.0 ], [ 76.930906845384328, 29.214213597309449, 0.0 ], [ 76.938336519501249, 29.208888257033966, 0.0 ], [ 76.938907077558241, 29.208635375015767, 0.0 ], [ 76.939173396037219, 29.20897140573787, 0.0 ], [ 76.942509603264568, 29.208770999613542, 0.0 ], [ 76.945883170963597, 29.209020345688415, 0.0 ], [ 76.948049350229397, 29.208876224976144, 0.0 ], [ 76.949600570401714, 29.208254904290403, 0.0 ], [ 76.951180110614857, 29.207703271146926, 0.0 ], [ 76.952290696962024, 29.207525744672321, 0.0 ], [ 76.953304594978988, 29.207264201078722, 0.0 ], [ 76.953439752844972, 29.207229334048066, 0.0 ], [ 76.953805692588119, 29.206928008768649, 0.0 ], [ 76.954795350453381, 29.206113078497012, 0.0 ], [ 76.955428959530266, 29.205800826921429, 0.0 ], [ 76.956752003601451, 29.205422377054266, 0.0 ], [ 76.959648911388371, 29.205076982900284, 0.0 ], [ 76.960176784752008, 29.20458670290132, 0.0 ], [ 76.960842688746638, 29.202613097199677, 0.0 ], [ 76.961783779801266, 29.202329974202659, 0.0 ], [ 76.963766642667409, 29.200337038636381, 0.0 ], [ 76.96502752120179, 29.199387102566586, 0.0 ], [ 76.966377880508702, 29.198435840878627, 0.0 ], [ 76.966916545694815, 29.197844380251642, 0.0 ], [ 76.967411920385004, 29.196995450110805, 0.0 ], [ 76.966159475242833, 29.196374206457392, 0.0 ], [ 76.964059279653895, 29.194890082307076, 0.0 ], [ 76.963991124151889, 29.193630622943402, 0.0 ], [ 76.967381654577849, 29.192731545410364, 0.0 ], [ 76.968485199966779, 29.192255214686337, 0.0 ], [ 76.969995722105011, 29.191660667426223, 0.0 ], [ 76.97341691684926, 29.190667615452721, 0.0 ], [ 76.976003667255966, 29.190029109112061, 0.0 ], [ 76.976896802028534, 29.189979262283941, 0.0 ], [ 76.976948088036352, 29.189976398806905, 0.0 ], [ 76.981434116339713, 29.188616560666208, 0.0 ], [ 76.982242391228411, 29.188405015219097, 0.0 ], [ 76.986223542858113, 29.188609704754391, 0.0 ], [ 76.986990112144611, 29.187908178144365, 0.0 ], [ 76.991582344227126, 29.190231873259762, 0.0 ], [ 76.991881704012542, 29.190059032051781, 0.0 ], [ 76.992210439955556, 29.189878373725307, 0.0 ], [ 76.992898987849188, 29.189507840353169, 0.0 ], [ 76.993243238346111, 29.189358620141991, 0.0 ], [ 76.993844138914852, 29.188879939456733, 0.0 ], [ 76.994280561940727, 29.188387828385039, 0.0 ], [ 76.994737493330533, 29.187882236378329, 0.0 ], [ 76.995112494324189, 29.187638263736979, 0.0 ], [ 76.995502930008826, 29.18742139828132, 0.0 ], [ 76.995877989198192, 29.187249606441611, 0.0 ], [ 76.99629391619294, 29.186883843839077, 0.0 ], [ 76.996766562126027, 29.186648874936669, 0.0 ], [ 76.99714498203663, 29.186372870881389, 0.0 ], [ 76.997607331847391, 29.186025986150277, 0.0 ], [ 76.998688753902684, 29.185285959763849, 0.0 ], [ 76.999999857121367, 29.186676681971708, 0.0 ], [ 77.000154576108855, 29.186783252987546, 0.0 ], [ 77.000771229266348, 29.186991395463721, 0.0 ], [ 77.001104626821942, 29.187618729439325, 0.0 ], [ 77.002435846035112, 29.187786853841114, 0.0 ], [ 77.003340600626828, 29.187787659044314, 0.0 ], [ 77.004146365383235, 29.188916167175321, 0.0 ], [ 77.006904754241845, 29.188958534598108, 0.0 ], [ 77.006953266232429, 29.188959278656203, 0.0 ], [ 77.007098202406652, 29.188043636188262, 0.0 ], [ 77.007434954711698, 29.185747789981978, 0.0 ], [ 77.010606919243529, 29.185624205771514, 0.0 ], [ 77.012272461205754, 29.185585007309928, 0.0 ], [ 77.018030236696291, 29.185377681918919, 0.0 ], [ 77.018428172180961, 29.185002956589351, 0.0 ], [ 77.018647694880812, 29.184796236973948, 0.0 ], [ 77.022408419678101, 29.181830889420592, 0.0 ], [ 77.028858447162079, 29.177613311827084, 0.0 ], [ 77.029953241260202, 29.177699754766284, 0.0 ], [ 77.030811190471624, 29.178241730028894, 0.0 ], [ 77.032600793102105, 29.178346198090356, 0.0 ], [ 77.033000834657472, 29.178369546743482, 0.0 ], [ 77.034855385063821, 29.179584247584302, 0.0 ], [ 77.035304435105516, 29.179752805888413, 0.0 ], [ 77.037419658537587, 29.180546761225962, 0.0 ], [ 77.040703328104343, 29.181802955423862, 0.0 ], [ 77.041278911216665, 29.181970211083701, 0.0 ], [ 77.044511544642646, 29.182851832352629, 0.0 ], [ 77.046274456071728, 29.183272417188565, 0.0 ], [ 77.049650875036875, 29.184483296327887, 0.0 ], [ 77.049931168098155, 29.18444657898883, 0.0 ], [ 77.050267819582984, 29.184402479419489, 0.0 ], [ 77.051173503547943, 29.183103772304268, 0.0 ], [ 77.052649908885357, 29.181480608151372, 0.0 ], [ 77.052650415731776, 29.180767810696274, 0.0 ], [ 77.05227043003265, 29.180226321341543, 0.0 ], [ 77.051320275982278, 29.179138586458652, 0.0 ], [ 77.052795859626343, 29.178638666373629, 0.0 ], [ 77.051799578414887, 29.177257773307957, 0.0 ], [ 77.051847953743163, 29.177014332021191, 0.0 ], [ 77.051990498348928, 29.176297000484219, 0.0 ], [ 77.053132060840937, 29.175670556821281, 0.0 ], [ 77.056083375547118, 29.174210504255367, 0.0 ], [ 77.059883545309589, 29.172793057592664, 0.0 ], [ 77.059887992857753, 29.172791397637226, 0.0 ], [ 77.060221944190829, 29.172999106445193, 0.0 ], [ 77.061361326807116, 29.175800961613419, 0.0 ], [ 77.062790513001687, 29.175422733582909, 0.0 ], [ 77.064358424442545, 29.175175342603232, 0.0 ], [ 77.066075308936163, 29.174923470923396, 0.0 ], [ 77.067118638206168, 29.175176507842512, 0.0 ], [ 77.069272408917371, 29.175091713179995, 0.0 ], [ 77.07045976594577, 29.174970405664212, 0.0 ], [ 77.072741851554184, 29.175259994257893, 0.0 ], [ 77.074124289937629, 29.175887579247586, 0.0 ], [ 77.076595610331481, 29.178103379495131, 0.0 ], [ 77.078314168699407, 29.179657736811532, 0.0 ], [ 77.078339982100331, 29.179660892044939, 0.0 ], [ 77.078594508984168, 29.179691999061536, 0.0 ], [ 77.08102112315126, 29.1788131189106, 0.0 ], [ 77.083303892239428, 29.177604945317881, 0.0 ], [ 77.08340874622462, 29.177547637396199, 0.0 ], [ 77.085630032025023, 29.176333571473226, 0.0 ], [ 77.085828232221175, 29.176225239773576, 0.0 ], [ 77.087494034551227, 29.175219782928131, 0.0 ], [ 77.088064873644598, 29.174511723016476, 0.0 ], [ 77.090255953078838, 29.17008236591008, 0.0 ], [ 77.091731908331283, 29.167736996272701, 0.0 ], [ 77.096112350752662, 29.162599887665174, 0.0 ], [ 77.097346086508907, 29.161765561412366, 0.0 ], [ 77.097356411126242, 29.161768257648578, 0.0 ], [ 77.098296734821602, 29.162013855577008, 0.0 ], [ 77.101297960741363, 29.163227872366377, 0.0 ], [ 77.105907706053088, 29.165655592588646, 0.0 ], [ 77.106858433627082, 29.166197054875223, 0.0 ], [ 77.107624152341415, 29.166950472311363, 0.0 ], [ 77.109952143415882, 29.168664983315878, 0.0 ], [ 77.110909853026172, 29.168985695211269, 0.0 ], [ 77.11094925142369, 29.168998887579647, 0.0 ], [ 77.114187307793188, 29.169292361652971, 0.0 ], [ 77.114331173144251, 29.169585576809144, 0.0 ], [ 77.115282052697367, 29.169418797413549, 0.0 ], [ 77.115518443686398, 29.169666879662536, 0.0 ], [ 77.117990769254703, 29.169545234037514, 0.0 ], [ 77.121799400264578, 29.169419062339951, 0.0 ], [ 77.121979447079937, 29.169394024845737, 0.0 ], [ 77.124199696466889, 29.169085243282446, 0.0 ], [ 77.128815211541905, 29.168458134891427, 0.0 ], [ 77.133240561643092, 29.168038344635963, 0.0 ], [ 77.138709192175043, 29.167451435717357, 0.0 ], [ 77.143296239563057, 29.166901888844791, 0.0 ], [ 77.142995319185871, 29.16556533612086, 0.0 ], [ 77.143003939833065, 29.16472490039537, 0.0 ], [ 77.143025624358032, 29.162610551628859, 0.0 ], [ 77.143085563902687, 29.162492403000488, 0.0 ], [ 77.143528605281332, 29.161619114054698, 0.0 ], [ 77.143529141370621, 29.161618056738842, 0.0 ], [ 77.143497825509897, 29.158938450514476, 0.0 ], [ 77.143214857865928, 29.157503995908225, 0.0 ], [ 77.142896007377928, 29.156231885162097, 0.0 ], [ 77.141672517574733, 29.15422014750872, 0.0 ], [ 77.140541788675208, 29.153060888655101, 0.0 ], [ 77.139190000811141, 29.1516536050794, 0.0 ], [ 77.138090204373867, 29.150774065545392, 0.0 ], [ 77.137894875086147, 29.15074704933695, 0.0 ], [ 77.13692873673412, 29.150151649108814, 0.0 ], [ 77.136209413433463, 29.149520415276747, 0.0 ], [ 77.136209153494278, 29.149520187912962, 0.0 ], [ 77.136208848514642, 29.14695790718541, 0.0 ], [ 77.136280465096348, 29.145409853859668, 0.0 ], [ 77.136280640339237, 29.145406073383274, 0.0 ], [ 77.135972210186708, 29.142691930239394, 0.0 ], [ 77.135972032440449, 29.142690363389949, 0.0 ], [ 77.135967939536599, 29.142499079920828, 0.0 ], [ 77.135956512051735, 29.141964982484073, 0.0 ], [ 77.135956493297073, 29.141964124233972, 0.0 ], [ 77.137431086398024, 29.140966989288241, 0.0 ], [ 77.140005220462896, 29.13905400517498, 0.0 ], [ 77.142949091546384, 29.136951453744768, 0.0 ], [ 77.143295480968618, 29.136862717026077, 0.0 ], [ 77.143912653393485, 29.13670460763479, 0.0 ], [ 77.144251268809171, 29.136617859690002, 0.0 ], [ 77.144428773790324, 29.136572384782259, 0.0 ], [ 77.144749459119311, 29.136323858594231, 0.0 ], [ 77.145040158650943, 29.136098573442972, 0.0 ], [ 77.145111846678844, 29.136048283732165, 0.0 ], [ 77.145465487219838, 29.135800204787319, 0.0 ], [ 77.145831332943843, 29.135543563947532, 0.0 ], [ 77.146838103703786, 29.134420203034878, 0.0 ], [ 77.147449387886454, 29.133517816731707, 0.0 ], [ 77.147808335951453, 29.132743017502658, 0.0 ], [ 77.14780885448971, 29.132741899315182, 0.0 ], [ 77.147500055492827, 29.130206673315062, 0.0 ], [ 77.147141084817264, 29.128614681937627, 0.0 ], [ 77.147139981491861, 29.128609788778295, 0.0 ], [ 77.147154252199201, 29.128510296694181, 0.0 ], [ 77.147379287638799, 29.126941380831411, 0.0 ], [ 77.14741996538703, 29.126657769568979, 0.0 ], [ 77.147427274772454, 29.126606804619062, 0.0 ], [ 77.148079318044935, 29.124820287997707, 0.0 ], [ 77.147950353269465, 29.122447468052705, 0.0 ], [ 77.148103441833939, 29.12164314493889, 0.0 ], [ 77.148171007748203, 29.121288155109436, 0.0 ], [ 77.148530324215614, 29.119943736525901, 0.0 ], [ 77.148500511140469, 29.118810064158083, 0.0 ], [ 77.148494107713091, 29.118566635759649, 0.0 ], [ 77.148494020803199, 29.118563341744849, 0.0 ], [ 77.149048702109312, 29.117918186700066, 0.0 ], [ 77.149068165775077, 29.117771338283781, 0.0 ], [ 77.149084582898084, 29.117647478432303, 0.0 ], [ 77.149033071341123, 29.116835472419204, 0.0 ], [ 77.14869368994907, 29.115599515037459, 0.0 ], [ 77.148153738146135, 29.11298317912652, 0.0 ], [ 77.146966741493003, 29.111860133330516, 0.0 ], [ 77.146082993716774, 29.110515955064201, 0.0 ], [ 77.145291727959133, 29.109785258991511, 0.0 ], [ 77.144680314096377, 29.109334266354907, 0.0 ], [ 77.144012459922578, 29.109005073167125, 0.0 ], [ 77.143005693581514, 29.109018735605918, 0.0 ], [ 77.142240259304046, 29.109081946012232, 0.0 ], [ 77.141644411459879, 29.109163285235446, 0.0 ], [ 77.140493775086298, 29.109289663617719, 0.0 ], [ 77.139897916996361, 29.108879269208149, 0.0 ], [ 77.138962854997629, 29.108008727222526, 0.0 ], [ 77.138652663138132, 29.107381550381987, 0.0 ], [ 77.137827274358884, 29.105712661344942, 0.0 ], [ 77.136948779694549, 29.104395488036378, 0.0 ], [ 77.136301985309188, 29.102953274241088, 0.0 ], [ 77.136301418583088, 29.102952011078816, 0.0 ], [ 77.136172823927453, 29.101531030416833, 0.0 ], [ 77.136029345856684, 29.099666606244714, 0.0 ], [ 77.136028752960868, 29.099658899518463, 0.0 ], [ 77.135648706913827, 29.099343210711066, 0.0 ], [ 77.135017959597818, 29.098580645391781, 0.0 ], [ 77.135002580433053, 29.09856205245076, 0.0 ], [ 77.134626408911586, 29.098107256246468, 0.0 ], [ 77.134246223730457, 29.097331326733183, 0.0 ], [ 77.133975243904999, 29.096007334990588, 0.0 ], [ 77.13397386569639, 29.096000601404686, 0.0 ], [ 77.134081704884707, 29.09514796997394, 0.0 ], [ 77.135021431893122, 29.093898280832683, 0.0 ], [ 77.135806024463704, 29.092690262140525, 0.0 ], [ 77.135956097612208, 29.092459191367194, 0.0 ], [ 77.136926596870254, 29.091209540456727, 0.0 ], [ 77.137015864089491, 29.091132944931829, 0.0 ], [ 77.137809956424945, 29.090451554504703, 0.0 ], [ 77.137814473107724, 29.090446504572622, 0.0 ], [ 77.137959111108813, 29.090284771934961, 0.0 ], [ 77.138657235534183, 29.089504124974841, 0.0 ], [ 77.138878767321941, 29.089336788226706, 0.0 ], [ 77.139499430835954, 29.088867958318449, 0.0 ], [ 77.139864249624438, 29.087393793289781, 0.0 ], [ 77.139894640949322, 29.087270984550408, 0.0 ], [ 77.140726394395372, 29.086260363013249, 0.0 ], [ 77.140916464177934, 29.086013936597919, 0.0 ], [ 77.141460637054053, 29.08530840593448, 0.0 ], [ 77.141871415975942, 29.084852797864194, 0.0 ], [ 77.142682710776114, 29.083585079544694, 0.0 ], [ 77.143375419339776, 29.082766660109627, 0.0 ], [ 77.143457925664634, 29.08266917890181, 0.0 ], [ 77.14423474559662, 29.082209173134714, 0.0 ], [ 77.145347659267472, 29.081550130906905, 0.0 ], [ 77.146425598032053, 29.080791591340883, 0.0 ], [ 77.146764735954079, 29.080552938108305, 0.0 ], [ 77.146898107579261, 29.080504673024283, 0.0 ], [ 77.147550429749458, 29.080268604817103, 0.0 ], [ 77.148182071222848, 29.080128656988723, 0.0 ], [ 77.149460842231903, 29.080317852334062, 0.0 ], [ 77.150176250011143, 29.080174031314964, 0.0 ], [ 77.1501796918038, 29.08017334080489, 0.0 ], [ 77.150179745887996, 29.080173303265738, 0.0 ], [ 77.150934484001425, 29.079667979145245, 0.0 ], [ 77.151994300726813, 29.079620097640571, 0.0 ], [ 77.152764465377771, 29.079585298569366, 0.0 ], [ 77.153027563821382, 29.079573408845292, 0.0 ], [ 77.153040008212159, 29.079572846009377, 0.0 ], [ 77.154334097861536, 29.079491348227332, 0.0 ], [ 77.155592201787513, 29.079270025091205, 0.0 ], [ 77.156691169036748, 29.079224660518534, 0.0 ], [ 77.158139347995231, 29.079445335566582, 0.0 ], [ 77.158519458849227, 29.079774493995867, 0.0 ], [ 77.159597964569613, 29.080013372652424, 0.0 ], [ 77.1603891343957, 29.080662698907432, 0.0 ], [ 77.160676706518998, 29.08072582494842, 0.0 ], [ 77.161344400314562, 29.080901561992313, 0.0 ], [ 77.162258418420819, 29.080901267226235, 0.0 ], [ 77.16312598525964, 29.079980794671748, 0.0 ], [ 77.163762582561404, 29.079425750372607, 0.0 ], [ 77.163890744805784, 29.07871740592978, 0.0 ], [ 77.164301125165622, 29.077801594418716, 0.0 ], [ 77.165096644131239, 29.076551779258345, 0.0 ], [ 77.165188902713069, 29.076033539812475, 0.0 ], [ 77.165434770745122, 29.07465242107963, 0.0 ], [ 77.165311286936131, 29.073894634570813, 0.0 ], [ 77.16567024870001, 29.072608826085485, 0.0 ], [ 77.165901012872865, 29.071945650125382, 0.0 ], [ 77.165813659643916, 29.070104544795701, 0.0 ], [ 77.165731200780996, 29.068366534843381, 0.0 ], [ 77.165719730466904, 29.068124774339044, 0.0 ], [ 77.165847610362789, 29.066780349951546, 0.0 ], [ 77.165897653102178, 29.06617455467568, 0.0 ], [ 77.165898665145548, 29.066162299880773, 0.0 ], [ 77.166062307038388, 29.06441651927004, 0.0 ], [ 77.166220494896208, 29.063562704622012, 0.0 ], [ 77.166221117422538, 29.063559348596559, 0.0 ], [ 77.166780264328509, 29.062341131397901, 0.0 ], [ 77.166995818691305, 29.061948603434068, 0.0 ], [ 77.16690842381152, 29.061673475811443, 0.0 ], [ 77.167015883250514, 29.060757676712736, 0.0 ], [ 77.167229167824402, 29.060084328852795, 0.0 ], [ 77.167251693730677, 29.060013213968585, 0.0 ], [ 77.167331194449815, 29.059835531527735, 0.0 ], [ 77.167754366484843, 29.058889739294575, 0.0 ], [ 77.167823415558686, 29.058722821702176, 0.0 ], [ 77.167898050646016, 29.058542399726008, 0.0 ], [ 77.167913030988515, 29.0575995827237, 0.0 ], [ 77.167936239073143, 29.057241933607859, 0.0 ], [ 77.167948748724527, 29.057049175893589, 0.0 ], [ 77.167947839292424, 29.05704149982741, 0.0 ], [ 77.167821945116032, 29.055978840481899, 0.0 ], [ 77.167804455373144, 29.055831221034808, 0.0 ], [ 77.167805445640226, 29.055822824057348, 0.0 ], [ 77.167860786214419, 29.055353022871188, 0.0 ], [ 77.16787431856406, 29.055292077045301, 0.0 ], [ 77.168040118204857, 29.054545411750524, 0.0 ], [ 77.168650204057684, 29.052840345619423, 0.0 ], [ 77.1686503088156, 29.052840053204417, 0.0 ], [ 77.168654642258659, 29.052811699698999, 0.0 ], [ 77.168757874370399, 29.052136277370415, 0.0 ], [ 77.169117097086257, 29.051775258140761, 0.0 ], [ 77.169729410914115, 29.050962146683503, 0.0 ], [ 77.170143303025128, 29.050412518999199, 0.0 ], [ 77.169963303530807, 29.049794593724663, 0.0 ], [ 77.169993283332303, 29.049736205459297, 0.0 ], [ 77.170106946977057, 29.04951483139736, 0.0 ], [ 77.170193977305132, 29.049441937362197, 0.0 ], [ 77.170859479741466, 29.04888453033513, 0.0 ], [ 77.170861343169747, 29.048882970876939, 0.0 ], [ 77.170885154342272, 29.048787755228275, 0.0 ], [ 77.170984318007967, 29.048391241687423, 0.0 ], [ 77.171543524493416, 29.047524882075322, 0.0 ], [ 77.172046283950422, 29.046812005167983, 0.0 ], [ 77.172135138589397, 29.046490554272346, 0.0 ], [ 77.172138574151134, 29.046478124522658, 0.0 ], [ 77.172138455445094, 29.046478023422697, 0.0 ], [ 77.172015627446214, 29.046373737518632, 0.0 ], [ 77.171671195187784, 29.046081299009092, 0.0 ], [ 77.171650570575579, 29.045846689293143, 0.0 ], [ 77.171562812913066, 29.044809171380532, 0.0 ], [ 77.171564254283155, 29.044736725977138, 0.0 ], [ 77.171582919657823, 29.043798692218814, 0.0 ], [ 77.171276674029301, 29.042891372409724, 0.0 ], [ 77.171187088451973, 29.042625950638143, 0.0 ], [ 77.171023289812041, 29.042139624726591, 0.0 ], [ 77.170878686850727, 29.04171028635275, 0.0 ], [ 77.170580898991346, 29.041066841968519, 0.0 ], [ 77.170143895434947, 29.040122573399035, 0.0 ], [ 77.170111987155565, 29.040062260207282, 0.0 ], [ 77.169943459377592, 29.039743711507935, 0.0 ], [ 77.169159953268846, 29.03894881425925, 0.0 ], [ 77.169116668444545, 29.038904899160705, 0.0 ], [ 77.169089662237226, 29.038885852858968, 0.0 ], [ 77.167838067348541, 29.038003093433073, 0.0 ], [ 77.167083350360357, 29.037732693665404, 0.0 ], [ 77.166903533583877, 29.037371811196692, 0.0 ], [ 77.166585585884221, 29.036328785301244, 0.0 ], [ 77.166471793031562, 29.035955480493151, 0.0 ], [ 77.166701672458828, 29.034343456914986, 0.0 ], [ 77.166702102463461, 29.034340438347698, 0.0 ], [ 77.166760618519035, 29.034227744254416, 0.0 ], [ 77.166973901552467, 29.033816988246684, 0.0 ], [ 77.167373246750088, 29.03346824543025, 0.0 ], [ 77.167712835935944, 29.033171683732071, 0.0 ], [ 77.167952405726069, 29.033042662205872, 0.0 ], [ 77.168215767565556, 29.032900827401807, 0.0 ], [ 77.16970933790779, 29.032485305380824, 0.0 ], [ 77.17143376616248, 29.031965975240087, 0.0 ], [ 77.172116335729754, 29.031807779630658, 0.0 ], [ 77.173861252333452, 29.031013262743361, 0.0 ], [ 77.174661942822368, 29.030873080054164, 0.0 ], [ 77.175236661003424, 29.030683412241626, 0.0 ], [ 77.175975766767223, 29.030475558897585, 0.0 ], [ 77.176658321373424, 29.030317430621203, 0.0 ], [ 77.177073999510483, 29.030078182290239, 0.0 ], [ 77.177756433388709, 29.029635843236527, 0.0 ], [ 77.178295356929254, 29.029653628627411, 0.0 ], [ 77.178959956050889, 29.029692047966229, 0.0 ], [ 77.179070280760072, 29.029698424810267, 0.0 ], [ 77.17907045161293, 29.029698434234295, 0.0 ], [ 77.18004081427965, 29.030031852526509, 0.0 ], [ 77.181096879130735, 29.030499730407147, 0.0 ], [ 77.181139551728961, 29.030518636094907, 0.0 ], [ 77.181144034493343, 29.030521131472025, 0.0 ], [ 77.181714608803432, 29.030838701666756, 0.0 ], [ 77.182243630045335, 29.031166567613752, 0.0 ], [ 77.182325603238354, 29.031217369825779, 0.0 ], [ 77.182377950360006, 29.031251066387711, 0.0 ], [ 77.182864794718611, 29.031564450270199, 0.0 ], [ 77.183460806999548, 29.031656610475739, 0.0 ], [ 77.183475663902684, 29.031658908532702, 0.0 ], [ 77.183551627230088, 29.031661162755512, 0.0 ], [ 77.183927347225634, 29.031672312771292, 0.0 ], [ 77.184681822646141, 29.031595259018601, 0.0 ], [ 77.184688464593165, 29.031593587104812, 0.0 ], [ 77.185112970495595, 29.031486741648838, 0.0 ], [ 77.185708165842982, 29.031076006024893, 0.0 ], [ 77.186534058559872, 29.030218511958104, 0.0 ], [ 77.187196061019733, 29.029997148114202, 0.0 ], [ 77.188027495616879, 29.029870460693704, 0.0 ], [ 77.188437422766953, 29.028746984252599, 0.0 ], [ 77.188724570385006, 29.028178404391458, 0.0 ], [ 77.18911940721614, 29.02766842678454, 0.0 ], [ 77.189282972067971, 29.026590196157201, 0.0 ], [ 77.188974723645316, 29.026017425314418, 0.0 ], [ 77.188902691202856, 29.025751355144997, 0.0 ], [ 77.189029619765719, 29.023549800255868, 0.0 ], [ 77.189244893569139, 29.023107620881795, 0.0 ], [ 77.189475739206429, 29.022868372464231, 0.0 ], [ 77.189675699395792, 29.0224983492623, 0.0 ], [ 77.189798480356146, 29.02199307794621, 0.0 ], [ 77.190377887172502, 29.020964275516988, 0.0 ], [ 77.190378436103202, 29.020963618654644, 0.0 ], [ 77.191434363519178, 29.01970059269107, 0.0 ], [ 77.191541511770694, 29.018829894210331, 0.0 ], [ 77.191648256497899, 29.01768765609296, 0.0 ], [ 77.191648596733614, 29.017684013327781, 0.0 ], [ 77.192135224266579, 29.016244665157888, 0.0 ], [ 77.192457918483413, 29.015247563332931, 0.0 ], [ 77.192693557337662, 29.01469704719349, 0.0 ], [ 77.192852161693494, 29.013925566601593, 0.0 ], [ 77.193103128307726, 29.013163044963964, 0.0 ], [ 77.192456079301067, 29.012594999004914, 0.0 ], [ 77.191773092698426, 29.011850968602879, 0.0 ], [ 77.191249055476206, 29.011012131051299, 0.0 ], [ 77.191089395067777, 29.010173122386611, 0.0 ], [ 77.190765675091953, 29.00942448579125, 0.0 ], [ 77.190745096592565, 29.009392882165908, 0.0 ], [ 77.190708826894237, 29.008856098395409, 0.0 ], [ 77.190888242709619, 29.008603339945068, 0.0 ], [ 77.190923920947498, 29.008066556073359, 0.0 ], [ 77.190671925033257, 29.007272719439399, 0.0 ], [ 77.190958453443358, 29.005919193482228, 0.0 ], [ 77.192594003899487, 29.003798132488207, 0.0 ], [ 77.192631790864596, 29.003723674757701, 0.0 ], [ 77.192809299926893, 29.003373902775582, 0.0 ], [ 77.192972396769548, 29.0017272610121, 0.0 ], [ 77.193151643755016, 29.001190387181758, 0.0 ], [ 77.193742094673766, 29.000001447964536, 0.0 ], [ 77.19375346673425, 28.999990362310921, 0.0 ], [ 77.193755046358476, 28.999989822478849, 0.0 ], [ 77.193979476466168, 28.999912957458136, 0.0 ], [ 77.194075702071984, 28.999858206472062, 0.0 ], [ 77.194236104893477, 28.99919243694573, 0.0 ], [ 77.194697420544429, 28.998196946006729, 0.0 ], [ 77.194958614390742, 28.997687424170227, 0.0 ], [ 77.195496592952324, 28.996920749153599, 0.0 ], [ 77.196570905341545, 28.99531073248701, 0.0 ], [ 77.196831841383911, 28.994709700454631, 0.0 ], [ 77.196947655165431, 28.994442932330347, 0.0 ], [ 77.197253541132667, 28.99362140022286, 0.0 ], [ 77.197426896951299, 28.992599031129821, 0.0 ], [ 77.197659292598985, 28.992184709319289, 0.0 ], [ 77.197948515313911, 28.992031108776377, 0.0 ], [ 77.199092726630894, 28.992030436342258, 0.0 ], [ 77.198900913206288, 28.991695233824235, 0.0 ], [ 77.198400939865195, 28.991103421750694, 0.0 ], [ 77.198038625067483, 28.990712360431768, 0.0 ], [ 77.197967437325488, 28.990257891006589, 0.0 ], [ 77.19823317780579, 28.989964826637429, 0.0 ], [ 77.198950163010167, 28.989416263624012, 0.0 ], [ 77.200763054045794, 28.98876855253291, 0.0 ], [ 77.201622165852555, 28.988632678980725, 0.0 ], [ 77.201651644392214, 28.988615735016523, 0.0 ], [ 77.201880691962785, 28.988484083974416, 0.0 ], [ 77.202242402480266, 28.987878167257943, 0.0 ], [ 77.202428480681206, 28.987216479761802, 0.0 ], [ 77.202432972358906, 28.987199970313455, 0.0 ], [ 77.202633157794367, 28.986464264502139, 0.0 ], [ 77.202741081379756, 28.985262513451232, 0.0 ], [ 77.20265493759544, 28.984587242886853, 0.0 ], [ 77.202516326040879, 28.983615092183783, 0.0 ], [ 77.202127266030814, 28.982687645503859, 0.0 ], [ 77.202227740484389, 28.981213549219031, 0.0 ], [ 77.202236853507955, 28.981079857052038, 0.0 ], [ 77.202402278266362, 28.979444085926215, 0.0 ], [ 77.202292984919552, 28.978886485695948, 0.0 ], [ 77.201997474852988, 28.977772544671197, 0.0 ], [ 77.201768192050579, 28.976878567828745, 0.0 ], [ 77.201782497000394, 28.976585104476769, 0.0 ], [ 77.201444768762656, 28.974930506381551, 0.0 ], [ 77.20139614115719, 28.97408770391484, 0.0 ], [ 77.201177703569087, 28.973220614524951, 0.0 ], [ 77.201132640329945, 28.972788275348123, 0.0 ], [ 77.20088339020073, 28.97232896886484, 0.0 ], [ 77.200865720694409, 28.972296410462349, 0.0 ], [ 77.200488438999656, 28.97168003701324, 0.0 ], [ 77.199713305003499, 28.970686717366846, 0.0 ], [ 77.198676267335728, 28.969679632165995, 0.0 ], [ 77.198234630906242, 28.96917257307037, 0.0 ], [ 77.197307886943932, 28.968285474940071, 0.0 ], [ 77.196461144435432, 28.96778502923209, 0.0 ], [ 77.195923346024401, 28.967581785752976, 0.0 ], [ 77.195578226527218, 28.967271634750666, 0.0 ], [ 77.195329779415857, 28.966923815267293, 0.0 ], [ 77.195149117572328, 28.966141809950315, 0.0 ], [ 77.195050375296589, 28.964623134592724, 0.0 ], [ 77.195096301289539, 28.963882542239737, 0.0 ], [ 77.194825130356506, 28.96270051282232, 0.0 ], [ 77.19480628737135, 28.961807594996827, 0.0 ], [ 77.194645686839991, 28.961246311059988, 0.0 ], [ 77.194436283604333, 28.960803115090979, 0.0 ], [ 77.193975337849849, 28.960350489736616, 0.0 ], [ 77.193796524818296, 28.96014137852957, 0.0 ], [ 77.19318317328549, 28.95951529754679, 0.0 ], [ 77.193050986888892, 28.959327980773772, 0.0 ], [ 77.193047891842227, 28.959309752614473, 0.0 ], [ 77.192980708570502, 28.958914092297512, 0.0 ], [ 77.192960471704453, 28.958440742048694, 0.0 ], [ 77.193188728917718, 28.957832512761151, 0.0 ], [ 77.193395328526265, 28.957146500895796, 0.0 ], [ 77.193404448171762, 28.957116218201644, 0.0 ], [ 77.193700303851244, 28.956308391708653, 0.0 ], [ 77.194170187800225, 28.954996977025925, 0.0 ], [ 77.194420180254923, 28.954447038014671, 0.0 ], [ 77.194426743243142, 28.954393279901151, 0.0 ], [ 77.194538265414067, 28.953479704833114, 0.0 ], [ 77.194518307162383, 28.952533421203562, 0.0 ], [ 77.194515817884721, 28.952415417217676, 0.0 ], [ 77.194703314109475, 28.951577777137793, 0.0 ], [ 77.19509608871094, 28.950745810177835, 0.0 ], [ 77.195144512416832, 28.950674118237309, 0.0 ], [ 77.196140548952457, 28.949199449445047, 0.0 ], [ 77.196163971754771, 28.948608093876608, 0.0 ], [ 77.196165462400941, 28.948311695992697, 0.0 ], [ 77.196165946442065, 28.948215583183721, 0.0 ], [ 77.196304434545979, 28.948061377160375, 0.0 ], [ 77.196326302682465, 28.948037027310555, 0.0 ], [ 77.19697218547455, 28.947291146756612, 0.0 ], [ 77.19711436157138, 28.946796618295405, 0.0 ], [ 77.197187193942497, 28.946543280298247, 0.0 ], [ 77.197044071343527, 28.945837352046038, 0.0 ], [ 77.196324567079358, 28.944454376592759, 0.0 ], [ 77.196162049365384, 28.944141992272211, 0.0 ], [ 77.19561810565412, 28.941453144193463, 0.0 ], [ 77.195709102537094, 28.94017497507847, 0.0 ], [ 77.195901510986303, 28.939328231202602, 0.0 ], [ 77.196447168072822, 28.938209556093884, 0.0 ], [ 77.197924682171205, 28.936534311485623, 0.0 ], [ 77.198930754029263, 28.935606600324007, 0.0 ], [ 77.200476018809795, 28.934471572232333, 0.0 ], [ 77.201407939313498, 28.933919490237315, 0.0 ], [ 77.202906802037617, 28.933502482230161, 0.0 ], [ 77.204528869302493, 28.933818771011193, 0.0 ], [ 77.206245103718089, 28.934706422940145, 0.0 ], [ 77.206777043253382, 28.934882660670461, 0.0 ], [ 77.207300037529322, 28.934878593306255, 0.0 ], [ 77.207633431336561, 28.934800332506519, 0.0 ], [ 77.20809407141229, 28.934692200969611, 0.0 ], [ 77.208560430786221, 28.934582725523288, 0.0 ], [ 77.20953661071799, 28.93442685178449, 0.0 ], [ 77.210347401602846, 28.934210529535594, 0.0 ], [ 77.211106036707733, 28.933874392176236, 0.0 ], [ 77.212039163032088, 28.933460932428961, 0.0 ], [ 77.213999045877529, 28.932539987405793, 0.0 ], [ 77.214370721050315, 28.93217297334844, 0.0 ], [ 77.215040855178998, 28.931372480214968, 0.0 ], [ 77.2153854512582, 28.930938241241783, 0.0 ], [ 77.21597318412347, 28.930603755418954, 0.0 ], [ 77.216792741871672, 28.930319583481428, 0.0 ], [ 77.218019891679518, 28.929911397958907, 0.0 ], [ 77.219258565650577, 28.929322562119342, 0.0 ], [ 77.219831124073252, 28.929203131851668, 0.0 ], [ 77.219845666798236, 28.929200098166788, 0.0 ], [ 77.220685417958421, 28.928902036345264, 0.0 ], [ 77.22198230556684, 28.928158835096539, 0.0 ], [ 77.222520167253222, 28.927442539755212, 0.0 ], [ 77.222520812861006, 28.927441681730546, 0.0 ], [ 77.222925148037504, 28.925964347323443, 0.0 ], [ 77.223232393556657, 28.92522394438712, 0.0 ], [ 77.223625717337782, 28.92443249561968, 0.0 ], [ 77.223983130212815, 28.923880732685127, 0.0 ], [ 77.224390906661981, 28.923526630019346, 0.0 ], [ 77.224893568757594, 28.923053666917554, 0.0 ], [ 77.225288467718684, 28.922817065757606, 0.0 ], [ 77.225688588555812, 28.922584889174114, 0.0 ], [ 77.226511541401607, 28.922223914344414, 0.0 ], [ 77.227269156811374, 28.922076226684709, 0.0 ], [ 77.227573646983444, 28.922016868819899, 0.0 ], [ 77.228105083954219, 28.921931382001215, 0.0 ], [ 77.228768919874398, 28.921803099530305, 0.0 ], [ 77.229324052920532, 28.921626990741007, 0.0 ], [ 77.229750269434518, 28.921416926452054, 0.0 ], [ 77.230102397716792, 28.921338912764977, 0.0 ], [ 77.230470578840183, 28.921292210609405, 0.0 ], [ 77.230840409625898, 28.921083077085612, 0.0 ], [ 77.23123365184324, 28.920530703072419, 0.0 ], [ 77.231868680989123, 28.919297638459923, 0.0 ], [ 77.232630481070274, 28.917999311832919, 0.0 ], [ 77.232864287902345, 28.917061537436137, 0.0 ], [ 77.232970430620412, 28.916635800777549, 0.0 ], [ 77.233228165333941, 28.91574281798249, 0.0 ], [ 77.23380068263593, 28.913509295295544, 0.0 ], [ 77.233897590801035, 28.913092168249666, 0.0 ], [ 77.234105793492958, 28.912195983258446, 0.0 ], [ 77.234335562978544, 28.911195194185275, 0.0 ], [ 77.234363090404884, 28.911128328880444, 0.0 ], [ 77.234496379435768, 28.910804561579155, 0.0 ], [ 77.234632733059669, 28.909751188850006, 0.0 ], [ 77.234746164585971, 28.909063601923368, 0.0 ], [ 77.234601890373312, 28.908551718574632, 0.0 ], [ 77.234413238569388, 28.907643586947611, 0.0 ], [ 77.234360088685719, 28.907335445714502, 0.0 ], [ 77.234348839036699, 28.907270225392626, 0.0 ], [ 77.23406561998712, 28.906494486621131, 0.0 ], [ 77.233586889887121, 28.905446806458464, 0.0 ], [ 77.233386544485128, 28.904949385547944, 0.0 ], [ 77.233124993084289, 28.904466513319889, 0.0 ], [ 77.232821281957129, 28.904169300797466, 0.0 ], [ 77.23273137379762, 28.904024065626398, 0.0 ], [ 77.232619488015061, 28.903843327216705, 0.0 ], [ 77.232601937111369, 28.90356886527276, 0.0 ], [ 77.232588654689238, 28.903361139239905, 0.0 ], [ 77.232496629219014, 28.90241531052834, 0.0 ], [ 77.232777572007763, 28.901126944618554, 0.0 ], [ 77.232799962269809, 28.901024262006562, 0.0 ], [ 77.232926097923254, 28.900445812159955, 0.0 ], [ 77.232877406593815, 28.89889025091842, 0.0 ], [ 77.232472789551508, 28.897949605078217, 0.0 ], [ 77.2323873769637, 28.897853108147338, 0.0 ], [ 77.231390598684953, 28.896726956620313, 0.0 ], [ 77.230538139236771, 28.895938082378297, 0.0 ], [ 77.22989152393761, 28.895425489234771, 0.0 ], [ 77.228958334219953, 28.894935681305714, 0.0 ], [ 77.228435084712956, 28.894678178746741, 0.0 ], [ 77.227956799243884, 28.894365794917739, 0.0 ], [ 77.227880131881136, 28.894191596217752, 0.0 ], [ 77.22771435570769, 28.893814925256002, 0.0 ], [ 77.227504102795592, 28.893330223886519, 0.0 ], [ 77.227498690743545, 28.893317746699264, 0.0 ], [ 77.22750003458512, 28.893294788375378, 0.0 ], [ 77.227570050074661, 28.892098534993913, 0.0 ], [ 77.227664657236417, 28.891487955315014, 0.0 ], [ 77.227546186514488, 28.890741051422999, 0.0 ], [ 77.227597317135817, 28.889774803183176, 0.0 ], [ 77.227428882103155, 28.888848275832839, 0.0 ], [ 77.227416935161244, 28.888395057460301, 0.0 ], [ 77.227402406787576, 28.887843890967758, 0.0 ], [ 77.2274018998922, 28.887824672759404, 0.0 ], [ 77.227739076059692, 28.886091296337391, 0.0 ], [ 77.228329009889009, 28.883713142660458, 0.0 ], [ 77.228435378258155, 28.882213655182834, 0.0 ], [ 77.22810077723345, 28.881186117979677, 0.0 ], [ 77.226667792194988, 28.880086514393277, 0.0 ], [ 77.225094644740139, 28.879142591557084, 0.0 ], [ 77.224123652881659, 28.878777814574541, 0.0 ], [ 77.223518771040418, 28.878550570835834, 0.0 ], [ 77.222042687666558, 28.878552368752704, 0.0 ], [ 77.220561346059654, 28.878788822388092, 0.0 ], [ 77.219128519789137, 28.879619945085302, 0.0 ], [ 77.218603983801955, 28.880427812137693, 0.0 ], [ 77.21774879452785, 28.881744907431077, 0.0 ], [ 77.217504874788673, 28.882102292603069, 0.0 ], [ 77.216406653543018, 28.883711345557963, 0.0 ], [ 77.215408446481646, 28.884738286609906, 0.0 ], [ 77.21421469812276, 28.885488736910595, 0.0 ], [ 77.213165320894817, 28.886038310931312, 0.0 ], [ 77.211970527403054, 28.886982743927355, 0.0 ], [ 77.210469538831831, 28.887622258089628, 0.0 ], [ 77.21039572775716, 28.887653705553976, 0.0 ], [ 77.210395109124306, 28.887653833234385, 0.0 ], [ 77.208216511682679, 28.888104486531969, 0.0 ], [ 77.207574183060714, 28.888029302188421, 0.0 ], [ 77.206856802175679, 28.888041057921431, 0.0 ], [ 77.206173887256497, 28.888228184398464, 0.0 ], [ 77.205991514796494, 28.888330419032364, 0.0 ], [ 77.205324422349278, 28.888296230112235, 0.0 ], [ 77.203762675669154, 28.888132319150351, 0.0 ], [ 77.202481809833856, 28.887918683902775, 0.0 ], [ 77.201108999183944, 28.887720072586252, 0.0 ], [ 77.200420080628874, 28.887623058141429, 0.0 ], [ 77.198867085242014, 28.887630374340251, 0.0 ], [ 77.198244212091453, 28.887505203664418, 0.0 ], [ 77.197027597166397, 28.886934075501575, 0.0 ], [ 77.19546426427253, 28.886206182127321, 0.0 ], [ 77.194044524274972, 28.885236832496378, 0.0 ], [ 77.192453073193008, 28.883900337160046, 0.0 ], [ 77.190856262744788, 28.882306763679491, 0.0 ], [ 77.189493009218069, 28.880849223598837, 0.0 ], [ 77.189172298403463, 28.880552877923119, 0.0 ], [ 77.188850101277509, 28.880255157369611, 0.0 ], [ 77.188682356085664, 28.880077430475371, 0.0 ], [ 77.188607047061112, 28.879663614900906, 0.0 ], [ 77.18866917204025, 28.879583820299768, 0.0 ], [ 77.189585289166317, 28.878407113289853, 0.0 ], [ 77.190732863686819, 28.877404994805044, 0.0 ], [ 77.190964263110118, 28.877167539517629, 0.0 ], [ 77.191425252431969, 28.876694484020174, 0.0 ], [ 77.191679939708919, 28.876130940368999, 0.0 ], [ 77.191812121535378, 28.875835556100824, 0.0 ], [ 77.191948541311561, 28.875079280207814, 0.0 ], [ 77.191959030033473, 28.875021132939384, 0.0 ], [ 77.191912648410423, 28.874930230827854, 0.0 ], [ 77.191739875845286, 28.874591614601396, 0.0 ], [ 77.191380113805664, 28.874056110466682, 0.0 ], [ 77.191194260035829, 28.873747854266878, 0.0 ], [ 77.191033455103522, 28.873412123268196, 0.0 ], [ 77.190804248901571, 28.872991787513691, 0.0 ], [ 77.190613652778666, 28.872701651793175, 0.0 ], [ 77.19026670777582, 28.872287741098116, 0.0 ], [ 77.190069894761677, 28.871953188973571, 0.0 ], [ 77.190045503794977, 28.87191172540582, 0.0 ], [ 77.190022230245702, 28.871872164949107, 0.0 ], [ 77.189925941619592, 28.871679743902309, 0.0 ], [ 77.189892066169435, 28.871576833993256, 0.0 ], [ 77.189832884717575, 28.871397043900604, 0.0 ], [ 77.189777109733058, 28.871181409647281, 0.0 ], [ 77.189659114816251, 28.870687082549583, 0.0 ], [ 77.189601545660111, 28.870385761066856, 0.0 ], [ 77.189593142905451, 28.870158551317385, 0.0 ], [ 77.189589707274607, 28.870065651816549, 0.0 ], [ 77.189584488432985, 28.870061224625921, 0.0 ], [ 77.189485836966512, 28.869756059901054, 0.0 ], [ 77.189388811324733, 28.869283949787199, 0.0 ], [ 77.189290952501935, 28.868527640295351, 0.0 ], [ 77.189269719959938, 28.868248285077801, 0.0 ], [ 77.189281138362702, 28.868122906621618, 0.0 ], [ 77.189303046450263, 28.867882327573643, 0.0 ], [ 77.189421748417317, 28.867677390993201, 0.0 ], [ 77.189798028882663, 28.867535937618776, 0.0 ], [ 77.189987526345917, 28.867458720532479, 0.0 ], [ 77.190097836759477, 28.867413771286728, 0.0 ], [ 77.190170773166969, 28.867279209675939, 0.0 ], [ 77.190186650183435, 28.867249920757704, 0.0 ], [ 77.190338277253943, 28.866904597683355, 0.0 ], [ 77.190453097526103, 28.866514759814869, 0.0 ], [ 77.190970889940445, 28.866388796313696, 0.0 ], [ 77.191228123371829, 28.866326218947908, 0.0 ], [ 77.191676119275783, 28.866183594137564, 0.0 ], [ 77.192169370974568, 28.865999630541307, 0.0 ], [ 77.192800469082997, 28.865790865964488, 0.0 ], [ 77.193435833605236, 28.865541426795083, 0.0 ], [ 77.193544437857724, 28.865489018378923, 0.0 ], [ 77.194267869240846, 28.865139909953388, 0.0 ], [ 77.19494876654781, 28.864862655224989, 0.0 ], [ 77.195275029343776, 28.864780648689415, 0.0 ], [ 77.196196324214696, 28.864481425753681, 0.0 ], [ 77.196873795570625, 28.86428542050319, 0.0 ], [ 77.197393971783441, 28.864164157248048, 0.0 ], [ 77.19774935485826, 28.86400497823093, 0.0 ], [ 77.198563431643649, 28.863725533686271, 0.0 ], [ 77.198695964184068, 28.863691792564936, 0.0 ], [ 77.199034269479782, 28.863695295054317, 0.0 ], [ 77.199196969895013, 28.863633993756519, 0.0 ], [ 77.200016161772226, 28.863354457042195, 0.0 ], [ 77.200534806674611, 28.863161026217508, 0.0 ], [ 77.201192815660377, 28.863014942222208, 0.0 ], [ 77.202390045391169, 28.862679592191128, 0.0 ], [ 77.202629681303847, 28.862621539663753, 0.0 ], [ 77.203530266672871, 28.862557193986948, 0.0 ], [ 77.204150327982688, 28.86255607679211, 0.0 ], [ 77.205122915139782, 28.862504075811646, 0.0 ], [ 77.206196625774268, 28.862387255365551, 0.0 ], [ 77.207272120939294, 28.862112502316105, 0.0 ], [ 77.207623215551607, 28.861993968784727, 0.0 ], [ 77.207871871316755, 28.861926998465552, 0.0 ], [ 77.208193924794244, 28.861840258419079, 0.0 ], [ 77.208542727866615, 28.861613490169571, 0.0 ], [ 77.208895985793276, 28.861355069530941, 0.0 ], [ 77.209132752341773, 28.861161715543282, 0.0 ], [ 77.209231584558808, 28.860988667208243, 0.0 ], [ 77.209231555051389, 28.860745058819461, 0.0 ], [ 77.209238366380006, 28.860582541214569, 0.0 ], [ 77.209139260942962, 28.860015744685011, 0.0 ], [ 77.209219805454481, 28.859220440947272, 0.0 ], [ 77.209344791963062, 28.858830421895238, 0.0 ], [ 77.209532109002538, 28.858479983611105, 0.0 ], [ 77.209788566710628, 28.85800660670694, 0.0 ], [ 77.209863361692129, 28.857835452548507, 0.0 ], [ 77.209915649323904, 28.857715801298614, 0.0 ], [ 77.209914437635291, 28.857715766417101, 0.0 ], [ 77.209413153350397, 28.857701483086295, 0.0 ], [ 77.209412018310914, 28.857701513728287, 0.0 ], [ 77.208588598552453, 28.857724019756105, 0.0 ], [ 77.20767202608198, 28.857757080421042, 0.0 ], [ 77.20686379151914, 28.857824452340282, 0.0 ], [ 77.206362342617268, 28.857859729225531, 0.0 ], [ 77.205881858159273, 28.857917218358029, 0.0 ], [ 77.205478881490521, 28.858005016020371, 0.0 ], [ 77.204974402987744, 28.858139586328939, 0.0 ], [ 77.204500658194277, 28.85827365112813, 0.0 ], [ 77.204089338186421, 28.858451807433752, 0.0 ], [ 77.203753331636577, 28.858556549775621, 0.0 ], [ 77.203339438811, 28.858612940867253, 0.0 ], [ 77.203032648647834, 28.858645023209458, 0.0 ], [ 77.20303123252468, 28.858645046142417, 0.0 ], [ 77.20227961029201, 28.85865733041701, 0.0 ], [ 77.201573149195156, 28.858691427947328, 0.0 ], [ 77.200994948479334, 28.858732450827734, 0.0 ], [ 77.200504305885019, 28.858794598054441, 0.0 ], [ 77.199885595205402, 28.858858833014555, 0.0 ], [ 77.199604131744707, 28.858876961336115, 0.0 ], [ 77.199023366170891, 28.859039821998071, 0.0 ], [ 77.198247556280876, 28.859187816929499, 0.0 ], [ 77.197705209921509, 28.859228240654062, 0.0 ], [ 77.197704360368078, 28.859228221192005, 0.0 ], [ 77.197136109357047, 28.859214962488061, 0.0 ], [ 77.196591767922328, 28.859160677313721, 0.0 ], [ 77.195529366223582, 28.859083250594928, 0.0 ], [ 77.195159294979234, 28.859030631686547, 0.0 ], [ 77.194793968313746, 28.858959888772823, 0.0 ], [ 77.193886490294716, 28.858694963293857, 0.0 ], [ 77.193324796721257, 28.858546209482121, 0.0 ], [ 77.192707701190514, 28.858443467536524, 0.0 ], [ 77.192558575637634, 28.858418825685789, 0.0 ], [ 77.192557373263355, 28.858418885288444, 0.0 ], [ 77.192154163364421, 28.858438937935606, 0.0 ], [ 77.192153645097264, 28.858438916920772, 0.0 ], [ 77.192053926494367, 28.858434829727777, 0.0 ], [ 77.191287379751856, 28.858403409372539, 0.0 ], [ 77.190424393434625, 28.858304654325718, 0.0 ], [ 77.189144768553135, 28.858131457937919, 0.0 ], [ 77.187845410533512, 28.857994660109778, 0.0 ], [ 77.18685967277122, 28.857906897682515, 0.0 ], [ 77.186186990294715, 28.857841117451624, 0.0 ], [ 77.18618663323916, 28.857841245057074, 0.0 ], [ 77.186120866774871, 28.85786474708738, 0.0 ], [ 77.185963760809159, 28.857948498137279, 0.0 ], [ 77.185331466693853, 28.858098602427301, 0.0 ], [ 77.185330220231563, 28.858098585088229, 0.0 ], [ 77.185182813546319, 28.858096501211783, 0.0 ], [ 77.184976676231926, 28.858041195970831, 0.0 ], [ 77.184682604852753, 28.857946714748529, 0.0 ], [ 77.184373638480636, 28.857875030087481, 0.0 ], [ 77.18380303329063, 28.857789538303063, 0.0 ], [ 77.183417038504558, 28.857710077049976, 0.0 ], [ 77.182729083451107, 28.857649038630296, 0.0 ], [ 77.1820352533543, 28.857552000951621, 0.0 ], [ 77.18142451976955, 28.857507750974069, 0.0 ], [ 77.181423759817079, 28.857507822870836, 0.0 ], [ 77.180728957251077, 28.857573142563226, 0.0 ], [ 77.179763582261586, 28.857724098370618, 0.0 ], [ 77.179339711941992, 28.857794110598913, 0.0 ], [ 77.179085079731308, 28.857870409152603, 0.0 ], [ 77.178776166162521, 28.858046833612086, 0.0 ], [ 77.178502640972994, 28.858200128931873, 0.0 ], [ 77.17829354779029, 28.858248621071979, 0.0 ], [ 77.17829227408852, 28.858248610533874, 0.0 ], [ 77.178109032943198, 28.858247091389501, 0.0 ], [ 77.17782093516486, 28.858193100027488, 0.0 ], [ 77.177587496670256, 28.858057021974435, 0.0 ], [ 77.176976337617006, 28.857746588931565, 0.0 ], [ 77.176733780943749, 28.857664791770606, 0.0 ], [ 77.176410201486789, 28.857629414403686, 0.0 ], [ 77.176409810893659, 28.857629550565903, 0.0 ], [ 77.176166001456764, 28.857714561885167, 0.0 ], [ 77.175958879707068, 28.857857756488816, 0.0 ], [ 77.175607049199158, 28.858188252504629, 0.0 ], [ 77.175404861389652, 28.858322343998037, 0.0 ], [ 77.175404007970741, 28.858321991473382, 0.0 ], [ 77.175079214540204, 28.858187748843303, 0.0 ], [ 77.174627098733552, 28.857982218340407, 0.0 ], [ 77.174494614550511, 28.857921989888215, 0.0 ], [ 77.174308879816977, 28.857861827908689, 0.0 ], [ 77.174004008239137, 28.857740428134868, 0.0 ], [ 77.173605425527271, 28.857548358085417, 0.0 ], [ 77.173060780936709, 28.857232324172948, 0.0 ], [ 77.173017080309748, 28.857102199811276, 0.0 ], [ 77.172922206048042, 28.856729289168733, 0.0 ], [ 77.172862124426558, 28.856058068385725, 0.0 ], [ 77.172710702958966, 28.854937187008847, 0.0 ], [ 77.172551256505599, 28.853676582783905, 0.0 ], [ 77.172463749752694, 28.852671964578747, 0.0 ], [ 77.172365322417576, 28.852127678953917, 0.0 ], [ 77.172291741859169, 28.851529544953213, 0.0 ], [ 77.172272825205155, 28.851375776031421, 0.0 ], [ 77.172254951858136, 28.850762521823686, 0.0 ], [ 77.172276720392176, 28.850577206155421, 0.0 ], [ 77.172232834829998, 28.850438061544981, 0.0 ], [ 77.172154217346431, 28.850353613492196, 0.0 ], [ 77.1720699145162, 28.85024218779628, 0.0 ], [ 77.172057045295546, 28.850116077441896, 0.0 ], [ 77.172104050441504, 28.849912310449376, 0.0 ], [ 77.172102572442029, 28.849912584196048, 0.0 ], [ 77.171864141950422, 28.849956777265412, 0.0 ], [ 77.171666430880364, 28.85005921204478, 0.0 ], [ 77.171492363067657, 28.85006652780595, 0.0 ], [ 77.171277410734277, 28.850079012507614, 0.0 ], [ 77.171103623827904, 28.85009985711589, 0.0 ], [ 77.170899758827417, 28.850152764518164, 0.0 ], [ 77.170640389756954, 28.850247168714766, 0.0 ], [ 77.170320018073198, 28.850365110354559, 0.0 ], [ 77.170161972408835, 28.850403745672835, 0.0 ], [ 77.170160554103205, 28.850403776528356, 0.0 ], [ 77.169639580549941, 28.850416658795385, 0.0 ], [ 77.169454610801182, 28.850392574029577, 0.0 ], [ 77.16923275486684, 28.850319451446946, 0.0 ], [ 77.168652678889345, 28.850022013144105, 0.0 ], [ 77.168168434484713, 28.849650849507526, 0.0 ], [ 77.167476213442072, 28.849134153042311, 0.0 ], [ 77.167304742080375, 28.84901961513458, 0.0 ], [ 77.167196517387438, 28.848989773810757, 0.0 ], [ 77.16719544806152, 28.848989894267682, 0.0 ], [ 77.166961357871728, 28.849016112571601, 0.0 ], [ 77.166477164734289, 28.849141189440139, 0.0 ], [ 77.166170849555272, 28.849195736587511, 0.0 ], [ 77.166170342383069, 28.849195596470242, 0.0 ], [ 77.166047164284365, 28.849161633440044, 0.0 ], [ 77.165947969979868, 28.84907300004074, 0.0 ], [ 77.1658219481195, 28.848926149752728, 0.0 ], [ 77.165658668919278, 28.848712228123251, 0.0 ], [ 77.165302966857482, 28.848361544803655, 0.0 ], [ 77.165139128691109, 28.848120563795511, 0.0 ], [ 77.164918291315288, 28.847848917654478, 0.0 ], [ 77.164225336175136, 28.847048000414361, 0.0 ], [ 77.164140483394547, 28.846909510327915, 0.0 ], [ 77.163899257463243, 28.846642701293064, 0.0 ], [ 77.163199327703623, 28.845751661956474, 0.0 ], [ 77.162873909524762, 28.845377929378166, 0.0 ], [ 77.162568051170908, 28.844958768015378, 0.0 ], [ 77.162194953048683, 28.84450910472151, 0.0 ], [ 77.162015014634903, 28.844232286150245, 0.0 ], [ 77.161957084736528, 28.844156521991884, 0.0 ], [ 77.161815709508375, 28.844009913894283, 0.0 ], [ 77.161478380814245, 28.843555163059243, 0.0 ], [ 77.161293043464241, 28.843264896251739, 0.0 ], [ 77.161162008771115, 28.843122633225757, 0.0 ], [ 77.160937654421701, 28.842927728699234, 0.0 ], [ 77.160863521291375, 28.842811622033103, 0.0 ], [ 77.160756604962245, 28.842596791141851, 0.0 ], [ 77.160357633923695, 28.84213400179009, 0.0 ], [ 77.159964680549137, 28.8416200396995, 0.0 ], [ 77.159952146332856, 28.841603645200092, 0.0 ], [ 77.159689056578898, 28.841269506964938, 0.0 ], [ 77.159322132159872, 28.840869361000436, 0.0 ], [ 77.158867391101694, 28.840434529096282, 0.0 ], [ 77.158575439745505, 28.840191078448353, 0.0 ], [ 77.157936127518482, 28.839750173841821, 0.0 ], [ 77.1577285504777, 28.839622666245642, 0.0 ], [ 77.157307997421839, 28.839354202050853, 0.0 ], [ 77.156928422179504, 28.839085080956327, 0.0 ], [ 77.15678268250447, 28.83897462737178, 0.0 ], [ 77.156718614506602, 28.838849333751948, 0.0 ], [ 77.156658086871104, 28.838647290354594, 0.0 ], [ 77.156635278549459, 28.838286745551276, 0.0 ], [ 77.156723476327542, 28.837843220851084, 0.0 ], [ 77.156857485445144, 28.837633555421039, 0.0 ], [ 77.157021573716051, 28.837391827865531, 0.0 ], [ 77.157749999117129, 28.836689933154972, 0.0 ], [ 77.157748578031089, 28.836689955595599, 0.0 ], [ 77.157099530252836, 28.836700340356288, 0.0 ], [ 77.156755900382322, 28.836931404626128, 0.0 ], [ 77.156489938522384, 28.836953705141887, 0.0 ], [ 77.156229563561084, 28.836998470406613, 0.0 ], [ 77.155963974220455, 28.837038807669483, 0.0 ], [ 77.155662995182865, 28.837102266874233, 0.0 ], [ 77.155362109233835, 28.837170236291282, 0.0 ], [ 77.154984862050938, 28.837261981721035, 0.0 ], [ 77.154602398072143, 28.837349298593605, 0.0 ], [ 77.154383088347402, 28.837397915562313, 0.0 ], [ 77.15415865557766, 28.837446615342497, 0.0 ], [ 77.15398460559777, 28.837453906730669, 0.0 ], [ 77.153805620507654, 28.83747029987012, 0.0 ], [ 77.153534349550554, 28.837483655194482, 0.0 ], [ 77.153258049021389, 28.837501602096321, 0.0 ], [ 77.152915349519958, 28.837529631044593, 0.0 ], [ 77.152577678363912, 28.837553067223389, 0.0 ], [ 77.15233257285999, 28.837593070650378, 0.0 ], [ 77.152087372858304, 28.83762856381388, 0.0 ], [ 77.151698575413391, 28.837657324904466, 0.0 ], [ 77.151309964308211, 28.837695105699368, 0.0 ], [ 77.151308544250497, 28.837695128101313, 0.0 ], [ 77.151084602418479, 28.837698700736933, 0.0 ], [ 77.150859147261642, 28.837697785590031, 0.0 ], [ 77.150858759208845, 28.837697812610294, 0.0 ], [ 77.150429375839494, 28.837727196836674, 0.0 ], [ 77.149999508908593, 28.837752097023397, 0.0 ], [ 77.149375197042815, 28.83778911782376, 0.0 ], [ 77.14876103630715, 28.837821463164385, 0.0 ], [ 77.148397661334982, 28.837840787199543, 0.0 ], [ 77.147931847711689, 28.83786174252182, 0.0 ], [ 77.147461005270372, 28.837887286525064, 0.0 ], [ 77.147460159761295, 28.837887278786614, 0.0 ], [ 77.147281648299511, 28.837885632005346, 0.0 ], [ 77.147102288231366, 28.837883976312263, 0.0 ], [ 77.14710087441712, 28.837883998788239, 0.0 ], [ 77.146754000027144, 28.837889521968524, 0.0 ], [ 77.14675257996646, 28.837889544330025, 0.0 ], [ 77.146410833626518, 28.837894984897058, 0.0 ], [ 77.14619077925714, 28.837907509890883, 0.0 ], [ 77.145970630725685, 28.837915524694935, 0.0 ], [ 77.145761186976856, 28.837945926399115, 0.0 ], [ 77.145546530328701, 28.837971899022055, 0.0 ], [ 77.145327214934994, 28.838020502593739, 0.0 ], [ 77.145102868510833, 28.838073696702672, 0.0 ], [ 77.14477682632014, 28.838164599504015, 0.0 ], [ 77.144247846631174, 28.838353468168979, 0.0 ], [ 77.144246924312725, 28.838353313232055, 0.0 ], [ 77.143831399350987, 28.83828339630308, 0.0 ], [ 77.143830823797373, 28.838283560267403, 0.0 ], [ 77.143714242733239, 28.838316838553091, 0.0 ], [ 77.14241375220017, 28.838860828248826, 0.0 ], [ 77.142478967876286, 28.839292887600219, 0.0 ], [ 77.142495957422625, 28.839621948403401, 0.0 ], [ 77.142566017931671, 28.840040393954748, 0.0 ], [ 77.142575576593543, 28.840256789222135, 0.0 ], [ 77.142503976910135, 28.840763202835628, 0.0 ], [ 77.142437036967863, 28.841246985897051, 0.0 ], [ 77.142324143284213, 28.841988647319088, 0.0 ], [ 77.142227024381768, 28.842499978387494, 0.0 ], [ 77.141919764014077, 28.843258262337233, 0.0 ], [ 77.141875287810777, 28.843588300194014, 0.0 ], [ 77.141816370247412, 28.843963681509425, 0.0 ], [ 77.141855236725959, 28.844360067161254, 0.0 ], [ 77.14182215325296, 28.844495934288798, 0.0 ], [ 77.141744080657148, 28.844686652764146, 0.0 ], [ 77.141762126220144, 28.844817196386721, 0.0 ], [ 77.14185613749531, 28.845154057668676, 0.0 ], [ 77.141880783950356, 28.845356678088542, 0.0 ], [ 77.141940101773599, 28.846000864732709, 0.0 ], [ 77.141959737517908, 28.846708841530951, 0.0 ], [ 77.141988952153028, 28.846884320820898, 0.0 ], [ 77.142017984093627, 28.84705078142192, 0.0 ], [ 77.142085092787426, 28.847324909722328, 0.0 ], [ 77.142195212907382, 28.847697604978752, 0.0 ], [ 77.142249671661972, 28.847854638404051, 0.0 ], [ 77.142367449200336, 28.848100893734738, 0.0 ], [ 77.142506456783693, 28.848382901624845, 0.0 ], [ 77.142613990793649, 28.848629319328662, 0.0 ], [ 77.142790058840291, 28.848969386449212, 0.0 ], [ 77.143056262636193, 28.849456896164803, 0.0 ], [ 77.143058062670264, 28.849458697256793, 0.0 ], [ 77.143699742029369, 28.850100815895733, 0.0 ], [ 77.144166655766597, 28.850630244566123, 0.0 ], [ 77.144566333463004, 28.851129162382875, 0.0 ], [ 77.14466690126406, 28.851285460631598, 0.0 ], [ 77.144716892553205, 28.851474143474313, 0.0 ], [ 77.14478326941888, 28.851712190584664, 0.0 ], [ 77.144971385085597, 28.851889652994466, 0.0 ], [ 77.145192274654207, 28.852165843700298, 0.0 ], [ 77.145298987042352, 28.852371668507409, 0.0 ], [ 77.145342067351308, 28.852722871190814, 0.0 ], [ 77.145319728380585, 28.85338188803723, 0.0 ], [ 77.145309640433283, 28.853639197535976, 0.0 ], [ 77.145241163016877, 28.853798185506683, 0.0 ], [ 77.145166915717496, 28.853925685328868, 0.0 ], [ 77.145061839194014, 28.854049165038006, 0.0 ], [ 77.144925193165676, 28.854132544832542, 0.0 ], [ 77.1446534749237, 28.854375971435935, 0.0 ], [ 77.144410917575016, 28.854542239627087, 0.0 ], [ 77.14427353055369, 28.854589539078773, 0.0 ], [ 77.143967372071913, 28.854653057113055, 0.0 ], [ 77.143655625762705, 28.854694105877755, 0.0 ], [ 77.14345090153266, 28.854706384654492, 0.0 ], [ 77.143298885095334, 28.854790006735126, 0.0 ], [ 77.143082401624241, 28.854978415820415, 0.0 ], [ 77.142429857284583, 28.855642939585774, 0.0 ], [ 77.142169761861467, 28.855953847246354, 0.0 ], [ 77.141991165961812, 28.856240902953942, 0.0 ], [ 77.141948760500938, 28.856422032032057, 0.0 ], [ 77.141924864934751, 28.856756254359908, 0.0 ], [ 77.141959763116432, 28.856958711892929, 0.0 ], [ 77.142016354947017, 28.857219472988234, 0.0 ], [ 77.14205628414453, 28.857417338811828, 0.0 ], [ 77.142154876851507, 28.857727057433191, 0.0 ], [ 77.142347717732648, 28.858134528466163, 0.0 ], [ 77.142475476841611, 28.858367089546963, 0.0 ], [ 77.142499947122715, 28.858560691624788, 0.0 ], [ 77.142515464265159, 28.858817592245462, 0.0 ], [ 77.142553752259687, 28.859435042769597, 0.0 ], [ 77.142549058599172, 28.859705800446243, 0.0 ], [ 77.142468086785641, 28.859717448637696, 0.0 ], [ 77.141843938053626, 28.85980723529994, 0.0 ], [ 77.141267351472194, 28.859929181602585, 0.0 ], [ 77.140993391851225, 28.86006436412082, 0.0 ], [ 77.140903025947452, 28.860156027480887, 0.0 ], [ 77.140864537793234, 28.860278444493247, 0.0 ], [ 77.14075360394105, 28.860866687727402, 0.0 ], [ 77.140693658908702, 28.861192459594481, 0.0 ], [ 77.140548285438655, 28.861600793068277, 0.0 ], [ 77.140476523074057, 28.861850058802609, 0.0 ], [ 77.140316835317776, 28.862060119046721, 0.0 ], [ 77.140078084871973, 28.862163160292141, 0.0 ], [ 77.139960438201484, 28.86217405089922, 0.0 ], [ 77.139960126493847, 28.862173971050431, 0.0 ], [ 77.139579202484967, 28.8620763418431, 0.0 ], [ 77.13924883047072, 28.861959779505611, 0.0 ], [ 77.139047921094644, 28.861908831468288, 0.0 ], [ 77.139047341693114, 28.861909066869256, 0.0 ], [ 77.138920860248476, 28.861960473775746, 0.0 ], [ 77.138682200623151, 28.862068022629742, 0.0 ], [ 77.138145289054833, 28.862126166961147, 0.0 ], [ 77.137516994764496, 28.862226361401202, 0.0 ], [ 77.13711794519638, 28.862259757699508, 0.0 ], [ 77.136612048404572, 28.862330938695639, 0.0 ], [ 77.136024182420527, 28.862403416858868, 0.0 ], [ 77.134980723965143, 28.862501155692531, 0.0 ], [ 77.134300730302712, 28.862579596681421, 0.0 ], [ 77.133748996633344, 28.862665026252454, 0.0 ], [ 77.133365038455537, 28.862684639469322, 0.0 ], [ 77.133089400102719, 28.862738627971016, 0.0 ], [ 77.132856684073829, 28.862886675389596, 0.0 ], [ 77.132610345846743, 28.863120654532882, 0.0 ], [ 77.132220313808219, 28.863596011647072, 0.0 ], [ 77.1322200189434, 28.863594662942074, 0.0 ], [ 77.132175093478551, 28.863389202087987, 0.0 ], [ 77.132145701720361, 28.863204699967429, 0.0 ], [ 77.132049801138763, 28.863025761499777, 0.0 ], [ 77.131959392989359, 28.862864781078216, 0.0 ], [ 77.131736797575329, 28.862755517683009, 0.0 ], [ 77.131492509903552, 28.862587948448454, 0.0 ], [ 77.131258563228073, 28.862424726480313, 0.0 ], [ 77.130972926037217, 28.862239764878755, 0.0 ], [ 77.130889392625321, 28.862164391757489, 0.0 ], [ 77.130852149895347, 28.86209730935126, 0.0 ], [ 77.130819111940838, 28.861985046783236, 0.0 ], [ 77.130689192628751, 28.861896872991032, 0.0 ], [ 77.130370887041579, 28.861617686226648, 0.0 ], [ 77.130100622505324, 28.861432479396381, 0.0 ], [ 77.129811154276439, 28.861310734412651, 0.0 ], [ 77.129151169172744, 28.861113638647495, 0.0 ], [ 77.12893406894986, 28.861022328391151, 0.0 ], [ 77.12841836093753, 28.860863551234445, 0.0 ], [ 77.128118373857234, 28.860728434915437, 0.0 ], [ 77.127328389934732, 28.860438641925658, 0.0 ], [ 77.126983675768159, 28.860371900158707, 0.0 ], [ 77.126566596645489, 28.860274719142524, 0.0 ], [ 77.126402109888204, 28.860250245896108, 0.0 ], [ 77.125979815476583, 28.860148634008034, 0.0 ], [ 77.125870579347179, 28.860069152084531, 0.0 ], [ 77.125715051843144, 28.859981376852581, 0.0 ], [ 77.125554677813398, 28.859907211886327, 0.0 ], [ 77.125482036981566, 28.859863243745469, 0.0 ], [ 77.125366485595151, 28.85972521195745, 0.0 ], [ 77.125119097301535, 28.859404292035347, 0.0 ], [ 77.125019007228715, 28.859270527589629, 0.0 ], [ 77.125018548740911, 28.85924797720519, 0.0 ], [ 77.124990549282828, 28.859131122854016, 0.0 ], [ 77.124947088409229, 28.859009999823535, 0.0 ], [ 77.124883500874915, 28.858907239756167, 0.0 ], [ 77.124741602157599, 28.858733531355853, 0.0 ], [ 77.124709672147588, 28.858675386253317, 0.0 ], [ 77.124698326282498, 28.858621428547572, 0.0 ], [ 77.124730883694795, 28.858458504361746, 0.0 ], [ 77.124794623911541, 28.858065007321937, 0.0 ], [ 77.124898613691883, 28.857634783874172, 0.0 ], [ 77.124298772713232, 28.857621681721241, 0.0 ], [ 77.124099083088097, 28.857620965149163, 0.0 ], [ 77.123366034063196, 28.857618333077507, 0.0 ], [ 77.123148506810367, 28.858009741082519, 0.0 ], [ 77.12253979198357, 28.858064442411202, 0.0 ], [ 77.121936292543666, 28.858123570903384, 0.0 ], [ 77.121246888833198, 28.858242695758186, 0.0 ], [ 77.120930547138769, 28.858310833889821, 0.0 ], [ 77.120864955752381, 28.858361492027623, 0.0 ], [ 77.120846571448823, 28.858465543840175, 0.0 ], [ 77.120929183442868, 28.858748462694873, 0.0 ], [ 77.120893332900252, 28.859254305827978, 0.0 ], [ 77.12088574751462, 28.859637894914115, 0.0 ], [ 77.120864162404047, 28.859836737032239, 0.0 ], [ 77.120835438116984, 28.859936440214206, 0.0 ], [ 77.120719347348853, 28.860023983558719, 0.0 ], [ 77.120642867416564, 28.86004323303078, 0.0 ], [ 77.120376378503124, 28.860042914727266, 0.0 ], [ 77.120134586071941, 28.859997092326132, 0.0 ], [ 77.120027368516247, 28.860016824570554, 0.0 ], [ 77.119982633376324, 28.860085199298904, 0.0 ], [ 77.119954641273239, 28.860220982695207, 0.0 ], [ 77.119820438488048, 28.860426106745429, 0.0 ], [ 77.119512506798699, 28.86065652102587, 0.0 ], [ 77.119357807485173, 28.860861967053161, 0.0 ], [ 77.119127725931122, 28.861140781661334, 0.0 ], [ 77.11884879062039, 28.861285020826575, 0.0 ], [ 77.118324400775052, 28.861708314035912, 0.0 ], [ 77.117376336288856, 28.862467596106729, 0.0 ], [ 77.116442710759685, 28.863181531654536, 0.0 ], [ 77.116363665019577, 28.86332713852255, 0.0 ], [ 77.116271165928126, 28.863567696192487, 0.0 ], [ 77.116223042249345, 28.863721839957698, 0.0 ], [ 77.116029904440154, 28.864054206178736, 0.0 ], [ 77.115932099309731, 28.864285824099415, 0.0 ], [ 77.11578287151643, 28.864761866122329, 0.0 ], [ 77.11573895605251, 28.864870829883678, 0.0 ], [ 77.115694490660459, 28.864952733712414, 0.0 ], [ 77.115582964696202, 28.865013132639429, 0.0 ], [ 77.115424872022984, 28.865051706339464, 0.0 ], [ 77.115010979073148, 28.865112339012331, 0.0 ], [ 77.114689488264361, 28.865180543983325, 0.0 ], [ 77.114537066642157, 28.865246095718646, 0.0 ], [ 77.114339997665439, 28.865384530470418, 0.0 ], [ 77.114239539859796, 28.865485358178091, 0.0 ], [ 77.114121509912309, 28.865730826232927, 0.0 ], [ 77.114033031790328, 28.865917182883553, 0.0 ], [ 77.113967157783676, 28.865954307606479, 0.0 ], [ 77.113932024895234, 28.865990949551339, 0.0 ], [ 77.113799455664079, 28.866024609143306, 0.0 ], [ 77.113610530174412, 28.866059152237003, 0.0 ], [ 77.113467531993706, 28.866083952213518, 0.0 ], [ 77.11341181496185, 28.866116406170519, 0.0 ], [ 77.11331647883479, 28.86621715226687, 0.0 ], [ 77.113216110388194, 28.86632248884975, 0.0 ], [ 77.113073931566376, 28.866387879075123, 0.0 ], [ 77.112655090621629, 28.866457605713073, 0.0 ], [ 77.112491507823691, 28.866478215916835, 0.0 ], [ 77.112390589370705, 28.86655649026325, 0.0 ], [ 77.112321053003839, 28.866665856190878, 0.0 ], [ 77.112269711619405, 28.866914788974562, 0.0 ], [ 77.112268054464394, 28.867086248809191, 0.0 ], [ 77.112194397867981, 28.867245303522758, 0.0 ], [ 77.11181770878332, 28.867625655537729, 0.0 ], [ 77.111180707720209, 28.868312350102109, 0.0 ], [ 77.11082642137346, 28.86878708846443, 0.0 ], [ 77.110552375977903, 28.869174852223185, 0.0 ], [ 77.110324168092873, 28.869548363713829, 0.0 ], [ 77.110220401760827, 28.86973946820499, 0.0 ], [ 77.110079948910538, 28.869890544957094, 0.0 ], [ 77.109827325140373, 28.870070445754617, 0.0 ], [ 77.109616803635404, 28.870051184964144, 0.0 ], [ 77.108777467689535, 28.869856797460233, 0.0 ], [ 77.10743490841223, 28.869868777780407, 0.0 ], [ 77.10669647335294, 28.869848744681558, 0.0 ], [ 77.105925631492795, 28.870000647431858, 0.0 ], [ 77.105032911905184, 28.870208588170577, 0.0 ], [ 77.104549532610321, 28.87038306204191, 0.0 ], [ 77.104330944199518, 28.87047219231636, 0.0 ], [ 77.103998273687083, 28.870495433572398, 0.0 ], [ 77.103209869500049, 28.870539320705952, 0.0 ], [ 77.102436566067681, 28.870569434360622, 0.0 ], [ 77.101171207316909, 28.870598194081783, 0.0 ], [ 77.100695525800376, 28.870646213402122, 0.0 ], [ 77.100632416644871, 28.870643578142907, 0.0 ], [ 77.099987646832773, 28.870616644369345, 0.0 ], [ 77.099173983819796, 28.870678947915835, 0.0 ], [ 77.097724534460085, 28.870728589195746, 0.0 ], [ 77.097448128142418, 28.870746426395431, 0.0 ], [ 77.097171993621657, 28.870777792950292, 0.0 ], [ 77.096411195214273, 28.870920463093906, 0.0 ], [ 77.095763293677322, 28.871070397034156, 0.0 ], [ 77.094925996931167, 28.871232294413403, 0.0 ], [ 77.094566162517083, 28.871331413147164, 0.0 ], [ 77.094283758346592, 28.871409201615695, 0.0 ], [ 77.094141198951348, 28.871456531296644, 0.0 ], [ 77.093845472699186, 28.871533310484427, 0.0 ], [ 77.093497813621525, 28.871831956803497, 0.0 ], [ 77.092914281466463, 28.872125243227874, 0.0 ], [ 77.092096046897368, 28.872471796885041, 0.0 ], [ 77.09155367702094, 28.872773460999039, 0.0 ], [ 77.090815271148927, 28.873267646991764, 0.0 ], [ 77.0902559186068, 28.873745516795317, 0.0 ], [ 77.0894420861719, 28.874313048151063, 0.0 ], [ 77.088540143513455, 28.874832315228179, 0.0 ], [ 77.088016622985009, 28.875052467220875, 0.0 ], [ 77.088001432694455, 28.875061725801583, 0.0 ], [ 77.087560883233252, 28.875330216987361, 0.0 ], [ 77.087396302896877, 28.875558339646755, 0.0 ], [ 77.087603983669723, 28.875947618616003, 0.0 ], [ 77.087882769567031, 28.876304216057772, 0.0 ], [ 77.088079953485433, 28.876937275356731, 0.0 ], [ 77.08799889127566, 28.877240798982516, 0.0 ], [ 77.087739766236197, 28.877867396268162, 0.0 ], [ 77.087351184736491, 28.878428325622632, 0.0 ], [ 77.087206318494552, 28.879129846086016, 0.0 ], [ 77.087140009153885, 28.87965871348139, 0.0 ], [ 77.087070904605469, 28.880047769888161, 0.0 ], [ 77.086941120241377, 28.880478368164653, 0.0 ], [ 77.086831470907683, 28.88089060940359, 0.0 ], [ 77.086420934517662, 28.881379694401947, 0.0 ], [ 77.085961932597897, 28.881752230281826, 0.0 ], [ 77.085493835938891, 28.881926401037539, 0.0 ], [ 77.084877767463595, 28.882134440429446, 0.0 ], [ 77.084531480240315, 28.882248074452409, 0.0 ], [ 77.084129725646548, 28.882407680090072, 0.0 ], [ 77.083978698369251, 28.882545360001739, 0.0 ], [ 77.083670619069679, 28.882775699137525, 0.0 ], [ 77.083186069638643, 28.883153132671371, 0.0 ], [ 77.082659891725143, 28.883499627776047, 0.0 ], [ 77.082353679807383, 28.883053215559983, 0.0 ], [ 77.082256218909379, 28.882535903537701, 0.0 ], [ 77.08219067163914, 28.882076747791039, 0.0 ], [ 77.081831876155704, 28.881563474417423, 0.0 ], [ 77.081505446542394, 28.881130906502193, 0.0 ], [ 77.080884062712741, 28.880301372612362, 0.0 ], [ 77.080547123507387, 28.879855430097919, 0.0 ], [ 77.080253158373864, 28.879508075159546, 0.0 ], [ 77.079828667533434, 28.879040924298032, 0.0 ], [ 77.079456767102613, 28.878640633217447, 0.0 ], [ 77.079112376080872, 28.878334657154383, 0.0 ], [ 77.078085869060104, 28.877493314397469, 0.0 ], [ 77.077648983819529, 28.877175226031675, 0.0 ], [ 77.078075286645415, 28.876446815713994, 0.0 ], [ 77.078367638861735, 28.875684379597431, 0.0 ], [ 77.078707900522318, 28.875011432728552, 0.0 ], [ 77.078937948405752, 28.874466506526652, 0.0 ], [ 77.079009685620719, 28.874208245640091, 0.0 ], [ 77.079158918486726, 28.873466061536412, 0.0 ], [ 77.079232188848067, 28.873027317814103, 0.0 ], [ 77.079276598968804, 28.872683760301115, 0.0 ], [ 77.079241552285794, 28.871953442635501, 0.0 ], [ 77.079019703311673, 28.871880170885284, 0.0 ], [ 77.07882769808343, 28.87176132365747, 0.0 ], [ 77.078687830160248, 28.871686785723082, 0.0 ], [ 77.078464275508409, 28.87152782174368, 0.0 ], [ 77.077814113171115, 28.871050609615104, 0.0 ], [ 77.077390834002344, 28.870642079529304, 0.0 ], [ 77.077146160142547, 28.870451857545302, 0.0 ], [ 77.076847917728259, 28.870145163167926, 0.0 ], [ 77.076425274603878, 28.869768200282998, 0.0 ], [ 77.075991222068723, 28.869332763501003, 0.0 ], [ 77.075560323894294, 28.868798022891074, 0.0 ], [ 77.075443390363532, 28.868587784246323, 0.0 ], [ 77.075168714372595, 28.868176957721158, 0.0 ], [ 77.074962530663299, 28.867859818019834, 0.0 ], [ 77.074612350295354, 28.867517824694936, 0.0 ], [ 77.074550329265847, 28.867491710627, 0.0 ], [ 77.074432666766256, 28.867502545542536, 0.0 ], [ 77.074255403373414, 28.867609038358669, 0.0 ], [ 77.073682349965992, 28.867915615221026, 0.0 ], [ 77.072646981248639, 28.868427806791644, 0.0 ], [ 77.071887027925186, 28.868872596010384, 0.0 ], [ 77.071749764827842, 28.868928843854878, 0.0 ], [ 77.071646395948477, 28.86888531833555, 0.0 ], [ 77.071630488352142, 28.868858494464753, 0.0 ], [ 77.071417375996219, 28.868708379218557, 0.0 ], [ 77.070607471572202, 28.867926804280554, 0.0 ], [ 77.07028345740278, 28.867611467407666, 0.0 ], [ 77.069775388633303, 28.867835823280167, 0.0 ], [ 77.06951664632588, 28.867451808943787, 0.0 ], [ 77.069244856066035, 28.867185292224477, 0.0 ], [ 77.068904883929093, 28.867357437937887, 0.0 ], [ 77.068138009107358, 28.86771208232971, 0.0 ], [ 77.067569524974672, 28.867991495136458, 0.0 ], [ 77.066582324110186, 28.868349511371576, 0.0 ], [ 77.066161077756462, 28.868558987611454, 0.0 ], [ 77.06590659173024, 28.868648608410503, 0.0 ], [ 77.065294694531019, 28.868806866477893, 0.0 ], [ 77.06460349384497, 28.869101682489624, 0.0 ], [ 77.063706763073228, 28.869629728904098, 0.0 ], [ 77.062658005381394, 28.870245816058489, 0.0 ], [ 77.061685020027042, 28.870806597560474, 0.0 ], [ 77.061412075486899, 28.871000256206049, 0.0 ], [ 77.061159044035747, 28.871024050119367, 0.0 ], [ 77.061125588818754, 28.871027196433367, 0.0 ], [ 77.06097717824737, 28.871038489394341, 0.0 ], [ 77.060908519767622, 28.870935774295432, 0.0 ], [ 77.060906293794886, 28.870823021040948, 0.0 ], [ 77.060563902139918, 28.870354549725771, 0.0 ], [ 77.060230909080232, 28.870102485648214, 0.0 ], [ 77.05947390877779, 28.869401239160137, 0.0 ], [ 77.058745706888629, 28.86860029519918, 0.0 ], [ 77.058073817230792, 28.868055642884411, 0.0 ], [ 77.057811502203165, 28.867748354412743, 0.0 ], [ 77.057598022979406, 28.867318509143228, 0.0 ], [ 77.056893216973464, 28.866142741316629, 0.0 ], [ 77.05607429083318, 28.864896525873611, 0.0 ], [ 77.055222093127071, 28.863781645869508, 0.0 ], [ 77.054545017913313, 28.862970873943159, 0.0 ], [ 77.054347912091629, 28.862590399173879, 0.0 ], [ 77.053681501476333, 28.861278680645064, 0.0 ], [ 77.053133566294221, 28.859996734108034, 0.0 ], [ 77.052357122150042, 28.858560360707799, 0.0 ], [ 77.051667705180975, 28.857118146149027, 0.0 ], [ 77.051294815306875, 28.856135797720935, 0.0 ], [ 77.051148952131825, 28.855492869024385, 0.0 ], [ 77.051020041466586, 28.854669220899776, 0.0 ], [ 77.050305609303678, 28.853777783487889, 0.0 ], [ 77.048703826963134, 28.851537348664309, 0.0 ], [ 77.048000742225653, 28.850699862914048, 0.0 ], [ 77.047551514515945, 28.850002887639658, 0.0 ], [ 77.046603795305785, 28.848708932958885, 0.0 ], [ 77.045692750373973, 28.847455017352004, 0.0 ], [ 77.045468063697328, 28.846971180364008, 0.0 ], [ 77.045104542203305, 28.846200710041263, 0.0 ], [ 77.045047580500508, 28.84590832437485, 0.0 ], [ 77.045033893049776, 28.845732581315602, 0.0 ], [ 77.045057843406354, 28.844861491058989, 0.0 ], [ 77.045226269751439, 28.844827355490008, 0.0 ], [ 77.045277583920111, 28.844831088197335, 0.0 ], [ 77.045302753902192, 28.844808148947433, 0.0 ], [ 77.045290660747668, 28.844451920788853, 0.0 ], [ 77.045343925004005, 28.843769870225628, 0.0 ], [ 77.045306672525314, 28.842651572862703, 0.0 ], [ 77.045240273939882, 28.841614925380281, 0.0 ], [ 77.045129536451682, 28.840930850713622, 0.0 ], [ 77.045018789313602, 28.840770114105858, 0.0 ], [ 77.044944693654173, 28.84064942634949, 0.0 ], [ 77.044856555409936, 28.840596624791974, 0.0 ], [ 77.044738476320447, 28.840584880713987, 0.0 ], [ 77.044543122624845, 28.840551750286778, 0.0 ], [ 77.044516987063659, 28.840263407628814, 0.0 ], [ 77.044494117095269, 28.840141942655396, 0.0 ], [ 77.044425674318077, 28.840048237923401, 0.0 ], [ 77.044118958076979, 28.839822799445557, 0.0 ], [ 77.043834939711033, 28.839709803931729, 0.0 ], [ 77.043508794153752, 28.83953879667262, 0.0 ], [ 77.043221866410278, 28.83927696339769, 0.0 ], [ 77.042652873735364, 28.838739686650033, 0.0 ], [ 77.042356059934292, 28.838496047491503, 0.0 ], [ 77.042089537394617, 28.838229390959075, 0.0 ], [ 77.041841482282521, 28.837858687969835, 0.0 ], [ 77.041891572118786, 28.83753760968921, 0.0 ], [ 77.041981406241277, 28.837152767181497, 0.0 ], [ 77.042097908989632, 28.836821660328756, 0.0 ], [ 77.042279676100364, 28.836421891424095, 0.0 ], [ 77.042565208293212, 28.83608822377413, 0.0 ], [ 77.04265838625858, 28.835874769770264, 0.0 ], [ 77.042711383059796, 28.835702527732114, 0.0 ], [ 77.042744770126987, 28.835575698477381, 0.0 ], [ 77.04272163895763, 28.835440702552599, 0.0 ], [ 77.042554041357292, 28.834992085593555, 0.0 ], [ 77.042538865327614, 28.834739668625961, 0.0 ], [ 77.042583478283703, 28.834400627406687, 0.0 ], [ 77.042606355824745, 28.834260422627388, 0.0 ], [ 77.042589933484962, 28.834206533883407, 0.0 ], [ 77.042413317326805, 28.834082883625694, 0.0 ], [ 77.041585966795608, 28.833432213099105, 0.0 ], [ 77.041173141676254, 28.833018887360584, 0.0 ], [ 77.040793865463996, 28.832749422541777, 0.0 ], [ 77.040411601901681, 28.832326608489442, 0.0 ], [ 77.040232263195733, 28.832063139706992, 0.0 ], [ 77.03966592488726, 28.832184494559662, 0.0 ], [ 77.038949093253621, 28.832470539322838, 0.0 ], [ 77.038628344817397, 28.832574642575228, 0.0 ], [ 77.037772397469368, 28.833083849070498, 0.0 ], [ 77.037565206458197, 28.833231349280943, 0.0 ], [ 77.036489265257956, 28.833757407735128, 0.0 ], [ 77.034888634434921, 28.834440256311716, 0.0 ], [ 77.034147476968045, 28.834794316554291, 0.0 ], [ 77.033708993562854, 28.834904695286184, 0.0 ], [ 77.033450835641915, 28.835066492966639, 0.0 ], [ 77.033361005573099, 28.835189659381328, 0.0 ], [ 77.033245477474381, 28.835308702009456, 0.0 ], [ 77.033078112768138, 28.835396945548528, 0.0 ], [ 77.031900596186517, 28.835707943644426, 0.0 ], [ 77.031329369727629, 28.83584287350709, 0.0 ], [ 77.030991655413658, 28.835866005929223, 0.0 ], [ 77.029851471437013, 28.836253121390552, 0.0 ], [ 77.029465074145151, 28.836407818823705, 0.0 ], [ 77.029021368177482, 28.836513749909162, 0.0 ], [ 77.028770116650009, 28.83650399515777, 0.0 ], [ 77.028313581697077, 28.836740952976729, 0.0 ], [ 77.02814674146282, 28.836796944129631, 0.0 ], [ 77.028074323021627, 28.836821249229391, 0.0 ], [ 77.027594361128777, 28.837171344590459, 0.0 ], [ 77.026565910342399, 28.83777330860724, 0.0 ], [ 77.026080201767172, 28.83809190571165, 0.0 ], [ 77.025802410026728, 28.838299099867175, 0.0 ], [ 77.025520977134207, 28.838583045430642, 0.0 ], [ 77.025318444010367, 28.838707899833494, 0.0 ], [ 77.025109651387666, 28.838774197737102, 0.0 ], [ 77.02456531795427, 28.838976369976049, 0.0 ], [ 77.02413766111151, 28.839118135723655, 0.0 ], [ 77.02355642006799, 28.839266718156814, 0.0 ], [ 77.023542150995368, 28.839272980348632, 0.0 ], [ 77.023332870631023, 28.839364816190518, 0.0 ], [ 77.022723832150632, 28.839401022483294, 0.0 ], [ 77.021637104928999, 28.839376715052012, 0.0 ], [ 77.020892705085217, 28.83930215265611, 0.0 ], [ 77.02023765406777, 28.839343549920013, 0.0 ], [ 77.019348537463713, 28.839469656507088, 0.0 ], [ 77.018091131046475, 28.839628340075674, 0.0 ], [ 77.016876091431726, 28.839858563360657, 0.0 ], [ 77.01569993756344, 28.839979915626969, 0.0 ], [ 77.01501466370199, 28.84004880827403, 0.0 ], [ 77.014343452645122, 28.840049813509257, 0.0 ], [ 77.012720511995354, 28.840119163637056, 0.0 ], [ 77.011033756581952, 28.840067633046239, 0.0 ], [ 77.010716850709301, 28.840640819925106, 0.0 ], [ 77.009983211380188, 28.840593106434774, 0.0 ], [ 77.008876931496502, 28.840618614994167, 0.0 ], [ 77.007869017550348, 28.840696790146826, 0.0 ], [ 77.007443939234477, 28.840707630568943, 0.0 ], [ 77.007079030719723, 28.840649899601626, 0.0 ], [ 77.006590317507261, 28.840548894564041, 0.0 ], [ 77.006034494336262, 28.840421816455969, 0.0 ], [ 77.005916850787941, 28.840432589549813, 0.0 ], [ 77.004983715323192, 28.840135166842259, 0.0 ], [ 77.004262160560785, 28.839915801831587, 0.0 ], [ 77.003058581580561, 28.839676524009299, 0.0 ], [ 77.002060163758941, 28.839447724633779, 0.0 ], [ 77.001414074798589, 28.839155037007611, 0.0 ], [ 77.000375578430479, 28.838705751116429, 0.0 ], [ 77.000221216299423, 28.838671947215275, 0.0 ], [ 77.000035760472173, 28.838351309632451, 0.0 ], [ 76.99950822041599, 28.838022018814687, 0.0 ], [ 76.99927552073845, 28.837876766315972, 0.0 ], [ 76.99810112859862, 28.838394999179535, 0.0 ], [ 76.997328211453464, 28.838664007275167, 0.0 ], [ 76.997093652906059, 28.838808033145128, 0.0 ], [ 76.996377167310285, 28.839145058992823, 0.0 ], [ 76.995792900240588, 28.839331398653314, 0.0 ], [ 76.995087631051362, 28.839442984180671, 0.0 ], [ 76.994814158993833, 28.839509461371307, 0.0 ], [ 76.994324794114576, 28.839219365769598, 0.0 ], [ 76.993481701164328, 28.838930871620583, 0.0 ], [ 76.993058812718772, 28.838759593612782, 0.0 ], [ 76.992765270050725, 28.838634592540092, 0.0 ], [ 76.992396979787003, 28.838404037094381, 0.0 ], [ 76.99165205091883, 28.838002166723619, 0.0 ], [ 76.991510819243672, 28.837882341715801, 0.0 ], [ 76.991368391805182, 28.837761501799122, 0.0 ], [ 76.991150729494606, 28.837519052035859, 0.0 ], [ 76.991096540700312, 28.83745869209287, 0.0 ], [ 76.990432635662927, 28.83705554655489, 0.0 ], [ 76.990020150143593, 28.836718834325936, 0.0 ], [ 76.989462635699496, 28.836296399573332, 0.0 ], [ 76.988807668855557, 28.835876427567026, 0.0 ], [ 76.988021090075208, 28.835584575123736, 0.0 ], [ 76.987776050771146, 28.835547829281353, 0.0 ], [ 76.987239514485736, 28.835297335827828, 0.0 ], [ 76.987212556491414, 28.835234175537025, 0.0 ], [ 76.987088785948984, 28.834944183388661, 0.0 ], [ 76.986940766212697, 28.834554838813727, 0.0 ], [ 76.986857059125143, 28.834157934211884, 0.0 ], [ 76.986783098598409, 28.833401741957005, 0.0 ], [ 76.986677098727512, 28.832707266153669, 0.0 ], [ 76.986538265240796, 28.83197941845313, 0.0 ], [ 76.986297951382255, 28.831261320562227, 0.0 ], [ 76.986111161971465, 28.830798936088865, 0.0 ], [ 76.98609169238523, 28.830750740795459, 0.0 ], [ 76.986036114128439, 28.830343362723905, 0.0 ], [ 76.985913260944116, 28.829392956988944, 0.0 ], [ 76.985140259828938, 28.82803619873189, 0.0 ], [ 76.984433459684851, 28.827073498861647, 0.0 ], [ 76.983762630446691, 28.826296603943465, 0.0 ], [ 76.983208221987297, 28.825007622697477, 0.0 ], [ 76.982821589497163, 28.824146436385679, 0.0 ], [ 76.981850806533075, 28.823092403804036, 0.0 ], [ 76.980556756616238, 28.821864551626305, 0.0 ], [ 76.979986226968819, 28.821449736853218, 0.0 ], [ 76.979687296424942, 28.821232390599118, 0.0 ], [ 76.978964797728651, 28.821415747655276, 0.0 ], [ 76.978397157459526, 28.821746798417951, 0.0 ], [ 76.977387411427017, 28.822673396785696, 0.0 ], [ 76.977382677812827, 28.822677735071213, 0.0 ], [ 76.976682845173769, 28.822216136036953, 0.0 ], [ 76.976675866542124, 28.822223841632287, 0.0 ], [ 76.976090942500676, 28.822869739580625, 0.0 ], [ 76.976017064981292, 28.822951317991645, 0.0 ], [ 76.976015697824266, 28.82295336111028, 0.0 ], [ 76.975370624323659, 28.823917091752204, 0.0 ], [ 76.975246316938069, 28.824717863297582, 0.0 ], [ 76.974793722859573, 28.825340190763775, 0.0 ], [ 76.973843355749068, 28.826173161880064, 0.0 ], [ 76.973081804938701, 28.826847630539852, 0.0 ], [ 76.973077957626842, 28.826849307546809, 0.0 ], [ 76.972262260299004, 28.827204928651728, 0.0 ], [ 76.970599597811997, 28.827467665992646, 0.0 ], [ 76.969622151793999, 28.827600449649481, 0.0 ], [ 76.967011281350125, 28.828050703349369, 0.0 ], [ 76.966927233292196, 28.827186853703132, 0.0 ], [ 76.965762595746014, 28.827229892221855, 0.0 ], [ 76.965639374927349, 28.826487074241662, 0.0 ], [ 76.965440481735087, 28.825512465748794, 0.0 ], [ 76.964319552257962, 28.82545712276487, 0.0 ], [ 76.964264411937435, 28.824661582956651, 0.0 ], [ 76.964692751928453, 28.824178691183942, 0.0 ], [ 76.963692628460691, 28.822704157217949, 0.0 ], [ 76.963474089069209, 28.822261716796618, 0.0 ], [ 76.963623237651419, 28.821867692672463, 0.0 ], [ 76.964289709049226, 28.821110013126059, 0.0 ], [ 76.964786347916487, 28.820565378792537, 0.0 ], [ 76.964872984811748, 28.820395702168309, 0.0 ], [ 76.963975937345197, 28.818526162318037, 0.0 ], [ 76.963687669239405, 28.818010026974857, 0.0 ], [ 76.963323000124433, 28.817289165081203, 0.0 ], [ 76.962478158713253, 28.815948796772862, 0.0 ], [ 76.961796563792845, 28.81487367138616, 0.0 ], [ 76.961755955692439, 28.814809617778444, 0.0 ], [ 76.960439704955135, 28.815341366589251, 0.0 ], [ 76.959738563610145, 28.815493485752469, 0.0 ], [ 76.95897805617895, 28.815567612276514, 0.0 ], [ 76.958366758891586, 28.815807388437324, 0.0 ], [ 76.958361648059665, 28.815810063665666, 0.0 ], [ 76.95803575794352, 28.815980648741238, 0.0 ], [ 76.957040910866027, 28.8165013889978, 0.0 ], [ 76.95572634764865, 28.816969941813724, 0.0 ], [ 76.954879743427966, 28.817006108493334, 0.0 ], [ 76.953468467080441, 28.817450016895265, 0.0 ], [ 76.952535626125368, 28.817827361815215, 0.0 ], [ 76.951738378037248, 28.817932262981472, 0.0 ], [ 76.951013996919869, 28.818183142572629, 0.0 ], [ 76.95083005468382, 28.817976118890687, 0.0 ], [ 76.950424787068883, 28.817430384274683, 0.0 ], [ 76.949909565254416, 28.816783009642855, 0.0 ], [ 76.949379770340329, 28.816293295220728, 0.0 ], [ 76.948967163920642, 28.815828642573926, 0.0 ], [ 76.948515363292756, 28.815485019033733, 0.0 ], [ 76.948354561411762, 28.815368755288109, 0.0 ], [ 76.94820871212255, 28.815081296459912, 0.0 ], [ 76.948070917402404, 28.814500630442478, 0.0 ], [ 76.947888059951836, 28.814067950084279, 0.0 ], [ 76.947600166974667, 28.813727814409742, 0.0 ], [ 76.947203726572852, 28.813421472728461, 0.0 ], [ 76.947004433954419, 28.813214116780905, 0.0 ], [ 76.946942561608452, 28.813041284432149, 0.0 ], [ 76.946900764840962, 28.812697365330838, 0.0 ], [ 76.946734682765268, 28.812400446399373, 0.0 ], [ 76.946407311761519, 28.812005303849709, 0.0 ], [ 76.946142271132217, 28.811579895203042, 0.0 ], [ 76.945914075358061, 28.811119163181537, 0.0 ], [ 76.945756840979755, 28.81068702570094, 0.0 ], [ 76.945724758366225, 28.810176311803755, 0.0 ], [ 76.945736985198479, 28.810104356237453, 0.0 ], [ 76.945957473370626, 28.809540352462832, 0.0 ], [ 76.946266512227069, 28.808924074392134, 0.0 ], [ 76.946342638828042, 28.808578154255493, 0.0 ], [ 76.946407003499104, 28.807541413020068, 0.0 ], [ 76.946358275963973, 28.806890424230488, 0.0 ], [ 76.946283771359347, 28.806618023309962, 0.0 ], [ 76.946135668165851, 28.806226700496172, 0.0 ], [ 76.945930239268023, 28.805870263231395, 0.0 ], [ 76.945581337488463, 28.8051406553253, 0.0 ], [ 76.945229551824411, 28.804329740604494, 0.0 ], [ 76.944874917380844, 28.803622575485846, 0.0 ], [ 76.944524949750644, 28.803118619700239, 0.0 ], [ 76.944248826046959, 28.802724561648894, 0.0 ], [ 76.943715794513565, 28.801796935314307, 0.0 ], [ 76.943115047219422, 28.800723426471421, 0.0 ], [ 76.942513689985887, 28.799672469528517, 0.0 ], [ 76.94189232568155, 28.798664237517507, 0.0 ], [ 76.941890741807626, 28.79866166951847, 0.0 ], [ 76.941551106259936, 28.79852803775449, 0.0 ], [ 76.940342112017206, 28.798610537932113, 0.0 ], [ 76.939133116167127, 28.798693028960393, 0.0 ], [ 76.938362967443879, 28.7987487846001, 0.0 ], [ 76.937592814951856, 28.798804534633373, 0.0 ], [ 76.936370389938844, 28.798909284441599, 0.0 ], [ 76.935562461944556, 28.799034175785931, 0.0 ], [ 76.933441182358479, 28.799401763225042, 0.0 ], [ 76.931272421600994, 28.799725421707908, 0.0 ], [ 76.929103646500693, 28.800049046887025, 0.0 ], [ 76.927976694390054, 28.800221217157819, 0.0 ], [ 76.926849738066537, 28.800393381253603, 0.0 ], [ 76.926412070458895, 28.800469746850904, 0.0 ], [ 76.925974400231254, 28.800546111201129, 0.0 ], [ 76.925156331343189, 28.800666212569812, 0.0 ], [ 76.924338258767619, 28.80078631060757, 0.0 ], [ 76.923843379964552, 28.800893034889544, 0.0 ], [ 76.923348501351072, 28.800999757641776, 0.0 ], [ 76.923266563063819, 28.800997998831654, 0.0 ], [ 76.923184623783612, 28.800996238126167, 0.0 ], [ 76.923175380602387, 28.800959929801373, 0.0 ], [ 76.923166138421905, 28.80092362332736, 0.0 ], [ 76.923028552266246, 28.800618257726963, 0.0 ], [ 76.922890970973299, 28.800312891019043, 0.0 ], [ 76.922704486188707, 28.800108030173899, 0.0 ], [ 76.922518004101207, 28.799903169082754, 0.0 ], [ 76.922183884754716, 28.799663539146763, 0.0 ], [ 76.921849764617065, 28.799423908378859, 0.0 ], [ 76.921320173662323, 28.799119141032772, 0.0 ], [ 76.920790585285843, 28.798814372698036, 0.0 ], [ 76.920419502801892, 28.798522037028921, 0.0 ], [ 76.920048422066046, 28.798229700359148, 0.0 ], [ 76.919858324042096, 28.798016858188028, 0.0 ], [ 76.919668228728753, 28.797804016673673, 0.0 ], [ 76.919288038022202, 28.797378330871403, 0.0 ], [ 76.919049043133342, 28.797219727047281, 0.0 ], [ 76.918810048855391, 28.797061122824935, 0.0 ], [ 76.918405500081008, 28.796867361246502, 0.0 ], [ 76.918009504880828, 28.796734715694598, 0.0 ], [ 76.917613509486443, 28.796602069113511, 0.0 ], [ 76.917145884874856, 28.796465622220843, 0.0 ], [ 76.916678262332198, 28.796329173950696, 0.0 ], [ 76.916286452949763, 28.796230466460607, 0.0 ], [ 76.915894643195429, 28.796131756141325, 0.0 ], [ 76.915406664457038, 28.795990352342077, 0.0 ], [ 76.914764196060091, 28.795692155321799, 0.0 ], [ 76.914186872063851, 28.795354736229857, 0.0 ], [ 76.91360954808475, 28.795017314807723, 0.0 ], [ 76.913150950395604, 28.794648598779244, 0.0 ], [ 76.912692353327131, 28.794279882090233, 0.0 ], [ 76.912400455281116, 28.793888683950257, 0.0 ], [ 76.912122349417032, 28.793515966761383, 0.0 ], [ 76.912108558034632, 28.793497485007379, 0.0 ], [ 76.911857998198585, 28.793495587098278, 0.0 ], [ 76.911607437352288, 28.793493687859907, 0.0 ], [ 76.911243723345109, 28.793582886711224, 0.0 ], [ 76.910880010919158, 28.79367208384598, 0.0 ], [ 76.910419062710389, 28.793756926242452, 0.0 ], [ 76.909958114912101, 28.793841767318913, 0.0 ], [ 76.909336738767436, 28.793891547756317, 0.0 ], [ 76.90877141724485, 28.794136622459209, 0.0 ], [ 76.908206091431182, 28.794381694108903, 0.0 ], [ 76.907833371986726, 28.794518082579653, 0.0 ], [ 76.907460654867918, 28.794654469295185, 0.0 ], [ 76.907006315324097, 28.794777809433906, 0.0 ], [ 76.906551972818747, 28.794901147300219, 0.0 ], [ 76.90628879988742, 28.794967679943483, 0.0 ], [ 76.906025624592672, 28.795034212106259, 0.0 ], [ 76.9057612231897, 28.794960795797756, 0.0 ], [ 76.905496823163105, 28.794887378146782, 0.0 ], [ 76.90529511327405, 28.794862707958728, 0.0 ], [ 76.905093404505877, 28.79483803753541, 0.0 ], [ 76.90472925765097, 28.794850478318761, 0.0 ], [ 76.904365109659594, 28.794862919169315, 0.0 ], [ 76.90405272063191, 28.794948695601253, 0.0 ], [ 76.903740331218188, 28.795034469577605, 0.0 ], [ 76.903498755222927, 28.795153372096784, 0.0 ], [ 76.90325717568858, 28.795272272334145, 0.0 ], [ 76.903019541815425, 28.795341607187826, 0.0 ], [ 76.902781906590391, 28.795410943493799, 0.0 ], [ 76.902618317015069, 28.795581179822435, 0.0 ], [ 76.902454728031742, 28.795751415956619, 0.0 ], [ 76.902110414600855, 28.795879377009346, 0.0 ], [ 76.901766101546542, 28.796007335480876, 0.0 ], [ 76.901445356758259, 28.795841292267124, 0.0 ], [ 76.90080387086573, 28.795509201044869, 0.0 ], [ 76.900483128697914, 28.795343153932922, 0.0 ], [ 76.900329503045228, 28.795339829685979, 0.0 ], [ 76.899935871299377, 28.795674343609523, 0.0 ], [ 76.899542239490117, 28.796008857338418, 0.0 ], [ 76.899212509000648, 28.796256737343388, 0.0 ], [ 76.898882778188849, 28.796504618421743, 0.0 ], [ 76.898168282965045, 28.797319648028111, 0.0 ], [ 76.897326873711407, 28.79625651895002, 0.0 ], [ 76.896485483012512, 28.795193384595244, 0.0 ], [ 76.896433237022492, 28.795224698258927, 0.0 ], [ 76.896071190834164, 28.795441682879055, 0.0 ], [ 76.895656898061773, 28.795689979092462, 0.0 ], [ 76.89553242094081, 28.795743700333684, 0.0 ], [ 76.89540794472974, 28.795797422410203, 0.0 ], [ 76.894912933778841, 28.795908557853668, 0.0 ], [ 76.894184660227069, 28.796298991744248, 0.0 ], [ 76.893668357898733, 28.796621801442626, 0.0 ], [ 76.893037423205897, 28.796829281909911, 0.0 ], [ 76.891947966391101, 28.797491712453205, 0.0 ], [ 76.891343205819723, 28.797862243773388, 0.0 ], [ 76.890609227543578, 28.798455648200289, 0.0 ], [ 76.890289243943229, 28.798812046305923, 0.0 ], [ 76.889969256400761, 28.799168444439903, 0.0 ], [ 76.889729565246242, 28.799585261827882, 0.0 ], [ 76.889489870377275, 28.800002079448632, 0.0 ], [ 76.889317948433956, 28.800377489718432, 0.0 ], [ 76.889146026537219, 28.800752897759729, 0.0 ], [ 76.889088913021567, 28.801054069456239, 0.0 ], [ 76.889031801310168, 28.801355241024361, 0.0 ], [ 76.888799467791998, 28.801783499763168, 0.0 ], [ 76.888532861317586, 28.802154595463126, 0.0 ], [ 76.888266254335491, 28.802525688680181, 0.0 ], [ 76.888043048105246, 28.802902237111695, 0.0 ], [ 76.887819840451527, 28.803278787749651, 0.0 ], [ 76.887762753682466, 28.80348742946093, 0.0 ], [ 76.887705665680784, 28.803696071060269, 0.0 ], [ 76.887670927997362, 28.803930024792667, 0.0 ], [ 76.887636192287488, 28.804163977551681, 0.0 ], [ 76.887566615435873, 28.804361063912591, 0.0 ], [ 76.887497040467778, 28.804558149303375, 0.0 ], [ 76.887459362022483, 28.80480557866435, 0.0 ], [ 76.887421684444718, 28.805053008853115, 0.0 ], [ 76.88744277563633, 28.805306227932732, 0.0 ], [ 76.887463866868032, 28.805559448737927, 0.0 ], [ 76.887543664518532, 28.805820714232446, 0.0 ], [ 76.887623462482026, 28.80608198049201, 0.0 ], [ 76.88762318241443, 28.806366329788009, 0.0 ], [ 76.887622905421807, 28.806650680845674, 0.0 ], [ 76.887453876355423, 28.807105138612446, 0.0 ], [ 76.887284846097046, 28.807559594028838, 0.0 ], [ 76.887347987388807, 28.807958164451726, 0.0 ], [ 76.887411127119634, 28.808356729965418, 0.0 ], [ 76.887460276065241, 28.809346274612295, 0.0 ], [ 76.887372399809109, 28.809922103670853, 0.0 ], [ 76.887371953633973, 28.809925776331127, 0.0 ], [ 76.887339083809522, 28.810196707647457, 0.0 ], [ 76.887214542797807, 28.811349477545285, 0.0 ], [ 76.887173582179813, 28.812079788056973, 0.0 ], [ 76.887040619510486, 28.812618528075784, 0.0 ], [ 76.886445121859438, 28.813203632962868, 0.0 ], [ 76.885946738807391, 28.813614817621616, 0.0 ], [ 76.885814521928623, 28.813760891235418, 0.0 ], [ 76.885531281825877, 28.814449822250154, 0.0 ], [ 76.885248035409589, 28.815138753757218, 0.0 ], [ 76.885079207082455, 28.815311111628674, 0.0 ], [ 76.884910377245461, 28.815483469252978, 0.0 ], [ 76.884701331507102, 28.81562787012718, 0.0 ], [ 76.884492283177565, 28.81577227157009, 0.0 ], [ 76.884323895259215, 28.815928839736262, 0.0 ], [ 76.884155506892924, 28.816085408601577, 0.0 ], [ 76.884077158269434, 28.816320667277832, 0.0 ], [ 76.883998811453594, 28.816555924948759, 0.0 ], [ 76.883828554424198, 28.81668762784501, 0.0 ], [ 76.883658299115041, 28.816819330572223, 0.0 ], [ 76.883490573146815, 28.816860816162674, 0.0 ], [ 76.883322848061169, 28.816902303428076, 0.0 ], [ 76.883085627163538, 28.817046089668896, 0.0 ], [ 76.882848404721415, 28.817189873670323, 0.0 ], [ 76.882417334271878, 28.817575430436328, 0.0 ], [ 76.881986263271216, 28.817960984003964, 0.0 ], [ 76.881632183883397, 28.818068372386406, 0.0 ], [ 76.881278102864869, 28.818175759029245, 0.0 ], [ 76.880682178928112, 28.818408770981986, 0.0 ], [ 76.880086254788807, 28.818641782499657, 0.0 ], [ 76.87974512853414, 28.818835206106787, 0.0 ], [ 76.879404002279898, 28.819028628028772, 0.0 ], [ 76.8792323165423, 28.819119672426705, 0.0 ], [ 76.879177267046344, 28.819156123925985, 0.0 ], [ 76.878932038071255, 28.8193184968707, 0.0 ], [ 76.878631759655718, 28.819517321623145, 0.0 ], [ 76.877944400812424, 28.819538450362337, 0.0 ], [ 76.87777255976971, 28.81954373183104, 0.0 ], [ 76.877600719753246, 28.819549013135429, 0.0 ], [ 76.877257039699515, 28.819559574273715, 0.0 ], [ 76.876719169370389, 28.819550104722882, 0.0 ], [ 76.876181298105664, 28.819540632426563, 0.0 ], [ 76.875767226875567, 28.819685063248883, 0.0 ], [ 76.875353153640631, 28.819829492944883, 0.0 ], [ 76.875021903407855, 28.820126931937612, 0.0 ], [ 76.874690651610052, 28.820424369182501, 0.0 ], [ 76.874384265562114, 28.820566632906871, 0.0 ], [ 76.874077877840008, 28.820708893240973, 0.0 ], [ 76.873864701237579, 28.820817081646531, 0.0 ], [ 76.873688648337421, 28.820880941305433, 0.0 ], [ 76.873079764623668, 28.821391224658708, 0.0 ], [ 76.872659904751288, 28.821740888794508, 0.0 ], [ 76.872240041540948, 28.822090548857275, 0.0 ], [ 76.871707237303085, 28.822446768389746, 0.0 ], [ 76.871174426883314, 28.822802985878237, 0.0 ], [ 76.871147678036465, 28.822820798435171, 0.0 ], [ 76.870560698026253, 28.823211597587481, 0.0 ], [ 76.869946963045109, 28.823620206627318, 0.0 ], [ 76.869630697726564, 28.823748701597825, 0.0 ], [ 76.86947849475456, 28.823693469011907, 0.0 ], [ 76.869326291871872, 28.823638238109499, 0.0 ], [ 76.869036408007034, 28.823467156771088, 0.0 ], [ 76.868746523877604, 28.823296075755653, 0.0 ], [ 76.868441301623193, 28.823578271832456, 0.0 ], [ 76.868434244722778, 28.824465029681583, 0.0 ], [ 76.868424190114183, 28.825094451021549, 0.0 ], [ 76.86854179923894, 28.826013274162364, 0.0 ], [ 76.868659412210604, 28.82693209495244, 0.0 ], [ 76.868633746308021, 28.827297131328844, 0.0 ], [ 76.868586509990593, 28.828336470452303, 0.0 ], [ 76.868539271817752, 28.829375808680791, 0.0 ], [ 76.868500842614722, 28.830284446795705, 0.0 ], [ 76.868462413866709, 28.831193084479487, 0.0 ], [ 76.868422059937657, 28.832079111573925, 0.0 ], [ 76.868381702286101, 28.832965138221184, 0.0 ], [ 76.86837095000773, 28.83298295780866, 0.0 ], [ 76.86807394558339, 28.833518088451104, 0.0 ], [ 76.867582602350453, 28.834401023450408, 0.0 ], [ 76.867066815056674, 28.835423341656245, 0.0 ], [ 76.866633874459467, 28.836415875376499, 0.0 ], [ 76.866366238226121, 28.836908764720068, 0.0 ], [ 76.866098598801997, 28.837401654111847, 0.0 ], [ 76.866012833277338, 28.837625450991499, 0.0 ], [ 76.865927063117155, 28.837849254077472, 0.0 ], [ 76.865793521354931, 28.838767088952569, 0.0 ], [ 76.865707609197756, 28.839268465589154, 0.0 ], [ 76.865621696323018, 28.839769842681726, 0.0 ], [ 76.865316416954244, 28.840778703221567, 0.0 ], [ 76.865046487359024, 28.841443052026968, 0.0 ], [ 76.864776553785219, 28.84210740146192, 0.0 ], [ 76.864514287278254, 28.842681646546975, 0.0 ], [ 76.864252017278872, 28.843255891554371, 0.0 ], [ 76.864044335742591, 28.843621452375018, 0.0 ], [ 76.863836654000238, 28.843987013642671, 0.0 ], [ 76.863693036943133, 28.84453451556913, 0.0 ], [ 76.86347492895581, 28.844996889007231, 0.0 ], [ 76.863023782609673, 28.845905507083977, 0.0 ], [ 76.86247945526884, 28.846845934641596, 0.0 ], [ 76.862108978302899, 28.847257576624148, 0.0 ], [ 76.860771314971302, 28.848334079414208, 0.0 ], [ 76.859379184456969, 28.849341673036491, 0.0 ], [ 76.859011675038218, 28.849557034739529, 0.0 ], [ 76.858644164320083, 28.849772396438578, 0.0 ], [ 76.85800244292804, 28.850166794617316, 0.0 ], [ 76.857360717432044, 28.850561190882324, 0.0 ], [ 76.856881260358648, 28.85083728062957, 0.0 ], [ 76.856401798050854, 28.851113367836383, 0.0 ], [ 76.855987017354167, 28.851368306749922, 0.0 ], [ 76.855572234999002, 28.851623242647797, 0.0 ], [ 76.85509551444126, 28.851802345614281, 0.0 ], [ 76.854628974202512, 28.851983928917512, 0.0 ], [ 76.854162434703397, 28.852165509930472, 0.0 ], [ 76.853896218065259, 28.852333433589525, 0.0 ], [ 76.853630000706232, 28.85250135675912, 0.0 ], [ 76.853245566666644, 28.852770494168027, 0.0 ], [ 76.852861128899661, 28.853039629576124, 0.0 ], [ 76.851775512098655, 28.854080962248684, 0.0 ], [ 76.851092193277211, 28.854855805353758, 0.0 ], [ 76.850408864854273, 28.855630645444435, 0.0 ], [ 76.849566063160339, 28.856695349489421, 0.0 ], [ 76.848723243804187, 28.857760049908993, 0.0 ], [ 76.848182260207409, 28.858666640894043, 0.0 ], [ 76.847641266573305, 28.859573230482372, 0.0 ], [ 76.847504400575659, 28.859879392368452, 0.0 ], [ 76.847367533925706, 28.860185553065769, 0.0 ], [ 76.847303103795511, 28.860468483775836, 0.0 ], [ 76.84723867441258, 28.86075141434798, 0.0 ], [ 76.846891277980745, 28.860888201435067, 0.0 ], [ 76.846229019598354, 28.861189569397002, 0.0 ], [ 76.845566756956558, 28.861490934447723, 0.0 ], [ 76.845049051335039, 28.861666845438126, 0.0 ], [ 76.844531342162568, 28.861842754661645, 0.0 ], [ 76.844116882411811, 28.86190358703686, 0.0 ], [ 76.843702422277843, 28.861964417416075, 0.0 ], [ 76.843355725842429, 28.861986116627623, 0.0 ], [ 76.843009028197812, 28.862007816900061, 0.0 ], [ 76.842709084852899, 28.862098248584843, 0.0 ], [ 76.842409141093952, 28.862188678777375, 0.0 ], [ 76.842035664639752, 28.862340676289339, 0.0 ], [ 76.841662189329242, 28.862492673849221, 0.0 ], [ 76.84134669410065, 28.862228452155165, 0.0 ], [ 76.84083508338702, 28.862009556250108, 0.0 ], [ 76.840323472443458, 28.861790656755989, 0.0 ], [ 76.839503415137926, 28.861420520737781, 0.0 ], [ 76.838683363697953, 28.861050383061325, 0.0 ], [ 76.838190779683671, 28.860883802440199, 0.0 ], [ 76.83769819808046, 28.860717218444488, 0.0 ], [ 76.837364513861417, 28.860642150090268, 0.0 ], [ 76.837030829952781, 28.860567084697376, 0.0 ], [ 76.836824020912587, 28.860537694293452, 0.0 ], [ 76.836617214006068, 28.860508305495213, 0.0 ], [ 76.836338856159344, 28.860560835733704, 0.0 ], [ 76.836054749865966, 28.860455266784363, 0.0 ], [ 76.835770643014982, 28.860349697291657, 0.0 ], [ 76.83533275838289, 28.860242987207823, 0.0 ], [ 76.834894873439723, 28.860136276803065, 0.0 ], [ 76.834338875429566, 28.860126251583544, 0.0 ], [ 76.833782879591723, 28.860116224473497, 0.0 ], [ 76.833210417853863, 28.860144195255245, 0.0 ], [ 76.832637953752069, 28.860172164863485, 0.0 ], [ 76.831602278734849, 28.86035237477153, 0.0 ], [ 76.830566597584678, 28.860532577862021, 0.0 ], [ 76.829952486815714, 28.86067245149745, 0.0 ], [ 76.829338371467799, 28.860812325432093, 0.0 ], [ 76.828745910796471, 28.86091204911656, 0.0 ], [ 76.82809998482621, 28.860909036704509, 0.0 ], [ 76.827454058887412, 28.860906021685608, 0.0 ], [ 76.826986758651472, 28.860931783478271, 0.0 ], [ 76.826519459286033, 28.860957543009484, 0.0 ], [ 76.825908867951043, 28.861063626035719, 0.0 ], [ 76.825298276589365, 28.861169707651186, 0.0 ], [ 76.825166474324377, 28.861117139721323, 0.0 ], [ 76.824783638798834, 28.86087846912066, 0.0 ], [ 76.824400806782052, 28.860639799384469, 0.0 ], [ 76.823870030712868, 28.860375280461362, 0.0 ], [ 76.823339255866387, 28.860110759641543, 0.0 ], [ 76.823072302039208, 28.860122896023192, 0.0 ], [ 76.82279915427965, 28.860351541289951, 0.0 ], [ 76.821618106183195, 28.860952723609341, 0.0 ], [ 76.819746657783824, 28.861850006282502, 0.0 ], [ 76.819110305052547, 28.862228554706743, 0.0 ], [ 76.819079066762498, 28.862238933857832, 0.0 ], [ 76.81847360563421, 28.862440093914525, 0.0 ], [ 76.81710098864022, 28.863104688813003, 0.0 ], [ 76.815296467662748, 28.863989859709697, 0.0 ], [ 76.814344936419644, 28.864451651318252, 0.0 ], [ 76.814025438097133, 28.864507737565116, 0.0 ], [ 76.813853420858351, 28.864427183960895, 0.0 ], [ 76.813686943344536, 28.864689777363214, 0.0 ], [ 76.813529080694636, 28.864830697717423, 0.0 ], [ 76.813144596078473, 28.86500720135221, 0.0 ], [ 76.812209456925842, 28.865433235797347, 0.0 ], [ 76.811783328874142, 28.86563137522263, 0.0 ], [ 76.811585507797105, 28.865735297693231, 0.0 ], [ 76.811202644921607, 28.866033695887907, 0.0 ], [ 76.810384635276961, 28.866665430380475, 0.0 ], [ 76.809230966149528, 28.867736521247636, 0.0 ], [ 76.809469926076375, 28.867985569181865, 0.0 ], [ 76.811550874145723, 28.869977186700172, 0.0 ], [ 76.811868076667125, 28.870358860263512, 0.0 ], [ 76.812139161313681, 28.870739507902172, 0.0 ], [ 76.813319021383492, 28.87250794196467, 0.0 ], [ 76.814775435022668, 28.875004659916815, 0.0 ], [ 76.815051745283, 28.875561439600329, 0.0 ], [ 76.815304764668966, 28.876036460442759, 0.0 ], [ 76.815511534637409, 28.876514965678687, 0.0 ], [ 76.815663361134995, 28.876942601342556, 0.0 ], [ 76.815761792790127, 28.877265243063935, 0.0 ], [ 76.815808720774669, 28.877595765187976, 0.0 ], [ 76.81599676015891, 28.878191202679105, 0.0 ], [ 76.816269769856731, 28.878684717805687, 0.0 ], [ 76.816406535790279, 28.878922454335026, 0.0 ], [ 76.816490243042523, 28.879222200439198, 0.0 ], [ 76.816675185873308, 28.879925887928117, 0.0 ], [ 76.816856265433259, 28.880227796459444, 0.0 ], [ 76.817130578494343, 28.88067620171687, 0.0 ], [ 76.817425908922118, 28.881107021869379, 0.0 ], [ 76.817693161897566, 28.881622972674407, 0.0 ], [ 76.817822481888072, 28.881941783417048, 0.0 ], [ 76.818020492878375, 28.882189903228991, 0.0 ], [ 76.818110625670087, 28.882444654962082, 0.0 ], [ 76.818270392769861, 28.882953706428932, 0.0 ], [ 76.818316812390677, 28.883302267878452, 0.0 ], [ 76.818424686977849, 28.883832731041707, 0.0 ], [ 76.818518737541183, 28.884308727382578, 0.0 ], [ 76.818577302562346, 28.884770394665175, 0.0 ], [ 76.818660717682363, 28.885259693825741, 0.0 ], [ 76.818753479501993, 28.885780794431152, 0.0 ], [ 76.818820745801986, 28.886296814621726, 0.0 ], [ 76.818925826497349, 28.886745974017767, 0.0 ], [ 76.819026298456521, 28.887176976134178, 0.0 ], [ 76.81917750574307, 28.887627158644335, 0.0 ], [ 76.81941454861456, 28.888124377201841, 0.0 ], [ 76.819811550471428, 28.888408503923781, 0.0 ], [ 76.819979214837915, 28.888642406904477, 0.0 ], [ 76.820065653314444, 28.888847426650855, 0.0 ], [ 76.820165874506515, 28.889287449466497, 0.0 ], [ 76.820404733627115, 28.889721519732461, 0.0 ], [ 76.82070587285186, 28.890129890875393, 0.0 ], [ 76.820829869028231, 28.890277070374566, 0.0 ], [ 76.820865444716475, 28.89046742178693, 0.0 ], [ 76.821102372632339, 28.890969147422098, 0.0 ], [ 76.821196571151731, 28.891440628381201, 0.0 ], [ 76.821330737754607, 28.891949103439405, 0.0 ], [ 76.821458103354544, 28.892516099448169, 0.0 ], [ 76.821646625597268, 28.892917456494299, 0.0 ], [ 76.822033407662147, 28.893738440267011, 0.0 ], [ 76.822704675223108, 28.894475459838294, 0.0 ], [ 76.822945105942438, 28.894855399568552, 0.0 ], [ 76.823153879821433, 28.895266229735959, 0.0 ], [ 76.823654605765284, 28.896049110845897, 0.0 ], [ 76.824116876262167, 28.896921406234792, 0.0 ], [ 76.824348707740199, 28.897423011800313, 0.0 ], [ 76.824480223466949, 28.897845667270786, 0.0 ], [ 76.82462588408616, 28.898670323474153, 0.0 ], [ 76.824811977576275, 28.899157375499698, 0.0 ], [ 76.825246484712608, 28.899925242722961, 0.0 ], [ 76.825776450959097, 28.900762919735012, 0.0 ], [ 76.825929638932223, 28.901145433298307, 0.0 ], [ 76.825951075621731, 28.901331290562467, 0.0 ], [ 76.825995399991854, 28.901715571753929, 0.0 ], [ 76.825850199492393, 28.902488651183891, 0.0 ], [ 76.82574581091805, 28.902910592996211, 0.0 ], [ 76.825689069641271, 28.903459964667295, 0.0 ], [ 76.825692614725128, 28.903694736494085, 0.0 ], [ 76.825680006698988, 28.903956230953678, 0.0 ], [ 76.825746738511498, 28.904133729379446, 0.0 ], [ 76.825806023539016, 28.90439230075814, 0.0 ], [ 76.825902218944847, 28.904615585330106, 0.0 ], [ 76.825903056622352, 28.904945077663605, 0.0 ], [ 76.825838899404189, 28.905394988659452, 0.0 ], [ 76.82576462009429, 28.905840164093025, 0.0 ], [ 76.825759523200034, 28.906377137886551, 0.0 ], [ 76.825847982468048, 28.906871049344534, 0.0 ], [ 76.825910684426802, 28.907368904383024, 0.0 ], [ 76.826099408736084, 28.908302825708152, 0.0 ], [ 76.826264632511254, 28.908802949333058, 0.0 ], [ 76.826294550541164, 28.90919175781978, 0.0 ], [ 76.826291518237184, 28.909656562578441, 0.0 ], [ 76.826325014727573, 28.910099607602675, 0.0 ], [ 76.82642450718464, 28.910566681485321, 0.0 ], [ 76.826535926686503, 28.910975346725639, 0.0 ], [ 76.826884185087451, 28.911353147123059, 0.0 ], [ 76.826890505035223, 28.911849750242233, 0.0 ], [ 76.826890152245753, 28.912400367395502, 0.0 ], [ 76.826931229476926, 28.912757827552028, 0.0 ], [ 76.827010446004749, 28.91339595536661, 0.0 ], [ 76.827125097099582, 28.913865991286798, 0.0 ], [ 76.827134413903863, 28.913904189191626, 0.0 ], [ 76.827259579709846, 28.914908912328695, 0.0 ], [ 76.82710434636121, 28.915853268714223, 0.0 ], [ 76.826698106420451, 28.917144106806809, 0.0 ], [ 76.826290054447824, 28.918498090050541, 0.0 ], [ 76.825173193242378, 28.920779652570996, 0.0 ], [ 76.825134794262851, 28.920845359318111, 0.0 ], [ 76.824871137826619, 28.921296504229954, 0.0 ], [ 76.824174381386257, 28.922161163254938, 0.0 ], [ 76.822965994340365, 28.92351545434061, 0.0 ], [ 76.822508733549284, 28.923897977894885, 0.0 ], [ 76.822114542617754, 28.924227736249446, 0.0 ], [ 76.821967248003475, 28.9243553579091, 0.0 ], [ 76.821965619190749, 28.92477054297408, 0.0 ], [ 76.822095348723508, 28.925256338429975, 0.0 ], [ 76.82209436741276, 28.925648970258752, 0.0 ], [ 76.821909295547073, 28.92620000042713, 0.0 ], [ 76.821628876777638, 28.926676704110456, 0.0 ], [ 76.821127490783581, 28.927703639863534, 0.0 ], [ 76.820743628040773, 28.928746719776679, 0.0 ], [ 76.820442174734168, 28.929241008147457, 0.0 ], [ 76.82003309226981, 28.92955237718645, 0.0 ], [ 76.819643656628543, 28.929715244048069, 0.0 ], [ 76.819526036723275, 28.930060155374576, 0.0 ], [ 76.819420049318438, 28.930536209849222, 0.0 ], [ 76.819115220910248, 28.931147765084248, 0.0 ], [ 76.819008280978579, 28.931175003387516, 0.0 ], [ 76.818691440344438, 28.931255708499364, 0.0 ], [ 76.818027849144627, 28.931317709088411, 0.0 ], [ 76.817452710598133, 28.931336537971085, 0.0 ], [ 76.816915061929038, 28.931121508881319, 0.0 ], [ 76.816527992827048, 28.931022649998301, 0.0 ], [ 76.815762329870708, 28.931244853751348, 0.0 ], [ 76.814918331103939, 28.931514957902024, 0.0 ], [ 76.814403162982686, 28.931589265954756, 0.0 ], [ 76.813905241586355, 28.931420239308526, 0.0 ], [ 76.813406673895173, 28.931273763450413, 0.0 ], [ 76.81304270435831, 28.931085144200825, 0.0 ], [ 76.812814578808513, 28.930989809049212, 0.0 ], [ 76.811791611843361, 28.930524767753184, 0.0 ], [ 76.81057376944338, 28.930235915916089, 0.0 ], [ 76.809912053687555, 28.930054205803373, 0.0 ], [ 76.809322119356835, 28.929874089137957, 0.0 ], [ 76.80880091280936, 28.929623288310431, 0.0 ], [ 76.808232916140398, 28.929394010161634, 0.0 ], [ 76.807508649089783, 28.929247002231154, 0.0 ], [ 76.806848696595381, 28.929182660682379, 0.0 ], [ 76.806146692250763, 28.92915348744221, 0.0 ], [ 76.805517893130201, 28.929076293488393, 0.0 ], [ 76.804981250848527, 28.929005666444795, 0.0 ], [ 76.804374648385519, 28.928870288863546, 0.0 ], [ 76.803331420329116, 28.928576239311631, 0.0 ], [ 76.802145941806344, 28.928233876387853, 0.0 ], [ 76.800975275554009, 28.927733870573871, 0.0 ], [ 76.799914495200696, 28.927159580874957, 0.0 ], [ 76.798885397115541, 28.926554396231257, 0.0 ], [ 76.795561689670748, 28.92475607840252, 0.0 ], [ 76.794908545798478, 28.924457143043512, 0.0 ], [ 76.792316891671888, 28.924846004246152, 0.0 ], [ 76.790860681237746, 28.925140675610194, 0.0 ], [ 76.790830737107825, 28.925146735385557, 0.0 ], [ 76.78972617414847, 28.925379267046825, 0.0 ], [ 76.789258761924216, 28.925576413075095, 0.0 ], [ 76.788757323886585, 28.925885627969851, 0.0 ], [ 76.7878991676928, 28.926466676443507, 0.0 ], [ 76.78746988934023, 28.926763963347241, 0.0 ], [ 76.786849742133697, 28.92709759022868, 0.0 ], [ 76.785901663937935, 28.927771390801436, 0.0 ], [ 76.784882615872363, 28.928592530664098, 0.0 ], [ 76.783854704616502, 28.92918779944937, 0.0 ], [ 76.782743260775462, 28.92947879746265, 0.0 ], [ 76.781484435396109, 28.929721346152714, 0.0 ], [ 76.78023980626358, 28.930004821936233, 0.0 ], [ 76.779086673281256, 28.93031742080187, 0.0 ], [ 76.778715174272762, 28.930390315628866, 0.0 ], [ 76.778422693177802, 28.930568788834794, 0.0 ], [ 76.777952881454937, 28.930847084103238, 0.0 ], [ 76.777785189899774, 28.931321724391317, 0.0 ], [ 76.777769606092122, 28.931858455895881, 0.0 ], [ 76.777767889120454, 28.932977712269654, 0.0 ], [ 76.777785424569572, 28.933433948207412, 0.0 ], [ 76.777515970861955, 28.933879221604531, 0.0 ], [ 76.776984504985549, 28.934336657780204, 0.0 ], [ 76.775858148962428, 28.93478523330872, 0.0 ], [ 76.774863911368939, 28.935277389775564, 0.0 ], [ 76.774039794527553, 28.935917791102757, 0.0 ], [ 76.773520526995213, 28.936307789466561, 0.0 ], [ 76.773178217645153, 28.936787522111249, 0.0 ], [ 76.772883494133865, 28.937218676313528, 0.0 ], [ 76.772057503554862, 28.937746193014135, 0.0 ], [ 76.771661670087042, 28.938125423446547, 0.0 ], [ 76.771708128126321, 28.938997532050116, 0.0 ], [ 76.771593498945961, 28.939234154456123, 0.0 ], [ 76.77140353206353, 28.939414920574809, 0.0 ], [ 76.771221711097795, 28.939492067099057, 0.0 ], [ 76.771095371808457, 28.939602052884034, 0.0 ], [ 76.771076314355327, 28.939727996197735, 0.0 ], [ 76.77111407059553, 28.940193712703788, 0.0 ], [ 76.771137701035656, 28.940386610841017, 0.0 ], [ 76.771209428913679, 28.940972141938232, 0.0 ], [ 76.771326583138233, 28.9411778763927, 0.0 ], [ 76.771617688357949, 28.941577082246098, 0.0 ], [ 76.771924702963602, 28.941958594629806, 0.0 ], [ 76.772224098799427, 28.942425685652264, 0.0 ], [ 76.772533490486325, 28.942902027347635, 0.0 ], [ 76.772767676318267, 28.943318004279394, 0.0 ], [ 76.773027896113604, 28.943721025206035, 0.0 ], [ 76.773282464615377, 28.944141973215256, 0.0 ], [ 76.773726535173651, 28.945104259437628, 0.0 ], [ 76.774171137537493, 28.946048502660403, 0.0 ], [ 76.774599330404726, 28.947204496474573, 0.0 ], [ 76.774973601964788, 28.948097506959201, 0.0 ], [ 76.775021602534324, 28.94821141841399, 0.0 ], [ 76.774955233684082, 28.94855293085206, 0.0 ], [ 76.774656930578317, 28.948929847810223, 0.0 ], [ 76.774399780361236, 28.949303175982163, 0.0 ], [ 76.774042429241049, 28.949593012451828, 0.0 ], [ 76.77321741519529, 28.950260464133112, 0.0 ], [ 76.772776309025147, 28.950607084326002, 0.0 ], [ 76.771781260110274, 28.951121765188809, 0.0 ], [ 76.770829070788125, 28.951750234266317, 0.0 ], [ 76.769944455536205, 28.952348626870105, 0.0 ], [ 76.769484786070379, 28.952627121202969, 0.0 ], [ 76.769070087189348, 28.952947244704326, 0.0 ], [ 76.768167707447077, 28.953802480177949, 0.0 ], [ 76.767782320320933, 28.954172905065963, 0.0 ], [ 76.767163939868581, 28.954966834617725, 0.0 ], [ 76.766730949313711, 28.955561847267884, 0.0 ], [ 76.766113867951802, 28.956310669337569, 0.0 ], [ 76.765897826738652, 28.956680395074056, 0.0 ], [ 76.765579485999965, 28.957038786336199, 0.0 ], [ 76.765266664724223, 28.957383761867412, 0.0 ], [ 76.764975012020784, 28.957706649238244, 0.0 ], [ 76.764601304757363, 28.958027684109179, 0.0 ], [ 76.764275461298709, 28.958291125958322, 0.0 ], [ 76.763929759365126, 28.95853155374822, 0.0 ], [ 76.763690569810379, 28.958638988436132, 0.0 ], [ 76.763509761274918, 28.958856055356261, 0.0 ], [ 76.763192457022612, 28.959178360007265, 0.0 ], [ 76.76298837359117, 28.95931366388179, 0.0 ], [ 76.762803359693663, 28.959323028426176, 0.0 ], [ 76.762688298836224, 28.959397155426519, 0.0 ], [ 76.762617419051935, 28.959539978498341, 0.0 ], [ 76.762532466956316, 28.959813366437508, 0.0 ], [ 76.762338506325378, 28.959953411790654, 0.0 ], [ 76.761893113653883, 28.960444322339871, 0.0 ], [ 76.761755431832228, 28.960590150593472, 0.0 ], [ 76.761668763084884, 28.960922171678529, 0.0 ], [ 76.761513583116951, 28.961315829595051, 0.0 ], [ 76.761389429042737, 28.961877176824956, 0.0 ], [ 76.76109403138274, 28.963206413267311, 0.0 ], [ 76.760936606397649, 28.963676744402981, 0.0 ], [ 76.760663989717401, 28.964049697851269, 0.0 ], [ 76.760071549366344, 28.964654625032541, 0.0 ], [ 76.759835354102606, 28.96501034549372, 0.0 ], [ 76.759691989947001, 28.965526123546169, 0.0 ], [ 76.759044206435206, 28.965565647089434, 0.0 ], [ 76.758065170293307, 28.965525471054406, 0.0 ], [ 76.756532380536541, 28.965468254080541, 0.0 ], [ 76.755468799256477, 28.965335884408557, 0.0 ], [ 76.754220047449778, 28.965393384639235, 0.0 ], [ 76.753781364769608, 28.965302219983666, 0.0 ], [ 76.753488261404257, 28.965146650418607, 0.0 ], [ 76.753018677093976, 28.965059296062456, 0.0 ], [ 76.752742395192698, 28.96503047659191, 0.0 ], [ 76.752671255056185, 28.965006300572931, 0.0 ], [ 76.752605903612164, 28.964959689580873, 0.0 ], [ 76.752577244994299, 28.964886829554899, 0.0 ], [ 76.752280490878221, 28.964505514731631, 0.0 ], [ 76.752060269292798, 28.964139472476649, 0.0 ], [ 76.751784826197365, 28.963731558679825, 0.0 ], [ 76.75151162886894, 28.963246973460524, 0.0 ], [ 76.751152679193353, 28.962886813418855, 0.0 ], [ 76.75071946882187, 28.96242200970357, 0.0 ], [ 76.750501880359366, 28.9622388278503, 0.0 ], [ 76.750173026901805, 28.961605848815285, 0.0 ], [ 76.750111057649633, 28.961486567174898, 0.0 ], [ 76.749999964456023, 28.961386061121473, 0.0 ], [ 76.74609364242454, 28.961197006715384, 0.0 ], [ 76.743836881253785, 28.961316342185437, 0.0 ], [ 76.742416036736429, 28.961416871290805, 0.0 ], [ 76.741405727726558, 28.961616207650891, 0.0 ], [ 76.74052404919351, 28.962077095811519, 0.0 ], [ 76.73953478440572, 28.962750163629476, 0.0 ], [ 76.738493971386902, 28.963206689481513, 0.0 ], [ 76.737637688227295, 28.963586286632708, 0.0 ], [ 76.736643206076636, 28.96420065772719, 0.0 ], [ 76.73569993277043, 28.964760851188394, 0.0 ], [ 76.73377241179962, 28.965881201868079, 0.0 ], [ 76.732824136970791, 28.96661731465359, 0.0 ], [ 76.732034763085593, 28.967172790700459, 0.0 ], [ 76.731343052211699, 28.967949262437539, 0.0 ], [ 76.728119106837937, 28.970780351269031, 0.0 ], [ 76.726724570937691, 28.971584421321943, 0.0 ], [ 76.72606303004126, 28.971765358270961, 0.0 ], [ 76.726196602709251, 28.972004400401996, 0.0 ], [ 76.726561524449721, 28.97268525310831, 0.0 ], [ 76.726787634413796, 28.97309564034315, 0.0 ], [ 76.727280873446588, 28.973871219828705, 0.0 ], [ 76.727568787990421, 28.974511549397231, 0.0 ], [ 76.728154874750444, 28.975711043365784, 0.0 ], [ 76.728550849821247, 28.976671680638233, 0.0 ], [ 76.72894696734177, 28.977794654943374, 0.0 ], [ 76.729348240501437, 28.978881553477283, 0.0 ], [ 76.729934196304569, 28.979959217149236, 0.0 ], [ 76.730494408086756, 28.980852041135755, 0.0 ], [ 76.731044510229054, 28.981956872318044, 0.0 ], [ 76.73140934513782, 28.982579058392563, 0.0 ], [ 76.731569099098621, 28.983242143327548, 0.0 ], [ 76.731692596991365, 28.983589322003674, 0.0 ], [ 76.731939385284051, 28.984117012488923, 0.0 ], [ 76.732433258100414, 28.985411336795583, 0.0 ], [ 76.73251041160853, 28.985600746055901, 0.0 ], [ 76.732787692557253, 28.985789919793461, 0.0 ], [ 76.734344076399509, 28.987394671033126, 0.0 ], [ 76.73525294077524, 28.988111160008664, 0.0 ], [ 76.735920590672123, 28.988733210660961, 0.0 ], [ 76.736418852021103, 28.989210990378652, 0.0 ], [ 76.736814346611695, 28.989576036015603, 0.0 ], [ 76.735394545712708, 28.990948662439969, 0.0 ], [ 76.735235837121309, 28.991260047423314, 0.0 ], [ 76.735237110055493, 28.991272246654528, 0.0 ], [ 76.735323923601356, 28.992103533643512, 0.0 ], [ 76.735416700162418, 28.992477904842669, 0.0 ], [ 76.735427332248037, 28.992807225962917, 0.0 ], [ 76.735258735842706, 28.993565232060615, 0.0 ], [ 76.734603956856375, 28.99540632104026, 0.0 ], [ 76.734379072595985, 28.996254659624586, 0.0 ], [ 76.734251711369765, 28.9971163599077, 0.0 ], [ 76.73427274442642, 28.997626112449392, 0.0 ], [ 76.734334603783338, 28.997851628189483, 0.0 ], [ 76.734365480671897, 28.997973411432046, 0.0 ], [ 76.734442516790153, 28.998031975314571, 0.0 ], [ 76.734581164353926, 28.998085951592568, 0.0 ], [ 76.73466863745395, 28.998302475651627, 0.0 ], [ 76.73484885803812, 28.998915840415616, 0.0 ], [ 76.734967795172992, 28.999768314436341, 0.0 ], [ 76.735072074635923, 29.000001452448803, 0.0 ], [ 76.735184393510167, 29.000709583056342, 0.0 ], [ 76.735493880445915, 29.002184491960151, 0.0 ], [ 76.73558182767988, 29.002815919766864, 0.0 ], [ 76.735854819186031, 29.003826213952191, 0.0 ], [ 76.73589625052044, 29.004155495884792, 0.0 ], [ 76.736081762836122, 29.004881678130921, 0.0 ], [ 76.736334497808414, 29.006104018129186, 0.0 ], [ 76.73645816920525, 29.006532400410961, 0.0 ], [ 76.736556643361268, 29.00741202747108, 0.0 ], [ 76.735659125324872, 29.007913522310854, 0.0 ], [ 76.734776919883956, 29.008342806058899, 0.0 ], [ 76.734535771531782, 29.008397172704907, 0.0 ], [ 76.734253639718318, 29.00852371942268, 0.0 ], [ 76.732596722566569, 29.009188217442805, 0.0 ], [ 76.732160757889929, 29.009391549584741, 0.0 ], [ 76.730750213290662, 29.010100946320634, 0.0 ], [ 76.729559800078377, 29.010345477725156, 0.0 ], [ 76.728333465240382, 29.010553917178807, 0.0 ], [ 76.727574158334676, 29.010802631023147, 0.0 ], [ 76.726609650321393, 29.011033403686792, 0.0 ], [ 76.726312083120959, 29.011146417429771, 0.0 ], [ 76.726086567737156, 29.011462437053549, 0.0 ], [ 76.725712777158321, 29.012270173743762, 0.0 ], [ 76.725446193621082, 29.012586180752695, 0.0 ], [ 76.724846211120422, 29.013064836842947, 0.0 ], [ 76.724610311858555, 29.013281546691147, 0.0 ], [ 76.724046613855108, 29.014084950270217, 0.0 ], [ 76.723893125968729, 29.014621848619949, 0.0 ], [ 76.723236709327182, 29.015109522401406, 0.0 ], [ 76.722805836140651, 29.015362480409244, 0.0 ], [ 76.722256825733524, 29.015561363812949, 0.0 ], [ 76.721959473006677, 29.015886423375122, 0.0 ], [ 76.721862568156439, 29.016518065154184, 0.0 ], [ 76.721775804277925, 29.017086502763267, 0.0 ], [ 76.721638463896682, 29.018331738652382, 0.0 ], [ 76.721516190871156, 29.019346765441068, 0.0 ], [ 76.721511757901126, 29.02008216923219, 0.0 ], [ 76.72137831492293, 29.020095791069274, 0.0 ], [ 76.720988550766208, 29.020420856686624, 0.0 ], [ 76.719998750124986, 29.021238095030043, 0.0 ], [ 76.719044856106692, 29.021974102767381, 0.0 ], [ 76.718014194584086, 29.023134119093193, 0.0 ], [ 76.716552297252662, 29.024064480994824, 0.0 ], [ 76.715362140879407, 29.024796085001949, 0.0 ], [ 76.7145258963006, 29.02524324084024, 0.0 ], [ 76.713494642503576, 29.025744677634869, 0.0 ], [ 76.712873738157612, 29.025952655445685, 0.0 ], [ 76.711842394300135, 29.026269092737252, 0.0 ], [ 76.711159915533187, 29.026504105574659, 0.0 ], [ 76.709959219538931, 29.026974015862866, 0.0 ], [ 76.709220355931279, 29.027308367297159, 0.0 ], [ 76.708358351524538, 29.027615677053529, 0.0 ], [ 76.707527135653024, 29.027972489194021, 0.0 ], [ 76.706557286171517, 29.028365619357231, 0.0 ], [ 76.706182852968624, 29.02859136967081, 0.0 ], [ 76.70582890866514, 29.028889319547229, 0.0 ], [ 76.705500631272301, 29.029268517157696, 0.0 ], [ 76.704931522202273, 29.029981585001117, 0.0 ], [ 76.704398029464372, 29.030500729025746, 0.0 ], [ 76.703879895611479, 29.030879895020494, 0.0 ], [ 76.702838221960732, 29.031291056217274, 0.0 ], [ 76.702634204839484, 29.031446959677414, 0.0 ], [ 76.702632511767945, 29.031448251476327, 0.0 ], [ 76.702448321865234, 29.031589002400814, 0.0 ], [ 76.702053710741595, 29.032369690540662, 0.0 ], [ 76.701653748074463, 29.03300597533514, 0.0 ], [ 76.701053991011136, 29.03399427946427, 0.0 ], [ 76.700018405700163, 29.035844459199133, 0.0 ], [ 76.698998081839051, 29.037437440421183, 0.0 ], [ 76.698194097323821, 29.038803211036235, 0.0 ], [ 76.698137192357024, 29.038833873019321, 0.0 ], [ 76.69793144957039, 29.03894473301056, 0.0 ], [ 76.697402740714381, 29.038976684959483, 0.0 ], [ 76.696185803709184, 29.038598353896621, 0.0 ], [ 76.695389914596163, 29.03831007669195, 0.0 ], [ 76.694912571488416, 29.038305815873802, 0.0 ], [ 76.694465908421776, 29.038193240701457, 0.0 ], [ 76.693136153420923, 29.03794137655758, 0.0 ], [ 76.690060922431869, 29.03721209812333, 0.0 ], [ 76.68912672747021, 29.037370398731809, 0.0 ], [ 76.685041121734471, 29.038301645084172, 0.0 ], [ 76.682505580672455, 29.038866657773784, 0.0 ], [ 76.679518475122649, 29.039670898660376, 0.0 ], [ 76.678286572858298, 29.040014227968175, 0.0 ], [ 76.678218253144735, 29.040032057770336, 0.0 ], [ 76.677126603892518, 29.040316944790515, 0.0 ], [ 76.676172056095055, 29.040781950218118, 0.0 ], [ 76.675078800400527, 29.041242545370629, 0.0 ], [ 76.674293592574898, 29.041594704813214, 0.0 ], [ 76.673436471471391, 29.042028067999709, 0.0 ], [ 76.672907834784439, 29.042307986823989, 0.0 ], [ 76.67234341000146, 29.042718655708683, 0.0 ], [ 76.671419585329048, 29.043251287470476, 0.0 ], [ 76.670644687797193, 29.043824471673258, 0.0 ], [ 76.668945789526575, 29.044704763593128, 0.0 ], [ 76.667965490676281, 29.045093060363484, 0.0 ], [ 76.666446152606454, 29.045819850078573, 0.0 ], [ 76.665060383823587, 29.04653305437326, 0.0 ], [ 76.663900311116848, 29.046970928451088, 0.0 ], [ 76.662776295265516, 29.047589272853632, 0.0 ], [ 76.662432413173192, 29.047828514938502, 0.0 ], [ 76.661760062677814, 29.048410666770184, 0.0 ], [ 76.660923424174797, 29.04898826222896, 0.0 ], [ 76.658942280001028, 29.050441418368745, 0.0 ], [ 76.658187710804086, 29.050951386347556, 0.0 ], [ 76.657438418534554, 29.051560547884968, 0.0 ], [ 76.656119242926252, 29.052548792114482, 0.0 ], [ 76.655313392306255, 29.053180568051275, 0.0 ], [ 76.653496304321337, 29.054543371803298, 0.0 ], [ 76.653383447158163, 29.05469221297156, 0.0 ], [ 76.65333967753881, 29.054717041680551, 0.0 ], [ 76.652905997873901, 29.054963035626187, 0.0 ], [ 76.65260822641271, 29.055089335176923, 0.0 ], [ 76.652099895961044, 29.054602257263163, 0.0 ], [ 76.6512679026889, 29.053718224834046, 0.0 ], [ 76.651062555256715, 29.053605515430711, 0.0 ], [ 76.649624937839107, 29.053520047773489, 0.0 ], [ 76.647509630261254, 29.053416711767905, 0.0 ], [ 76.647381313700748, 29.053258833826263, 0.0 ], [ 76.647175809536577, 29.052825772970063, 0.0 ], [ 76.647006350094387, 29.052482956758841, 0.0 ], [ 76.646713662963876, 29.052243984482899, 0.0 ], [ 76.646636635076817, 29.052095132414628, 0.0 ], [ 76.646297777386792, 29.052207936353216, 0.0 ], [ 76.646035872205758, 29.052077143251246, 0.0 ], [ 76.645650851383138, 29.052018605781704, 0.0 ], [ 76.645106650770373, 29.05206371928486, 0.0 ], [ 76.64410045257199, 29.05222178129085, 0.0 ], [ 76.643525399110004, 29.052406865318737, 0.0 ], [ 76.643012054540904, 29.05247460326359, 0.0 ], [ 76.64273995382689, 29.052452033703474, 0.0 ], [ 76.642385689849121, 29.052312256797972, 0.0 ], [ 76.64176954523569, 29.052023628721429, 0.0 ], [ 76.641379309881358, 29.051947003543013, 0.0 ], [ 76.640953211005822, 29.051992188908333, 0.0 ], [ 76.640419334143829, 29.052177206983966, 0.0 ], [ 76.639649220931332, 29.052321615085933, 0.0 ], [ 76.638740530681716, 29.052411939830243, 0.0 ], [ 76.638129625006357, 29.052434555982586, 0.0 ], [ 76.637066846151484, 29.052574487392995, 0.0 ], [ 76.637063674612463, 29.052586034758598, 0.0 ], [ 76.637030914466223, 29.052705321414862, 0.0 ], [ 76.636389228512954, 29.053341482733639, 0.0 ], [ 76.635798814558413, 29.053296430095173, 0.0 ], [ 76.635316241121387, 29.053720478397537, 0.0 ], [ 76.634458845535093, 29.053743104593096, 0.0 ], [ 76.633868496936543, 29.054451451641601, 0.0 ], [ 76.632636337056383, 29.054239490350479, 0.0 ], [ 76.63194326384918, 29.054334276910438, 0.0 ], [ 76.631296348245755, 29.054451601462613, 0.0 ], [ 76.629581503839816, 29.054122390852431, 0.0 ], [ 76.627733237731931, 29.054262306178316, 0.0 ], [ 76.626418936415973, 29.053932980162148, 0.0 ], [ 76.625135430355044, 29.054027756495923, 0.0 ], [ 76.624252307439562, 29.054519421019208, 0.0 ], [ 76.623071459979343, 29.055182617883425, 0.0 ], [ 76.620232273506886, 29.054546437639559, 0.0 ], [ 76.619559725521398, 29.054568992004231, 0.0 ], [ 76.619025712711974, 29.055038092073346, 0.0 ], [ 76.618676652105805, 29.055322316008013, 0.0 ], [ 76.618142608440536, 29.055579441486874, 0.0 ], [ 76.615811696871461, 29.055818409103733, 0.0 ], [ 76.610374597681513, 29.056029936227308, 0.0 ], [ 76.609460682476552, 29.056052447957899, 0.0 ], [ 76.607478921812387, 29.056079263236334, 0.0 ], [ 76.606272257008897, 29.056291153240728, 0.0 ], [ 76.605096446739196, 29.056665366855142, 0.0 ], [ 76.603889838015604, 29.056994548659215, 0.0 ], [ 76.601610087746195, 29.057936985228935, 0.0 ], [ 76.599310136877804, 29.057160637846881, 0.0 ], [ 76.598663142488888, 29.057349999052395, 0.0 ], [ 76.59738396798339, 29.058231484390628, 0.0 ], [ 76.597335545325947, 29.058264852726541, 0.0 ], [ 76.596922294741731, 29.058549620314139, 0.0 ], [ 76.596413938323025, 29.058878818579018, 0.0 ], [ 76.595823415685885, 29.05906821631045, 0.0 ], [ 76.595422813067316, 29.059492143167013, 0.0 ], [ 76.595181341076369, 29.059938725452504, 0.0 ], [ 76.594693518257245, 29.060128070145971, 0.0 ], [ 76.594185187039628, 29.060479820557532, 0.0 ], [ 76.592983656498888, 29.060596868945538, 0.0 ], [ 76.59051920701117, 29.060478914731281, 0.0 ], [ 76.588665710548327, 29.060149108834398, 0.0 ], [ 76.587033020410061, 29.060126190066477, 0.0 ], [ 76.58582629333371, 29.060360368827855, 0.0 ], [ 76.584727570152253, 29.06024276831257, 0.0 ], [ 76.583120741538522, 29.059700976219439, 0.0 ], [ 76.581811772393635, 29.059064510725705, 0.0 ], [ 76.580415597292344, 29.058143718000355, 0.0 ], [ 76.579990472561377, 29.05804614030998, 0.0 ], [ 76.579964604055689, 29.058040202348693, 0.0 ], [ 76.57958910699034, 29.057954014428951, 0.0 ], [ 76.578813717828183, 29.058138745203728, 0.0 ], [ 76.577658378910328, 29.058422510224361, 0.0 ], [ 76.576641816611684, 29.058377063425233, 0.0 ], [ 76.575435340921373, 29.058020247322819, 0.0 ], [ 76.573510203137801, 29.057667698062325, 0.0 ], [ 76.571631015473116, 29.057689443107417, 0.0 ], [ 76.57115339112481, 29.057950957828048, 0.0 ], [ 76.570696446358582, 29.05804546324395, 0.0 ], [ 76.570054483907455, 29.0583475213075, 0.0 ], [ 76.569515264876898, 29.058536744449903, 0.0 ], [ 76.568791347448766, 29.058513895079674, 0.0 ], [ 76.567210368030317, 29.058771359794235, 0.0 ], [ 76.567151798136351, 29.058780897279103, 0.0 ], [ 76.567050644018423, 29.058797369741047, 0.0 ], [ 76.566675751426814, 29.05898665011113, 0.0 ], [ 76.566300779108488, 29.059266170298478, 0.0 ], [ 76.565951445531581, 29.059645017283326, 0.0 ], [ 76.565175509346375, 29.060632550386952, 0.0 ], [ 76.563701040620884, 29.06223337509962, 0.0 ], [ 76.563700794693062, 29.062707052871211, 0.0 ], [ 76.564075388142911, 29.063081610566996, 0.0 ], [ 76.56410064170619, 29.063672574575925, 0.0 ], [ 76.563458726524928, 29.064001672407954, 0.0 ], [ 76.562924441968818, 29.064425441640253, 0.0 ], [ 76.563031860222793, 29.065016442326105, 0.0 ], [ 76.562949360858141, 29.065607396872821, 0.0 ], [ 76.562574194809002, 29.066148518646965, 0.0 ], [ 76.562281155711815, 29.066761958957933, 0.0 ], [ 76.562116254813233, 29.067889634348873, 0.0 ], [ 76.561715314734769, 29.068575169471021, 0.0 ], [ 76.561422235194641, 29.069138886423126, 0.0 ], [ 76.56112374346435, 29.070338683612889, 0.0 ], [ 76.561338975092482, 29.071001976282759, 0.0 ], [ 76.560506532560083, 29.071894757418907, 0.0 ], [ 76.558333301132393, 29.073657601832608, 0.0 ], [ 76.557023045481785, 29.075001249595164, 0.0 ], [ 76.554319899569506, 29.077945660446964, 0.0 ], [ 76.552706609272491, 29.079194324293983, 0.0 ], [ 76.550672350359747, 29.080158614412529, 0.0 ], [ 76.55040484443721, 29.080817126631338, 0.0 ], [ 76.550162498860729, 29.082161270844203, 0.0 ], [ 76.549596816953922, 29.083153417872033, 0.0 ], [ 76.548496578700238, 29.084871588076503, 0.0 ], [ 76.548521864564407, 29.085435482100717, 0.0 ], [ 76.54876238563233, 29.086590498819984, 0.0 ], [ 76.548654146576141, 29.08717687025656, 0.0 ], [ 76.548171000080046, 29.087672817767309, 0.0 ], [ 76.547585116936091, 29.088141610816436, 0.0 ], [ 76.54727445745597, 29.088786926317116, 0.0 ], [ 76.547261072767782, 29.088814727274841, 0.0 ], [ 76.547153068271896, 29.089039078565559, 0.0 ], [ 76.546802866679045, 29.090333563476918, 0.0 ], [ 76.546617520601245, 29.090924433013303, 0.0 ], [ 76.546077431262759, 29.091984224413384, 0.0 ], [ 76.54554303594189, 29.092407928690982, 0.0 ], [ 76.544926420873225, 29.092782043430599, 0.0 ], [ 76.543852644091757, 29.093228014582888, 0.0 ], [ 76.542675833619413, 29.094075382108802, 0.0 ], [ 76.542166996962905, 29.094499139139995, 0.0 ], [ 76.541925189946156, 29.095040296972357, 0.0 ], [ 76.541626815047309, 29.09565357591066, 0.0 ], [ 76.54135928877912, 29.096172199494962, 0.0 ], [ 76.540768192575669, 29.096758337633865, 0.0 ], [ 76.540207801466366, 29.097371465005683, 0.0 ], [ 76.539256876524533, 29.097788294713627, 0.0 ], [ 76.539115773186396, 29.097850147428595, 0.0 ], [ 76.538974667697744, 29.097911997219207, 0.0 ], [ 76.537875099158995, 29.098335386915554, 0.0 ], [ 76.537233285601957, 29.098055237869012, 0.0 ], [ 76.536479160971382, 29.097089366076982, 0.0 ], [ 76.535868337059028, 29.096570257082469, 0.0 ], [ 76.535062838095428, 29.095581771327733, 0.0 ], [ 76.534631838982293, 29.095035599981465, 0.0 ], [ 76.53420591523512, 29.094588726878918, 0.0 ], [ 76.533615519487242, 29.094281619801464, 0.0 ], [ 76.532572565105923, 29.094732021840976, 0.0 ], [ 76.531956206837364, 29.094704501284415, 0.0 ], [ 76.530991533814358, 29.093738473467116, 0.0 ], [ 76.530001611725396, 29.092231007361804, 0.0 ], [ 76.529711167166852, 29.092053866578578, 0.0 ], [ 76.529098183001764, 29.091680008253959, 0.0 ], [ 76.528712722013054, 29.091945921802889, 0.0 ], [ 76.528311845106998, 29.092301980547465, 0.0 ], [ 76.527561780857027, 29.092486404774046, 0.0 ], [ 76.526894188818929, 29.092418294761224, 0.0 ], [ 76.526622472188905, 29.09184970689077, 0.0 ], [ 76.52667949646424, 29.09128586076957, 0.0 ], [ 76.526520867702942, 29.09072185394902, 0.0 ], [ 76.525628468824493, 29.089376848792075, 0.0 ], [ 76.525177066205529, 29.088835209154976, 0.0 ], [ 76.524129875106297, 29.088243487029391, 0.0 ], [ 76.523405724835641, 29.088197837316006, 0.0 ], [ 76.522955474068652, 29.086546385140878, 0.0 ], [ 76.522340274074224, 29.085413616812243, 0.0 ], [ 76.521185858210401, 29.084303023424674, 0.0 ], [ 76.520543946220599, 29.084279980009228, 0.0 ], [ 76.519978752076639, 29.084514063587655, 0.0 ], [ 76.518612306757603, 29.084914511403092, 0.0 ], [ 76.517913758467884, 29.085008686851829, 0.0 ], [ 76.515961467957567, 29.085715428221157, 0.0 ], [ 76.514674013713048, 29.084207590711703, 0.0 ], [ 76.513899425232907, 29.083408489326608, 0.0 ], [ 76.513258734339217, 29.08220349983041, 0.0 ], [ 76.512643538043434, 29.081237629047941, 0.0 ], [ 76.511730239911159, 29.080483484826203, 0.0 ], [ 76.511412265608698, 29.080108862024609, 0.0 ], [ 76.510714847356212, 29.079138315148708, 0.0 ], [ 76.510716021988159, 29.078078229651933, 0.0 ], [ 76.510072270444155, 29.077241219315294, 0.0 ], [ 76.510016077394482, 29.077262202359151, 0.0 ], [ 76.509597253728387, 29.077418607636847, 0.0 ], [ 76.508358964161275, 29.078031110565181, 0.0 ], [ 76.507742514546365, 29.078265176918048, 0.0 ], [ 76.506961750874012, 29.078404349613017, 0.0 ], [ 76.505518442471498, 29.078709777039457, 0.0 ], [ 76.504151909280878, 29.079159709754414, 0.0 ], [ 76.503370987807415, 29.079416087830424, 0.0 ], [ 76.502754642948204, 29.079510255637864, 0.0 ], [ 76.502112552962501, 29.07969919334624, 0.0 ], [ 76.501362505125911, 29.079860911285522, 0.0 ], [ 76.499999946239285, 29.080370921332811, 0.0 ], [ 76.497604739902414, 29.081394251418256, 0.0 ], [ 76.495720731164241, 29.082182326559025, 0.0 ], [ 76.49385834287574, 29.083046842337847, 0.0 ], [ 76.492433318577852, 29.083965125396684, 0.0 ], [ 76.491648762300983, 29.08477249608767, 0.0 ], [ 76.490227589821856, 29.085961440277956, 0.0 ], [ 76.487985915224741, 29.087249716624697, 0.0 ], [ 76.485769689874601, 29.08816768086341, 0.0 ], [ 76.484348038887916, 29.088973039921598, 0.0 ], [ 76.481642411278614, 29.090158055679392, 0.0 ], [ 76.47967510663365, 29.090974506835362, 0.0 ], [ 76.479375021136647, 29.091099042880909, 0.0 ], [ 76.478970398067844, 29.091362951998509, 0.0 ], [ 76.478565769100967, 29.091626859883316, 0.0 ], [ 76.477517506476701, 29.092146025612742, 0.0 ], [ 76.477696789768231, 29.092522982435316, 0.0 ], [ 76.477823055990498, 29.092778180374129, 0.0 ], [ 76.47800311336762, 29.093098271748776, 0.0 ], [ 76.478276237312684, 29.094013839778537, 0.0 ], [ 76.478616396338111, 29.095191003951918, 0.0 ], [ 76.478894830461371, 29.096232851180766, 0.0 ], [ 76.479095552585804, 29.096589080901587, 0.0 ], [ 76.479409632275974, 29.097378215467838, 0.0 ], [ 76.479718579931813, 29.098167406125754, 0.0 ], [ 76.480006970505727, 29.098934081564064, 0.0 ], [ 76.480279872530133, 29.099515840816149, 0.0 ], [ 76.480362327257012, 29.099849548732056, 0.0 ], [ 76.480568317366476, 29.100386293044128, 0.0 ], [ 76.480697365627279, 29.100981640354625, 0.0 ], [ 76.480646378047069, 29.101360589177837, 0.0 ], [ 76.480610821820463, 29.101762109047677, 0.0 ], [ 76.480662807115266, 29.102357496612772, 0.0 ], [ 76.480766048576072, 29.102858192843016, 0.0 ], [ 76.48090555636135, 29.103602415279187, 0.0 ], [ 76.480896059436859, 29.104324187622073, 0.0 ], [ 76.480999546797307, 29.105100030624005, 0.0 ], [ 76.481077510926369, 29.106038230167584, 0.0 ], [ 76.481104026076906, 29.106827738204121, 0.0 ], [ 76.481145367335344, 29.10706678373624, 0.0 ], [ 76.481155640839233, 29.10708205721091, 0.0 ], [ 76.481315140075239, 29.10731921094655, 0.0 ], [ 76.48195280920163, 29.108004413874479, 0.0 ], [ 76.482462235510113, 29.10886113842745, 0.0 ], [ 76.48258634048743, 29.10961888171289, 0.0 ], [ 76.482628067986084, 29.110214289243793, 0.0 ], [ 76.482705364891856, 29.110430829213815, 0.0 ], [ 76.482731115528722, 29.110520965916393, 0.0 ], [ 76.483435515743594, 29.111070780952758, 0.0 ], [ 76.483810902291324, 29.111435898768772, 0.0 ], [ 76.483955312859692, 29.112053811491297, 0.0 ], [ 76.484114837489003, 29.112292721713892, 0.0 ], [ 76.484505817549902, 29.112820191419669, 0.0 ], [ 76.484897020987589, 29.113541674966829, 0.0 ], [ 76.48498462525599, 29.113852851926275, 0.0 ], [ 76.485087858775884, 29.114321960164258, 0.0 ], [ 76.485245032854522, 29.114761637936358, 0.0 ], [ 76.485402209067431, 29.115201316157634, 0.0 ], [ 76.485690424546192, 29.115670268793579, 0.0 ], [ 76.485767740480824, 29.115958906815699, 0.0 ], [ 76.485819604150706, 29.116378409789885, 0.0 ], [ 76.485887473863642, 29.117375283567807, 0.0 ], [ 76.485954650951939, 29.117794795465873, 0.0 ], [ 76.486048027655997, 29.118642757838991, 0.0 ], [ 76.485981877598775, 29.119238276872096, 0.0 ], [ 76.485930834256536, 29.119490977797323, 0.0 ], [ 76.485489962862786, 29.120371030872409, 0.0 ], [ 76.485613571207836, 29.120691193274457, 0.0 ], [ 76.485613992862667, 29.121056578482609, 0.0 ], [ 76.486046188453955, 29.121674275979515, 0.0 ], [ 76.486200756735059, 29.122053023465558, 0.0 ], [ 76.486293729041449, 29.122522153164539, 0.0 ], [ 76.486243087560538, 29.123252951999369, 0.0 ], [ 76.486346721187985, 29.12405585849671, 0.0 ], [ 76.486152258716999, 29.124755223376877, 0.0 ], [ 76.486152897721681, 29.125278530411023, 0.0 ], [ 76.486086828666984, 29.12602285562841, 0.0 ], [ 76.48608612439169, 29.126061315824728, 0.0 ], [ 76.486077154067416, 29.126550696938438, 0.0 ], [ 76.486247813685225, 29.127547512359055, 0.0 ], [ 76.486310035243108, 29.128093327460462, 0.0 ], [ 76.486336235298239, 29.128571498672304, 0.0 ], [ 76.486506459163266, 29.129180276860296, 0.0 ], [ 76.486533012980445, 29.129947219034676, 0.0 ], [ 76.486677454918095, 29.130542567002472, 0.0 ], [ 76.486898970835497, 29.131065588399927, 0.0 ], [ 76.486950618568073, 29.13130469636377, 0.0 ], [ 76.487167043215862, 29.131859358314493, 0.0 ], [ 76.487455401213609, 29.132477111276124, 0.0 ], [ 76.48791378485268, 29.133460170632873, 0.0 ], [ 76.488238115407469, 29.134005690162699, 0.0 ], [ 76.488670813524124, 29.135038393571218, 0.0 ], [ 76.489010995757297, 29.135962840681721, 0.0 ], [ 76.489387023565612, 29.136842218381339, 0.0 ], [ 76.489752660723326, 29.137563696837745, 0.0 ], [ 76.490128159731128, 29.137942327245025, 0.0 ], [ 76.490781932525735, 29.139006313837076, 0.0 ], [ 76.491394555450299, 29.140088442386414, 0.0 ], [ 76.491811647408113, 29.14085500494642, 0.0 ], [ 76.492084917010345, 29.141612607545699, 0.0 ], [ 76.49240926913113, 29.142149181199642, 0.0 ], [ 76.492656509412853, 29.142712782788944, 0.0 ], [ 76.492934639745954, 29.143258441920729, 0.0 ], [ 76.493284488894233, 29.143659549589362, 0.0 ], [ 76.493752781338003, 29.144218520433952, 0.0 ], [ 76.494040779104168, 29.144493431486769, 0.0 ], [ 76.49470442159182, 29.145146958282822, 0.0 ], [ 76.495316622081049, 29.145683200014744, 0.0 ], [ 76.496042004770615, 29.146417879210595, 0.0 ], [ 76.496813747065858, 29.147215656192525, 0.0 ], [ 76.497739828808164, 29.148121527937338, 0.0 ], [ 76.498197734808855, 29.148599290026951, 0.0 ], [ 76.498141649519894, 29.148991834393954, 0.0 ], [ 76.49831221551058, 29.149758512132131, 0.0 ], [ 76.498363975799464, 29.150137397859492, 0.0 ], [ 76.498626603949219, 29.150525114849181, 0.0 ], [ 76.498897578080644, 29.150801010719473, 0.0 ], [ 76.499125954347534, 29.15096026725293, 0.0 ], [ 76.499999911, 29.152037079013819, 0.0 ], [ 76.500521022501161, 29.152245351130734, 0.0 ], [ 76.501378650809244, 29.152764916771904, 0.0 ], [ 76.502071920363605, 29.15314446122364, 0.0 ], [ 76.503145526458198, 29.153542382901207, 0.0 ], [ 76.504270510197216, 29.15399449660379, 0.0 ], [ 76.505020140737273, 29.154536545669934, 0.0 ], [ 76.505317618760202, 29.15505561013104, 0.0 ], [ 76.505306510122054, 29.15579535095344, 0.0 ], [ 76.505318144035542, 29.155798686984113, 0.0 ], [ 76.506174734152111, 29.156044221145084, 0.0 ], [ 76.506843010270728, 29.155877973347142, 0.0 ], [ 76.507700675007854, 29.156374935597093, 0.0 ], [ 76.508157774642839, 29.156636901833803, 0.0 ], [ 76.508990465814904, 29.156542969180361, 0.0 ], [ 76.509956856750236, 29.156354302572225, 0.0 ], [ 76.510892509335591, 29.15597620074227, 0.0 ], [ 76.510865595634925, 29.157108396672268, 0.0 ], [ 76.510839308702145, 29.157672248192, 0.0 ], [ 76.510946634141575, 29.158240728286387, 0.0 ], [ 76.511156549822758, 29.158899555621666, 0.0 ], [ 76.511212697379946, 29.159251493863646, 0.0 ], [ 76.511422462079281, 29.16019449086988, 0.0 ], [ 76.511421503001358, 29.161069568637206, 0.0 ], [ 76.511554077375862, 29.1619854606333, 0.0 ], [ 76.511630642566828, 29.162481733021743, 0.0 ], [ 76.511954005061668, 29.162833903499621, 0.0 ], [ 76.512200545987199, 29.163184047934305, 0.0 ], [ 76.511336498288827, 29.163541593711756, 0.0 ], [ 76.510719138049481, 29.164154617895321, 0.0 ], [ 76.510019223370819, 29.164929917363569, 0.0 ], [ 76.509376119741873, 29.165520304758161, 0.0 ], [ 76.508625013737358, 29.166178232668802, 0.0 ], [ 76.507848178467114, 29.166863246749255, 0.0 ], [ 76.506479480781991, 29.168179293128564, 0.0 ], [ 76.505702591806994, 29.168904904879774, 0.0 ], [ 76.505028512896089, 29.169517819032261, 0.0 ], [ 76.504359527703983, 29.170247984367922, 0.0 ], [ 76.503608258135131, 29.170955611434554, 0.0 ], [ 76.50288270258747, 29.171685683485695, 0.0 ], [ 76.502074957064934, 29.172343579465551, 0.0 ], [ 76.50130843790717, 29.17288874894923, 0.0 ], [ 76.50048538379022, 29.173393217658102, 0.0 ], [ 76.499999955790855, 29.173673500178545, 0.0 ], [ 76.499173435721957, 29.17397814583526, 0.0 ], [ 76.498857420823214, 29.174166677765154, 0.0 ], [ 76.497905677791124, 29.174831575863774, 0.0 ], [ 76.497173778733227, 29.175412791969997, 0.0 ], [ 76.496387287597059, 29.176838368867514, 0.0 ], [ 76.496091787358395, 29.177378605321117, 0.0 ], [ 76.495629721424876, 29.17813276873563, 0.0 ], [ 76.495306995590113, 29.179277922395656, 0.0 ], [ 76.495164517198376, 29.180443623421752, 0.0 ], [ 76.495186049931164, 29.181219454133238, 0.0 ], [ 76.495184143195075, 29.181797018770894, 0.0 ], [ 76.495185288694572, 29.181805171331447, 0.0 ], [ 76.49528161172303, 29.182490787442983, 0.0 ], [ 76.495063951596634, 29.183436236844639, 0.0 ], [ 76.495042957048966, 29.183761337693646, 0.0 ], [ 76.495215577102385, 29.184318902556495, 0.0 ], [ 76.495442429720441, 29.184361490156107, 0.0 ], [ 76.495614565150746, 29.184531024795419, 0.0 ], [ 76.495684407732298, 29.184737798652886, 0.0 ], [ 76.495294317512673, 29.185139216705917, 0.0 ], [ 76.494976787412568, 29.185580431917501, 0.0 ], [ 76.494755885447631, 29.185948375959786, 0.0 ], [ 76.494572368574225, 29.18676710435896, 0.0 ], [ 76.494448422348484, 29.187084331756495, 0.0 ], [ 76.494008087126886, 29.187567524025578, 0.0 ], [ 76.493842902310547, 29.188232638719899, 0.0 ], [ 76.493638851684281, 29.188699656838281, 0.0 ], [ 76.493367465635416, 29.18948778154428, 0.0 ], [ 76.493164283144694, 29.190369897262674, 0.0 ], [ 76.493109408695233, 29.191196213629723, 0.0 ], [ 76.493046539549539, 29.192180541110044, 0.0 ], [ 76.493135553289648, 29.193000741448802, 0.0 ], [ 76.493154114847457, 29.193217111673977, 0.0 ], [ 76.493223458833199, 29.193744247447071, 0.0 ], [ 76.493321494989885, 29.194122164899813, 0.0 ], [ 76.493360669596157, 29.195051208850309, 0.0 ], [ 76.493386097178316, 29.195741267920354, 0.0 ], [ 76.493339717628331, 29.196089213969465, 0.0 ], [ 76.493201575286776, 29.196492326363064, 0.0 ], [ 76.493140904361212, 29.197273587423403, 0.0 ], [ 76.492957662786395, 29.197758419538168, 0.0 ], [ 76.49264681751562, 29.198664296413455, 0.0 ], [ 76.492416076405064, 29.199420379886163, 0.0 ], [ 76.492285615484036, 29.199999376029727, 0.0 ], [ 76.492262150763494, 29.200509499477231, 0.0 ], [ 76.492180361905255, 29.200898446274095, 0.0 ], [ 76.492040400294485, 29.20153169241647, 0.0 ], [ 76.491881940772814, 29.201953079890625, 0.0 ], [ 76.491697640795095, 29.202365729178531, 0.0 ], [ 76.491394378111991, 29.203086524015237, 0.0 ], [ 76.491070413599076, 29.203798526030941, 0.0 ], [ 76.490954842547026, 29.204341257355171, 0.0 ], [ 76.490814740286922, 29.204965480348346, 0.0 ], [ 76.490707071391327, 29.206054081400048, 0.0 ], [ 76.490623917237968, 29.206704741692608, 0.0 ], [ 76.490425157481155, 29.207185231619015, 0.0 ], [ 76.490270650786215, 29.207525355694774, 0.0 ], [ 76.489852345320429, 29.2081165789476, 0.0 ], [ 76.489499055772271, 29.208580740902821, 0.0 ], [ 76.489420371329885, 29.208829778671269, 0.0 ], [ 76.489249987876462, 29.20949494641464, 0.0 ], [ 76.48909209245744, 29.2099569306693, 0.0 ], [ 76.488907312171165, 29.210337998176179, 0.0 ], [ 76.488624436783795, 29.210693084874691, 0.0 ], [ 76.487927068179431, 29.211549105683929, 0.0 ], [ 76.48695525794875, 29.212277324929332, 0.0 ], [ 76.48686693163512, 29.212571589229107, 0.0 ], [ 76.486225579238763, 29.213034431372776, 0.0 ], [ 76.48566480401503, 29.213379062480868, 0.0 ], [ 76.48565840406836, 29.213385225568739, 0.0 ], [ 76.485264271024931, 29.213764628552934, 0.0 ], [ 76.485228551528536, 29.213799014029895, 0.0 ], [ 76.485154667779412, 29.213868076981559, 0.0 ], [ 76.484705848999596, 29.214287605100935, 0.0 ], [ 76.484066556339513, 29.214894799743721, 0.0 ], [ 76.483458046180587, 29.215497137731557, 0.0 ], [ 76.482636663174063, 29.216318411371986, 0.0 ], [ 76.482530758989483, 29.216448330796823, 0.0 ], [ 76.482161583890488, 29.216901217778425, 0.0 ], [ 76.481728870432562, 29.217569281460751, 0.0 ], [ 76.481483896121603, 29.218059294637438, 0.0 ], [ 76.481261387588191, 29.218323458383747, 0.0 ], [ 76.480624126703916, 29.219074999167688, 0.0 ], [ 76.480159048156224, 29.219639639649582, 0.0 ], [ 76.479635578936708, 29.22007858706845, 0.0 ], [ 76.479119323316993, 29.220661838673493, 0.0 ], [ 76.478561788641358, 29.22123652058869, 0.0 ], [ 76.477979480518229, 29.222235604198488, 0.0 ], [ 76.477838371346053, 29.222796658179725, 0.0 ], [ 76.477719839931538, 29.223497333212244, 0.0 ], [ 76.477621711223549, 29.223827797418181, 0.0 ], [ 76.477481542746858, 29.224812968875771, 0.0 ], [ 76.477340300008521, 29.225364998298641, 0.0 ], [ 76.477288167466227, 29.22603335844239, 0.0 ], [ 76.477119235338051, 29.226806782648154, 0.0 ], [ 76.476917148539542, 29.227779104248757, 0.0 ], [ 76.476691768486489, 29.228562174855195, 0.0 ], [ 76.476655577983138, 29.229266452413459, 0.0 ], [ 76.476620878461546, 29.230074491159474, 0.0 ], [ 76.476664103547421, 29.230935813331623, 0.0 ], [ 76.476633353314725, 29.232019042405756, 0.0 ], [ 76.476617061577997, 29.233034430951879, 0.0 ], [ 76.476695193409739, 29.233818661978187, 0.0 ], [ 76.476754628578107, 29.234733949699265, 0.0 ], [ 76.476708733948541, 29.23547894226299, 0.0 ], [ 76.476350801204205, 29.235988242733434, 0.0 ], [ 76.475664295230828, 29.236902739842439, 0.0 ], [ 76.475416013378862, 29.237167178139554, 0.0 ], [ 76.474977290753699, 29.237424692186195, 0.0 ], [ 76.474532675804497, 29.237989088402092, 0.0 ], [ 76.4757109179737, 29.23835961325787, 0.0 ], [ 76.476681540238928, 29.238601570725592, 0.0 ], [ 76.477260607200094, 29.238802728910713, 0.0 ], [ 76.477738876952785, 29.239149382011053, 0.0 ], [ 76.478056269488818, 29.239398548164122, 0.0 ], [ 76.478738863341036, 29.239643674042778, 0.0 ], [ 76.479339226992622, 29.239894219241474, 0.0 ], [ 76.480544782670947, 29.24037268692074, 0.0 ], [ 76.481171327545269, 29.240654517268791, 0.0 ], [ 76.481561393780154, 29.240947991015634, 0.0 ], [ 76.481979459713671, 29.241399071780226, 0.0 ], [ 76.48247429219407, 29.241822228042352, 0.0 ], [ 76.482898742605656, 29.242358963145133, 0.0 ], [ 76.483137896088181, 29.242532281418431, 0.0 ], [ 76.483395865706427, 29.242583562790447, 0.0 ], [ 76.48356469982437, 29.242518520098105, 0.0 ], [ 76.483767262582916, 29.242295184624702, 0.0 ], [ 76.484045810776038, 29.241989787132777, 0.0 ], [ 76.484348314877408, 29.241562298851584, 0.0 ], [ 76.485025007674807, 29.241040413993488, 0.0 ], [ 76.485764134840096, 29.240567465447185, 0.0 ], [ 76.486180057267035, 29.240513209626478, 0.0 ], [ 76.487074854526838, 29.240133276166468, 0.0 ], [ 76.487562371015585, 29.240097433685374, 0.0 ], [ 76.487594907766933, 29.240095041919929, 0.0 ], [ 76.488389334711883, 29.239604278936714, 0.0 ], [ 76.489254366230924, 29.239301365959573, 0.0 ], [ 76.490211321609976, 29.238952302489672, 0.0 ], [ 76.491043669822446, 29.238879853604416, 0.0 ], [ 76.49226492666314, 29.239019640437085, 0.0 ], [ 76.493062446555172, 29.239028783916332, 0.0 ], [ 76.493436488800498, 29.238925344075223, 0.0 ], [ 76.494382220014913, 29.238513206626273, 0.0 ], [ 76.494949288536759, 29.238240659671774, 0.0 ], [ 76.495832826050162, 29.237797625052348, 0.0 ], [ 76.496962717446806, 29.237315731421138, 0.0 ], [ 76.497857774361449, 29.236958283443911, 0.0 ], [ 76.498652121112798, 29.236750853637243, 0.0 ], [ 76.498913192496232, 29.236690534697964, 0.0 ], [ 76.499999864798156, 29.236317722419454, 0.0 ], [ 76.500939895980324, 29.235988925084598, 0.0 ], [ 76.502395971044052, 29.235498540758961, 0.0 ], [ 76.503800814539488, 29.23491793574555, 0.0 ], [ 76.504839946258258, 29.234643647028339, 0.0 ], [ 76.505899617859512, 29.234486702317692, 0.0 ], [ 76.506825579738816, 29.234311583312092, 0.0 ], [ 76.507654159457971, 29.233852218243744, 0.0 ], [ 76.509768698852497, 29.233227001440703, 0.0 ], [ 76.511584948232169, 29.232475178489818, 0.0 ], [ 76.512114892342936, 29.232286180230115, 0.0 ], [ 76.513668244982881, 29.232156618004797, 0.0 ], [ 76.514707245391207, 29.231968074375157, 0.0 ], [ 76.515648566918287, 29.231860581953281, 0.0 ], [ 76.516641284052483, 29.231771089385393, 0.0 ], [ 76.517613209802718, 29.231848588418746, 0.0 ], [ 76.518672454794171, 29.231993761380256, 0.0 ], [ 76.519891451388816, 29.23196312672335, 0.0 ], [ 76.520981711298731, 29.23192338933973, 0.0 ], [ 76.525605527875911, 29.231617179061203, 0.0 ], [ 76.525559819386032, 29.23102921417464, 0.0 ], [ 76.525380537437911, 29.230289219393605, 0.0 ], [ 76.525149712923096, 29.229653044685602, 0.0 ], [ 76.525114049057777, 29.229287619098873, 0.0 ], [ 76.524949860152773, 29.228913101009272, 0.0 ], [ 76.524555106860987, 29.227690251789955, 0.0 ], [ 76.524391354610486, 29.226824010168233, 0.0 ], [ 76.524160709815902, 29.22602539989424, 0.0 ], [ 76.523945323618705, 29.225416297785475, 0.0 ], [ 76.523930451637725, 29.224780186051671, 0.0 ], [ 76.523915842698187, 29.223287408719255, 0.0 ], [ 76.52416243681968, 29.222721062198275, 0.0 ], [ 76.52481333009122, 29.221226135941567, 0.0 ], [ 76.525343561964107, 29.220604022556472, 0.0 ], [ 76.525868524579664, 29.220112726953506, 0.0 ], [ 76.526681610744916, 29.219558399600942, 0.0 ], [ 76.527592324233396, 29.218963609233516, 0.0 ], [ 76.52840015220022, 29.21848603728936, 0.0 ], [ 76.528930170736999, 29.218080488654682, 0.0 ], [ 76.529640205345729, 29.217661418904218, 0.0 ], [ 76.531492525068003, 29.216444728905483, 0.0 ], [ 76.532367197179966, 29.215795724470489, 0.0 ], [ 76.532995183236636, 29.215056414650828, 0.0 ], [ 76.533607671858391, 29.214389110119711, 0.0 ], [ 76.534055499027119, 29.213965444294075, 0.0 ], [ 76.534683095006045, 29.213650077274426, 0.0 ], [ 76.535639840440723, 29.213244750687174, 0.0 ], [ 76.53661715010584, 29.212839363201844, 0.0 ], [ 76.537609763039001, 29.212618962424941, 0.0 ], [ 76.538088124644773, 29.212416289809497, 0.0 ], [ 76.538365963180468, 29.212258605088472, 0.0 ], [ 76.539420425361115, 29.21174501395436, 0.0 ], [ 76.540032603821274, 29.2113980358954, 0.0 ], [ 76.540675780406048, 29.210875182460118, 0.0 ], [ 76.541107939819611, 29.210541551667895, 0.0 ], [ 76.541488678488093, 29.210311748144974, 0.0 ], [ 76.541951590661384, 29.210122595448137, 0.0 ], [ 76.542002991213806, 29.210100073700371, 0.0 ], [ 76.542543121570276, 29.209874835830707, 0.0 ], [ 76.543072842745332, 29.209744377359506, 0.0 ], [ 76.543648806255234, 29.209631882559083, 0.0 ], [ 76.545006047081117, 29.209894335799415, 0.0 ], [ 76.545504809108465, 29.209908156971387, 0.0 ], [ 76.54657971675519, 29.209561487159284, 0.0 ], [ 76.549304257254022, 29.210329936898582, 0.0 ], [ 76.550672039233817, 29.210389352153712, 0.0 ], [ 76.552044995438521, 29.210218671334562, 0.0 ], [ 76.553680480064912, 29.209709779572815, 0.0 ], [ 76.554158750644319, 29.20957915289376, 0.0 ], [ 76.55521804143703, 29.209399268724219, 0.0 ], [ 76.556189807639839, 29.209458446333361, 0.0 ], [ 76.557460019478498, 29.209256057625755, 0.0 ], [ 76.559822166561673, 29.208720804215048, 0.0 ], [ 76.560287773002202, 29.209677014654346, 0.0 ], [ 76.560667798567138, 29.210462084745597, 0.0 ], [ 76.560980904835802, 29.211229164788275, 0.0 ], [ 76.561623199739316, 29.21210005705046, 0.0 ], [ 76.561900492404803, 29.212695647413678, 0.0 ], [ 76.562496341292587, 29.213710918615604, 0.0 ], [ 76.562845577670032, 29.214437324009126, 0.0 ], [ 76.563025129568999, 29.21510507113863, 0.0 ], [ 76.563502989697042, 29.215786477192452, 0.0 ], [ 76.563667223642938, 29.216237649380396, 0.0 ], [ 76.563867496513495, 29.216630193145242, 0.0 ], [ 76.564003230083571, 29.217688595887644, 0.0 ], [ 76.564031346506383, 29.217907841127325, 0.0 ], [ 76.564068350114013, 29.218212642654031, 0.0 ], [ 76.565156575760611, 29.219599049220477, 0.0 ], [ 76.565598432084073, 29.220163106366943, 0.0 ], [ 76.565932249754823, 29.220975229461029, 0.0 ], [ 76.566343292661287, 29.221643056310661, 0.0 ], [ 76.566851963795415, 29.222270307671124, 0.0 ], [ 76.566954669662152, 29.222644766376696, 0.0 ], [ 76.567262920298504, 29.223195222977754, 0.0 ], [ 76.56762742328776, 29.224223914487073, 0.0 ], [ 76.567889196013965, 29.225153285374788, 0.0 ], [ 76.568429149880345, 29.226659390679099, 0.0 ], [ 76.568715278886827, 29.226709207033934, 0.0 ], [ 76.570934342965927, 29.22694875221374, 0.0 ], [ 76.572867284938965, 29.22713845275451, 0.0 ], [ 76.576795648242154, 29.227309834479996, 0.0 ], [ 76.577826934295913, 29.227496860917913, 0.0 ], [ 76.579573945827974, 29.227923724544166, 0.0 ], [ 76.581320969503864, 29.228350566098189, 0.0 ], [ 76.58321768529963, 29.229417562429639, 0.0 ], [ 76.585262718337617, 29.230423533235655, 0.0 ], [ 76.586350956322804, 29.230446733438573, 0.0 ], [ 76.587473657448612, 29.230736449993099, 0.0 ], [ 76.589691039133925, 29.231947657957413, 0.0 ], [ 76.592083655003592, 29.233343238844309, 0.0 ], [ 76.592355973317297, 29.234467151394409, 0.0 ], [ 76.592795978838751, 29.235585473771703, 0.0 ], [ 76.59303027469899, 29.235819589226541, 0.0 ], [ 76.593420258331847, 29.236102847260941, 0.0 ], [ 76.593688755608525, 29.236236878068546, 0.0 ], [ 76.593999365501062, 29.236362641029892, 0.0 ], [ 76.594784188962876, 29.2367551219176, 0.0 ], [ 76.595604502950792, 29.237377474190176, 0.0 ], [ 76.59656444748066, 29.238250242398966, 0.0 ], [ 76.597234971310883, 29.238988533704596, 0.0 ], [ 76.597521372661603, 29.239608667927783, 0.0 ], [ 76.598363537540564, 29.242082744113102, 0.0 ], [ 76.59883631368956, 29.243155912667532, 0.0 ], [ 76.599654697142796, 29.24422726629982, 0.0 ], [ 76.600722224084535, 29.245377226304679, 0.0 ], [ 76.601100273451479, 29.245715193710872, 0.0 ], [ 76.601263970924833, 29.246607649129174, 0.0 ], [ 76.60136328117936, 29.246802220408128, 0.0 ], [ 76.602990136551085, 29.248174834166907, 0.0 ], [ 76.605054604627497, 29.250005785495937, 0.0 ], [ 76.607081540686792, 29.251304349025059, 0.0 ], [ 76.608074572849574, 29.251746982293838, 0.0 ], [ 76.60856823769268, 29.2516932947246, 0.0 ], [ 76.609110425691085, 29.251778103024332, 0.0 ], [ 76.609554873679627, 29.251989144688014, 0.0 ], [ 76.610308799433966, 29.252747455435912, 0.0 ], [ 76.610617591482864, 29.253697955935898, 0.0 ], [ 76.610616213411305, 29.254504417451756, 0.0 ], [ 76.610379834090423, 29.255855779160246, 0.0 ], [ 76.610521939616561, 29.256775254875354, 0.0 ], [ 76.61084921826415, 29.258193542097231, 0.0 ], [ 76.611462218723815, 29.25988365237464, 0.0 ], [ 76.611551502205259, 29.260820336224619, 0.0 ], [ 76.611560603097857, 29.26087516842178, 0.0 ], [ 76.611767055488087, 29.262156477592281, 0.0 ], [ 76.611879563156208, 29.263011122168486, 0.0 ], [ 76.611580102774539, 29.263994517417519, 0.0 ], [ 76.611341070474964, 29.264685938443868, 0.0 ], [ 76.610743318099964, 29.26509484233878, 0.0 ], [ 76.610141678452194, 29.265265395152131, 0.0 ], [ 76.609848373039029, 29.265268352215596, 0.0 ], [ 76.609156008880177, 29.2649329514927, 0.0 ], [ 76.608262765191213, 29.264666606428495, 0.0 ], [ 76.60757174859134, 29.26466113566665, 0.0 ], [ 76.606682381692707, 29.264633129653483, 0.0 ], [ 76.606027647940081, 29.264830032095976, 0.0 ], [ 76.605662156539296, 29.265170526015723, 0.0 ], [ 76.605334468712002, 29.265658445610431, 0.0 ], [ 76.6053504493877, 29.266593530326208, 0.0 ], [ 76.605277815263179, 29.267325125757811, 0.0 ], [ 76.604919988956894, 29.267766585318412, 0.0 ], [ 76.604332462519153, 29.268560578223063, 0.0 ], [ 76.604877035462138, 29.268938690238066, 0.0 ], [ 76.604030179455421, 29.270020437120781, 0.0 ], [ 76.60380231041789, 29.270684590580661, 0.0 ], [ 76.603509044922205, 29.27106326837907, 0.0 ], [ 76.603037893713122, 29.271813902332688, 0.0 ], [ 76.60272241781027, 29.272237925971819, 0.0 ], [ 76.602466385466997, 29.272406615783638, 0.0 ], [ 76.602040596068079, 29.272654178259437, 0.0 ], [ 76.601537469754959, 29.273046727883102, 0.0 ], [ 76.600913865321843, 29.273629164750229, 0.0 ], [ 76.600518958995551, 29.273895706801671, 0.0 ], [ 76.599779398282848, 29.27412743902887, 0.0 ], [ 76.599113105177267, 29.274360721450346, 0.0 ], [ 76.598475412842504, 29.274695416704361, 0.0 ], [ 76.597652903787733, 29.275273613891713, 0.0 ], [ 76.596261873825597, 29.276334590955042, 0.0 ], [ 76.596045172898286, 29.276971478815287, 0.0 ], [ 76.596003618170045, 29.277712897046584, 0.0 ], [ 76.596219679533462, 29.27860641953912, 0.0 ], [ 76.597424167385867, 29.280222632492798, 0.0 ], [ 76.59860752620412, 29.280791320737677, 0.0 ], [ 76.599739220113321, 29.281815504206506, 0.0 ], [ 76.601683559135566, 29.285009617157467, 0.0 ], [ 76.604199231424758, 29.287757201855051, 0.0 ], [ 76.605068734800724, 29.288429490375357, 0.0 ], [ 76.606545432334144, 29.28886274066334, 0.0 ], [ 76.608763264893057, 29.288881075452259, 0.0 ], [ 76.610760420006457, 29.289167115491281, 0.0 ], [ 76.610780396032254, 29.289169976307988, 0.0 ] ] ] } },
{ "type": "Feature", "properties": { "DISTRICT": "GAUTAM BUDDHA NAGAR", "DIST_LGD": "141", "STATE_UT": "UTTAR PRADESH" }, "geometry": { "type": "MultiPolygon", "coordinates": [ [ [ [ 77.727651717999194, 28.115900011063736, 0.0 ], [ 77.727173051594434, 28.115530373557551, 0.0 ], [ 77.726928722531085, 28.115426726207563, 0.0 ], [ 77.726837089970786, 28.115426792347012, 0.0 ], [ 77.726613384080267, 28.115566800053024, 0.0 ], [ 77.726496284030475, 28.115589452420874, 0.0 ], [ 77.726409824452304, 28.115566917852213, 0.0 ], [ 77.726226484955234, 28.115485805847477, 0.0 ], [ 77.725915833344743, 28.115152167051718, 0.0 ], [ 77.725330114089644, 28.114498340249909, 0.0 ], [ 77.724937824117148, 28.113934581787735, 0.0 ], [ 77.724744299519216, 28.113713602775611, 0.0 ], [ 77.724275681314623, 28.113253676208085, 0.0 ], [ 77.724227817661145, 28.113113807438744, 0.0 ], [ 77.724224759407292, 28.1131048737391, 0.0 ], [ 77.724275516518532, 28.112978456981342, 0.0 ], [ 77.724122897588927, 28.112972902919186, 0.0 ], [ 77.722203877831348, 28.112903060197006, 0.0 ], [ 77.721837917309287, 28.11288973888955, 0.0 ], [ 77.718810301913692, 28.113008888032301, 0.0 ], [ 77.71532027730305, 28.114238174146795, 0.0 ], [ 77.712950114272346, 28.115877230717135, 0.0 ], [ 77.711302245066108, 28.117281362356195, 0.0 ], [ 77.709082079573662, 28.119776914210185, 0.0 ], [ 77.709029279043179, 28.119836260299024, 0.0 ], [ 77.708674028640203, 28.121253110897729, 0.0 ], [ 77.708476170415452, 28.122132998760282, 0.0 ], [ 77.70821254614755, 28.123707772722035, 0.0 ], [ 77.707424472822495, 28.124782360382284, 0.0 ], [ 77.707244786367184, 28.125027368723959, 0.0 ], [ 77.707236063703746, 28.125039265721096, 0.0 ], [ 77.707226129308808, 28.125052811377056, 0.0 ], [ 77.709599963614991, 28.128327063736542, 0.0 ], [ 77.710720094892793, 28.129025719791983, 0.0 ], [ 77.713352679715911, 28.13100945585802, 0.0 ], [ 77.7144121161014, 28.132118738386708, 0.0 ], [ 77.715400744701498, 28.133873249558526, 0.0 ], [ 77.716587621879853, 28.135275709173477, 0.0 ], [ 77.719866503781532, 28.136814200286519, 0.0 ], [ 77.720044713301192, 28.136897816251835, 0.0 ], [ 77.72017197669615, 28.136906146601437, 0.0 ], [ 77.722844231346059, 28.137081056360959, 0.0 ], [ 77.723699306729912, 28.137080543112233, 0.0 ], [ 77.724426919332487, 28.136908651724582, 0.0 ], [ 77.724751850679311, 28.135852771566956, 0.0 ], [ 77.725412740641758, 28.134977029241917, 0.0 ], [ 77.72541210908463, 28.134101824425478, 0.0 ], [ 77.72705557653363, 28.133631554588426, 0.0 ], [ 77.728505417610322, 28.132755326862448, 0.0 ], [ 77.730677714801146, 28.13170268446094, 0.0 ], [ 77.731878635861122, 28.131467198419582, 0.0 ], [ 77.732028330427937, 28.131440653607793, 0.0 ], [ 77.731935165462147, 28.131331842133466, 0.0 ], [ 77.731506628814515, 28.130831330382506, 0.0 ], [ 77.731144889858115, 28.130371401566268, 0.0 ], [ 77.731078589919477, 28.130236063411676, 0.0 ], [ 77.73110387690501, 28.130132326009612, 0.0 ], [ 77.731790365681789, 28.129428027412757, 0.0 ], [ 77.732105574134707, 28.129017232427227, 0.0 ], [ 77.732700493421845, 28.128416730593962, 0.0 ], [ 77.733397170228358, 28.127703481887398, 0.0 ], [ 77.73413967061019, 28.127103740185312, 0.0 ], [ 77.734230356098593, 28.127030488672769, 0.0 ], [ 77.734241344030593, 28.127021615172694, 0.0 ], [ 77.734175047024749, 28.126908860025452, 0.0 ], [ 77.734170944142036, 28.126895293457757, 0.0 ], [ 77.73405772380103, 28.126520900376995, 0.0 ], [ 77.733975704474304, 28.125830693794949, 0.0 ], [ 77.73379693008529, 28.125131486546636, 0.0 ], [ 77.733638614632895, 28.12450894723753, 0.0 ], [ 77.733454945228175, 28.123954159948358, 0.0 ], [ 77.733352645039787, 28.123394749337063, 0.0 ], [ 77.733209926111925, 28.123151190970404, 0.0 ], [ 77.733143497923251, 28.122794799692418, 0.0 ], [ 77.732990410611393, 28.122289650737805, 0.0 ], [ 77.732883143102342, 28.121924229881213, 0.0 ], [ 77.732674284829315, 28.121599587563836, 0.0 ], [ 77.732587427671277, 28.121279255114626, 0.0 ], [ 77.732077788915305, 28.120417885745297, 0.0 ], [ 77.731700774494101, 28.11985418382886, 0.0 ], [ 77.731272912051125, 28.119439386858961, 0.0 ], [ 77.731181111121316, 28.119231895675764, 0.0 ], [ 77.731298015126157, 28.119037756616745, 0.0 ], [ 77.731521671592134, 28.118757932363181, 0.0 ], [ 77.731629431388313, 28.118542501799045, 0.0 ], [ 77.731663924340054, 28.118473548194117, 0.0 ], [ 77.731607746234957, 28.118288597270531, 0.0 ], [ 77.731388877471801, 28.118185044452417, 0.0 ], [ 77.731169976662628, 28.118117477031252, 0.0 ], [ 77.730390913100422, 28.117508923388925, 0.0 ], [ 77.729418450197201, 28.116945613806134, 0.0 ], [ 77.728654756224216, 28.1164948895625, 0.0 ], [ 77.727992870675124, 28.1160712290596, 0.0 ], [ 77.727651717999194, 28.115900011063736, 0.0 ] ] ], [ [ [ 77.685914421519783, 28.280016461156009, 0.0 ], [ 77.68639327518261, 28.279682372929383, 0.0 ], [ 77.686964114304899, 28.279704620019476, 0.0 ], [ 77.687978675105015, 28.279833606243901, 0.0 ], [ 77.688131236464713, 28.279853001588393, 0.0 ], [ 77.688253739637148, 28.279719407435813, 0.0 ], [ 77.688793418258115, 28.279130869407393, 0.0 ], [ 77.690239561246443, 28.277172103994484, 0.0 ], [ 77.690789616574136, 28.276513129266657, 0.0 ], [ 77.691150321438812, 28.274825592418694, 0.0 ], [ 77.691786441575005, 28.273385991610617, 0.0 ], [ 77.69286559627956, 28.271314668459802, 0.0 ], [ 77.693369657389979, 28.270741375383285, 0.0 ], [ 77.69342752133376, 28.270656009476234, 0.0 ], [ 77.693518392469002, 28.270521951175532, 0.0 ], [ 77.693366404462594, 28.270477735230202, 0.0 ], [ 77.691422464867657, 28.26991218342652, 0.0 ], [ 77.68915448040201, 28.269439554259019, 0.0 ], [ 77.687049630681685, 28.269187883409309, 0.0 ], [ 77.685372849974783, 28.268823278902801, 0.0 ], [ 77.684531803074904, 28.268331863054105, 0.0 ], [ 77.684283629034795, 28.268103798768209, 0.0 ], [ 77.684139179009634, 28.26797105356108, 0.0 ], [ 77.683980302500814, 28.26796982517747, 0.0 ], [ 77.682482943919453, 28.267958235193863, 0.0 ], [ 77.681259875064711, 28.267814406758539, 0.0 ], [ 77.679781998061387, 28.267670619421875, 0.0 ], [ 77.67930282856058, 28.267404629964709, 0.0 ], [ 77.679532429725683, 28.26787376121764, 0.0 ], [ 77.67808539020011, 28.268334503660899, 0.0 ], [ 77.678330173823895, 28.268672796106493, 0.0 ], [ 77.677810632148677, 28.269133202743348, 0.0 ], [ 77.677454097634921, 28.269580016089382, 0.0 ], [ 77.677087415687808, 28.270148564451382, 0.0 ], [ 77.676730868444295, 28.270451006214987, 0.0 ], [ 77.676649463751474, 28.270636039269199, 0.0 ], [ 77.677225460534601, 28.271019274417018, 0.0 ], [ 77.67670580920209, 28.271362380386677, 0.0 ], [ 77.675885713012605, 28.271989837434148, 0.0 ], [ 77.674693554376944, 28.272788803020465, 0.0 ], [ 77.674729383967332, 28.273185813689231, 0.0 ], [ 77.67512742273162, 28.274223411036704, 0.0 ], [ 77.6742054215878, 28.275049354733543, 0.0 ], [ 77.673695838889557, 28.275257037997523, 0.0 ], [ 77.673517692893938, 28.275776014965, 0.0 ], [ 77.673517825432455, 28.276141389327751, 0.0 ], [ 77.674053164208303, 28.276493109718114, 0.0 ], [ 77.673941346580193, 28.277102265434074, 0.0 ], [ 77.6739107855459, 28.277251141696734, 0.0 ], [ 77.673773312602947, 28.277490327417215, 0.0 ], [ 77.673697002753499, 28.277824205654277, 0.0 ], [ 77.673865422309703, 28.278410655210784, 0.0 ], [ 77.673921774945157, 28.278902402781675, 0.0 ], [ 77.673909226126213, 28.279109576163876, 0.0 ], [ 77.673901553896201, 28.27923627330566, 0.0 ], [ 77.673997831545748, 28.27938152658065, 0.0 ], [ 77.674335059329366, 28.279890288675436, 0.0 ], [ 77.674972461160962, 28.280702202687348, 0.0 ], [ 77.676063829584635, 28.282122990944874, 0.0 ], [ 77.677491564999428, 28.283521050477727, 0.0 ], [ 77.677313292143396, 28.28372412366225, 0.0 ], [ 77.677976302445671, 28.284621655635668, 0.0 ], [ 77.678852203936358, 28.285634624178464, 0.0 ], [ 77.678970753770329, 28.285771723934847, 0.0 ], [ 77.679122847103159, 28.285811076002155, 0.0 ], [ 77.67938875193262, 28.285879874895201, 0.0 ], [ 77.679842342989005, 28.285852620342844, 0.0 ], [ 77.680565950781457, 28.285477883094519, 0.0 ], [ 77.681696781206625, 28.284340434072146, 0.0 ], [ 77.682695131074354, 28.283189574257143, 0.0 ], [ 77.683367334598401, 28.282142534369271, 0.0 ], [ 77.683555689739023, 28.281853695810625, 0.0 ], [ 77.684238413417077, 28.281361695266867, 0.0 ], [ 77.68481920869732, 28.281054609922123, 0.0 ], [ 77.685639342312854, 28.280409127936895, 0.0 ], [ 77.685914421519783, 28.280016461156009, 0.0 ] ] ], [ [ [ 77.652229571280401, 28.292330808934707, 0.0 ], [ 77.652387592938354, 28.292231450125627, 0.0 ], [ 77.65258136848972, 28.292502112961905, 0.0 ], [ 77.652810760178113, 28.292659956346089, 0.0 ], [ 77.654008358137432, 28.291644658010753, 0.0 ], [ 77.654084719104318, 28.29143258479526, 0.0 ], [ 77.654161025131685, 28.291058065406041, 0.0 ], [ 77.654731889108874, 28.290827855256993, 0.0 ], [ 77.65524151197549, 28.290656305036507, 0.0 ], [ 77.655588064504641, 28.290417097743099, 0.0 ], [ 77.656377801978479, 28.289419817090813, 0.0 ], [ 77.656963996044979, 28.289460292616763, 0.0 ], [ 77.656994375328608, 28.28899111491836, 0.0 ], [ 77.656994221251111, 28.288287270753507, 0.0 ], [ 77.656866284478866, 28.286658628284894, 0.0 ], [ 77.656852840556638, 28.286158883984296, 0.0 ], [ 77.656845647730648, 28.285891612436387, 0.0 ], [ 77.656628854888709, 28.285896954931122, 0.0 ], [ 77.65610658011353, 28.285909824133487, 0.0 ], [ 77.65521460804942, 28.285860435876376, 0.0 ], [ 77.654628499687064, 28.285810868706285, 0.0 ], [ 77.654511233901275, 28.285810977037748, 0.0 ], [ 77.654129075344599, 28.285937321832964, 0.0 ], [ 77.653140382680036, 28.28638870554375, 0.0 ], [ 77.652360624771049, 28.286695676555933, 0.0 ], [ 77.651830642831086, 28.286930429002339, 0.0 ], [ 77.651106962365219, 28.287210228928409, 0.0 ], [ 77.65053107375104, 28.287476513327672, 0.0 ], [ 77.650067351074824, 28.287864680242588, 0.0 ], [ 77.649375377283064, 28.288656762606433, 0.0 ], [ 77.649318366726732, 28.28872202232877, 0.0 ], [ 77.649237081177077, 28.288844078748966, 0.0 ], [ 77.648966777868964, 28.289249965499106, 0.0 ], [ 77.648645740959608, 28.289719163494276, 0.0 ], [ 77.648523562897466, 28.290287663794555, 0.0 ], [ 77.648472755817949, 28.29086520172109, 0.0 ], [ 77.648472921559133, 28.291532883968166, 0.0 ], [ 77.648325133253735, 28.291826224105545, 0.0 ], [ 77.647474101418197, 28.292864038699168, 0.0 ], [ 77.646867794538196, 28.293784503931079, 0.0 ], [ 77.646434633586026, 28.294375568278102, 0.0 ], [ 77.646327593497915, 28.294569654125553, 0.0 ], [ 77.64583330962428, 28.294998285650539, 0.0 ], [ 77.645685564687199, 28.295481049335621, 0.0 ], [ 77.645502104336288, 28.295675105279308, 0.0 ], [ 77.644227950931565, 28.296329529643806, 0.0 ], [ 77.642695758261794, 28.297246318269082, 0.0 ], [ 77.642634783057503, 28.297282801202979, 0.0 ], [ 77.642561264537079, 28.297326791023451, 0.0 ], [ 77.642586811749652, 28.297489246277298, 0.0 ], [ 77.642627047173448, 28.297532059258245, 0.0 ], [ 77.64341777705161, 28.298373424952132, 0.0 ], [ 77.644401786648984, 28.299456079976139, 0.0 ], [ 77.645071961609872, 28.299891034629596, 0.0 ], [ 77.645650892760031, 28.300421318719557, 0.0 ], [ 77.645817148325676, 28.300581815653974, 0.0 ], [ 77.645987364782428, 28.300746134671801, 0.0 ], [ 77.646101104857422, 28.300636873557472, 0.0 ], [ 77.647847520805556, 28.298959213232017, 0.0 ], [ 77.648637485834342, 28.29798906006663, 0.0 ], [ 77.648994218912136, 28.297646129012925, 0.0 ], [ 77.649595577871509, 28.297257983638076, 0.0 ], [ 77.650207149131276, 28.29665779893832, 0.0 ], [ 77.650385387640227, 28.296256245454565, 0.0 ], [ 77.650548299287351, 28.295484789008107, 0.0 ], [ 77.650451497820399, 28.295295310156256, 0.0 ], [ 77.650160829097246, 28.295038174967296, 0.0 ], [ 77.650237300255938, 28.294925317497153, 0.0 ], [ 77.650512413391255, 28.294681672039257, 0.0 ], [ 77.650838608088236, 28.294379308741469, 0.0 ], [ 77.650904880430119, 28.294207838633515, 0.0 ], [ 77.650838506812732, 28.294004857764321, 0.0 ], [ 77.650869050579715, 28.293919130299884, 0.0 ], [ 77.651500953035679, 28.293201672087939, 0.0 ], [ 77.652229571280401, 28.292330808934707, 0.0 ] ] ], [ [ [ 77.666950633948318, 28.322200520194432, 0.0 ], [ 77.667721242562664, 28.321417880869532, 0.0 ], [ 77.668781975752154, 28.321967898647198, 0.0 ], [ 77.675937925435861, 28.317070311276012, 0.0 ], [ 77.677911231799641, 28.317583846435625, 0.0 ], [ 77.679593593627558, 28.317325984782375, 0.0 ], [ 77.679062216070278, 28.315196711580572, 0.0 ], [ 77.680550940007876, 28.315155538356194, 0.0 ], [ 77.679877240190365, 28.31375268977175, 0.0 ], [ 77.679254773711747, 28.312773934689833, 0.0 ], [ 77.678005162827517, 28.31170967519331, 0.0 ], [ 77.67685910155798, 28.310156785239545, 0.0 ], [ 77.67675020899577, 28.310009238429881, 0.0 ], [ 77.675163918635761, 28.308178124688361, 0.0 ], [ 77.673771598684226, 28.306946912053675, 0.0 ], [ 77.67242507703277, 28.305413497312589, 0.0 ], [ 77.671945704372561, 28.304818118300247, 0.0 ], [ 77.67098168613569, 28.303627368798203, 0.0 ], [ 77.668581219655607, 28.304859835842738, 0.0 ], [ 77.667953894011518, 28.304264481422585, 0.0 ], [ 77.66747487910304, 28.304521776055772, 0.0 ], [ 77.667041411038909, 28.304179069079957, 0.0 ], [ 77.666659123038485, 28.304310028031242, 0.0 ], [ 77.665598613559553, 28.303629111293322, 0.0 ], [ 77.665164952634939, 28.302776490645538, 0.0 ], [ 77.664069718591008, 28.303026113267517, 0.0 ], [ 77.66391611392902, 28.303061123497528, 0.0 ], [ 77.663761511154988, 28.303149343991389, 0.0 ], [ 77.663594583933232, 28.303244596965666, 0.0 ], [ 77.661654952622087, 28.30459787347494, 0.0 ], [ 77.66151573257622, 28.304695004117772, 0.0 ], [ 77.661460401311828, 28.304816253006322, 0.0 ], [ 77.661225377349481, 28.305331239951105, 0.0 ], [ 77.661899081907023, 28.307627434940759, 0.0 ], [ 77.662429576445192, 28.308525165107525, 0.0 ], [ 77.66031443626764, 28.309883750676274, 0.0 ], [ 77.660462613185032, 28.311034119450706, 0.0 ], [ 77.661084870567578, 28.311927323598724, 0.0 ], [ 77.662094663816873, 28.312865402348685, 0.0 ], [ 77.662722147541672, 28.314227823599236, 0.0 ], [ 77.663681231855577, 28.315842710311554, 0.0 ], [ 77.664069201611568, 28.317159939547842, 0.0 ], [ 77.663972664232844, 28.31813903156317, 0.0 ], [ 77.663752906037217, 28.319274878556975, 0.0 ], [ 77.663733477965707, 28.319375288693159, 0.0 ], [ 77.663766252161849, 28.319409142910356, 0.0 ], [ 77.66388694921757, 28.319533823824383, 0.0 ], [ 77.666038941438657, 28.321756745559696, 0.0 ], [ 77.66666836059936, 28.322222345048061, 0.0 ], [ 77.666819243899184, 28.322333959362524, 0.0 ], [ 77.666950633948318, 28.322200520194432, 0.0 ] ] ], [ [ [ 77.546137580149917, 28.652949086421479, 0.0 ], [ 77.546482790126362, 28.652829546293983, 0.0 ], [ 77.546868913753684, 28.652865654925836, 0.0 ], [ 77.547267822975456, 28.652743911815492, 0.0 ], [ 77.548053007581998, 28.652281550460472, 0.0 ], [ 77.548459639249131, 28.652153044224871, 0.0 ], [ 77.549479998885801, 28.651571185162037, 0.0 ], [ 77.550086124837009, 28.651255399980101, 0.0 ], [ 77.550541281721564, 28.651133685786245, 0.0 ], [ 77.551285342220197, 28.651765356266409, 0.0 ], [ 77.551766137933797, 28.651582666084021, 0.0 ], [ 77.552400347528064, 28.651255652402543, 0.0 ], [ 77.552712283185897, 28.651542126880873, 0.0 ], [ 77.55297309507381, 28.651298549757062, 0.0 ], [ 77.553331120498527, 28.651066183632686, 0.0 ], [ 77.553717292572969, 28.650824891558294, 0.0 ], [ 77.554019108525438, 28.650653395451855, 0.0 ], [ 77.554377118338877, 28.650495602038401, 0.0 ], [ 77.55466860216832, 28.65025194022294, 0.0 ], [ 77.554778609152066, 28.6499722948627, 0.0 ], [ 77.555108521454414, 28.649730872452025, 0.0 ], [ 77.555438315790468, 28.649548244050052, 0.0 ], [ 77.555714563498029, 28.649412860759401, 0.0 ], [ 77.555824535796603, 28.649584331894815, 0.0 ], [ 77.555975363097033, 28.649936215318323, 0.0 ], [ 77.556113451869706, 28.650058033067438, 0.0 ], [ 77.556540465727366, 28.649949813654029, 0.0 ], [ 77.557182360769843, 28.649579877742831, 0.0 ], [ 77.557568448084012, 28.64934756399575, 0.0 ], [ 77.557885528092115, 28.649203169990518, 0.0 ], [ 77.558243608949766, 28.648946026656652, 0.0 ], [ 77.558435340171215, 28.648666343624409, 0.0 ], [ 77.558780577945356, 28.648485871431532, 0.0 ], [ 77.559110469335991, 28.648303144974967, 0.0 ], [ 77.559386656174183, 28.648228753289011, 0.0 ], [ 77.559729245368587, 28.648034754480594, 0.0 ], [ 77.560020828602973, 28.647901707607872, 0.0 ], [ 77.560225332394566, 28.647755039276298, 0.0 ], [ 77.560478753866633, 28.647640091679904, 0.0 ], [ 77.560578274496009, 28.647594951677529, 0.0 ], [ 77.560563035181659, 28.64752335820523, 0.0 ], [ 77.560358351916875, 28.646561760565003, 0.0 ], [ 77.55991852307838, 28.644833940134138, 0.0 ], [ 77.559711437453359, 28.644238392801707, 0.0 ], [ 77.559519697882394, 28.643645188882562, 0.0 ], [ 77.559409775091908, 28.643153403137777, 0.0 ], [ 77.559079921496064, 28.642535338074364, 0.0 ], [ 77.558859990934693, 28.641784202385804, 0.0 ], [ 77.55854300560226, 28.641019473452804, 0.0 ], [ 77.558241317632863, 28.640211955875465, 0.0 ], [ 77.558006101771994, 28.639763013423469, 0.0 ], [ 77.557760690604141, 28.63926676646086, 0.0 ], [ 77.557497263239497, 28.638745658771612, 0.0 ], [ 77.557292797309429, 28.638441200466005, 0.0 ], [ 77.556962977338515, 28.63807125555757, 0.0 ], [ 77.556702204541637, 28.63790206117465, 0.0 ], [ 77.55637234259207, 28.637671910669876, 0.0 ], [ 77.556070593921675, 28.637392196146344, 0.0 ], [ 77.555835460078413, 28.637209450542784, 0.0 ], [ 77.555341997344527, 28.636749303150488, 0.0 ], [ 77.555053055811797, 28.636458316085399, 0.0 ], [ 77.554406261605365, 28.635912344289157, 0.0 ], [ 77.553347812111099, 28.634971678322557, 0.0 ], [ 77.553115072327344, 28.635143133669828, 0.0 ], [ 77.552810847368406, 28.634910707264059, 0.0 ], [ 77.552590999326156, 28.634633248875353, 0.0 ], [ 77.552248460839763, 28.634292633756854, 0.0 ], [ 77.552015812543956, 28.634026444309757, 0.0 ], [ 77.55172697421159, 28.633699309683681, 0.0 ], [ 77.551409898931183, 28.633369998480315, 0.0 ], [ 77.550913922648988, 28.632817332435135, 0.0 ], [ 77.550571440117096, 28.632210511203862, 0.0 ], [ 77.550297908702021, 28.631919474306372, 0.0 ], [ 77.550144512180893, 28.631689354371705, 0.0 ], [ 77.549924629690437, 28.631398405815421, 0.0 ], [ 77.549623043668774, 28.631096112670612, 0.0 ], [ 77.5492523485986, 28.630755424695984, 0.0 ], [ 77.548426645583248, 28.630105681439606, 0.0 ], [ 77.548165812019462, 28.629972612419657, 0.0 ], [ 77.548206780241955, 28.629645485877891, 0.0 ], [ 77.547905171415522, 28.629318420863882, 0.0 ], [ 77.547603490776169, 28.628952918768938, 0.0 ], [ 77.547258441881837, 28.628614545068245, 0.0 ], [ 77.547038574434126, 28.628323499436004, 0.0 ], [ 77.546957899921352, 28.628087794861173, 0.0 ], [ 77.54692356108734, 28.627987463104983, 0.0 ], [ 77.546965798534487, 28.62795449810033, 0.0 ], [ 77.547478454647944, 28.627554392185264, 0.0 ], [ 77.548069106308262, 28.627152964128637, 0.0 ], [ 77.548634137039073, 28.626801133811, 0.0 ], [ 77.548756802228397, 28.62676503938852, 0.0 ], [ 77.549127596638996, 28.626546263393411, 0.0 ], [ 77.549774392541579, 28.626086156769638, 0.0 ], [ 77.550352300093877, 28.625623797888018, 0.0 ], [ 77.550999092935442, 28.625242573756317, 0.0 ], [ 77.551295748997404, 28.625013391226908, 0.0 ], [ 77.55210619881295, 28.624546518252536, 0.0 ], [ 77.552722339377212, 28.624158579898275, 0.0 ], [ 77.553317982743536, 28.62381353043703, 0.0 ], [ 77.553913714051873, 28.623495540770168, 0.0 ], [ 77.55423588310299, 28.623306003345835, 0.0 ], [ 77.554519594863237, 28.623073679677841, 0.0 ], [ 77.555179222973166, 28.622715109237163, 0.0 ], [ 77.555795355645117, 28.622268449781874, 0.0 ], [ 77.55605866001369, 28.622090300237144, 0.0 ], [ 77.556324602590749, 28.621862471071413, 0.0 ], [ 77.556636447799903, 28.621742946151517, 0.0 ], [ 77.557135054389917, 28.621361721844149, 0.0 ], [ 77.557769023503852, 28.620921930706924, 0.0 ], [ 77.558083444289906, 28.620750430254766, 0.0 ], [ 77.558878561881556, 28.620315117070284, 0.0 ], [ 77.55949467442673, 28.620037687257515, 0.0 ], [ 77.560159289227883, 28.619762463891476, 0.0 ], [ 77.560714068090292, 28.619442170388325, 0.0 ], [ 77.561388936650715, 28.619142147264071, 0.0 ], [ 77.561874635824694, 28.618930139986769, 0.0 ], [ 77.561874917418791, 28.618930358940101, 0.0 ], [ 77.562258127233704, 28.61922788634423, 0.0 ], [ 77.562927893682996, 28.61999939508619, 0.0 ], [ 77.563613040359769, 28.620766272862948, 0.0 ], [ 77.564287973245627, 28.621508406728736, 0.0 ], [ 77.56530802154991, 28.622582088009555, 0.0 ], [ 77.565952338510996, 28.623349063428556, 0.0 ], [ 77.566363882562854, 28.623919759936541, 0.0 ], [ 77.567051724986641, 28.625061106311616, 0.0 ], [ 77.567187176638015, 28.625290297445311, 0.0 ], [ 77.567215356038744, 28.625800109589729, 0.0 ], [ 77.567312542626212, 28.626077518214153, 0.0 ], [ 77.568261004823839, 28.626684270877874, 0.0 ], [ 77.569099609045992, 28.627194037293592, 0.0 ], [ 77.569416670750556, 28.627376729177058, 0.0 ], [ 77.569731097353696, 28.627460219278163, 0.0 ], [ 77.570007289910848, 28.627728607400417, 0.0 ], [ 77.570365244445085, 28.62799475328098, 0.0 ], [ 77.570983892630281, 28.628333109980595, 0.0 ], [ 77.571298431560891, 28.628565387434147, 0.0 ], [ 77.57192990525634, 28.628912741294762, 0.0 ], [ 77.57252056255939, 28.629300659814053, 0.0 ], [ 77.57304469519616, 28.629677290934389, 0.0 ], [ 77.573387332516745, 28.629871278677882, 0.0 ], [ 77.573579123678499, 28.630053984785921, 0.0 ], [ 77.573774600796241, 28.630206185726813, 0.0 ], [ 77.573839866115719, 28.630257001648342, 0.0 ], [ 77.573881195756741, 28.630317034179001, 0.0 ], [ 77.574057238759153, 28.630572737755504, 0.0 ], [ 77.574315554519217, 28.630926888228629, 0.0 ], [ 77.574405016097288, 28.63105767857579, 0.0 ], [ 77.574630055509303, 28.631262995057885, 0.0 ], [ 77.574890863182361, 28.631409595778099, 0.0 ], [ 77.575172078690358, 28.631666674739048, 0.0 ], [ 77.575317868336953, 28.631761444265546, 0.0 ], [ 77.575445716353173, 28.631912538681753, 0.0 ], [ 77.575903399128862, 28.632280169071549, 0.0 ], [ 77.575747419732224, 28.632419984435032, 0.0 ], [ 77.575627260752299, 28.632487691485977, 0.0 ], [ 77.575617128291114, 28.632650083181474, 0.0 ], [ 77.575686188807765, 28.632803496075606, 0.0 ], [ 77.575328221606597, 28.632952443336823, 0.0 ], [ 77.575586539348549, 28.633392266938372, 0.0 ], [ 77.575696445597515, 28.633599777366953, 0.0 ], [ 77.575829421311084, 28.6339358761218, 0.0 ], [ 77.57585247512533, 28.634177200201101, 0.0 ], [ 77.576110779826465, 28.634084713349758, 0.0 ], [ 77.576637341892493, 28.633804946332084, 0.0 ], [ 77.576826550053681, 28.63372599377519, 0.0 ], [ 77.57694668889809, 28.633638013351991, 0.0 ], [ 77.577332818823038, 28.633441697745276, 0.0 ], [ 77.577465657740106, 28.633358219970582, 0.0 ], [ 77.577649814501953, 28.633276988249083, 0.0 ], [ 77.578010233485585, 28.633087435822162, 0.0 ], [ 77.578296588695636, 28.632990415544118, 0.0 ], [ 77.578590723403806, 28.633369409114405, 0.0 ], [ 77.578703171140134, 28.633617501433854, 0.0 ], [ 77.578897586131234, 28.633730248915484, 0.0 ], [ 77.579017756490686, 28.633971577299498, 0.0 ], [ 77.579255576684105, 28.634258077221837, 0.0 ], [ 77.579362969510058, 28.63442949687499, 0.0 ], [ 77.580053205004063, 28.634084228166945, 0.0 ], [ 77.580255192027565, 28.633973635053639, 0.0 ], [ 77.580794644384767, 28.633725513985869, 0.0 ], [ 77.581009346514904, 28.633522465432502, 0.0 ], [ 77.581247190419134, 28.633423145647647, 0.0 ], [ 77.58152066920114, 28.633330603759909, 0.0 ], [ 77.58183513143652, 28.633156858121421, 0.0 ], [ 77.581985954050452, 28.633073374665997, 0.0 ], [ 77.582167525210551, 28.632953847247396, 0.0 ], [ 77.582832181806054, 28.632655969929601, 0.0 ], [ 77.583016251749484, 28.632595002992005, 0.0 ], [ 77.583018762872442, 28.632599535766293, 0.0 ], [ 77.583369213535349, 28.633382251212101, 0.0 ], [ 77.583538092540721, 28.633707053574039, 0.0 ], [ 77.583821985762967, 28.634325021957828, 0.0 ], [ 77.584006090856192, 28.634647576989586, 0.0 ], [ 77.584300332335133, 28.63538063715033, 0.0 ], [ 77.584415380539511, 28.635640045601182, 0.0 ], [ 77.584740286038397, 28.636240009661286, 0.0 ], [ 77.584852771851374, 28.636422692953211, 0.0 ], [ 77.584955090538287, 28.636582840396088, 0.0 ], [ 77.585021633287752, 28.636711350461258, 0.0 ], [ 77.584691810092721, 28.636936971343108, 0.0 ], [ 77.584796743589251, 28.637144490581534, 0.0 ], [ 77.584906675651141, 28.63723925836549, 0.0 ], [ 77.585310748437507, 28.637676771261741, 0.0 ], [ 77.585466818237933, 28.637863965333313, 0.0 ], [ 77.585535840217688, 28.637988017666288, 0.0 ], [ 77.585837567302832, 28.638315098810253, 0.0 ], [ 77.585968044433855, 28.638497777465279, 0.0 ], [ 77.586065250787172, 28.638637574233897, 0.0 ], [ 77.586313286358148, 28.638924032109095, 0.0 ], [ 77.58644635878521, 28.639005205487731, 0.0 ], [ 77.586540911808328, 28.639115700215797, 0.0 ], [ 77.586666245609123, 28.639284907890247, 0.0 ], [ 77.587113848752935, 28.639708853573481, 0.0 ], [ 77.587231506640961, 28.639839693735848, 0.0 ], [ 77.587374666768298, 28.640006601564323, 0.0 ], [ 77.587676443807268, 28.640272679192144, 0.0 ], [ 77.587901522264502, 28.640520811283025, 0.0 ], [ 77.588617460682485, 28.640491260282491, 0.0 ], [ 77.588844995696405, 28.640414524137427, 0.0 ], [ 77.589126292823792, 28.640396480128082, 0.0 ], [ 77.589346193944849, 28.640364850266259, 0.0 ], [ 77.58998543209367, 28.64031734985549, 0.0 ], [ 77.590315166065807, 28.640294714472901, 0.0 ], [ 77.590604124632605, 28.640267610601981, 0.0 ], [ 77.590926258787775, 28.640256233653975, 0.0 ], [ 77.591146186778531, 28.640217813798891, 0.0 ], [ 77.591289330056412, 28.640208781138448, 0.0 ], [ 77.591690819605589, 28.640174841850829, 0.0 ], [ 77.591903042015588, 28.640147770834567, 0.0 ], [ 77.592112692155979, 28.640113872826952, 0.0 ], [ 77.592286558997969, 28.640118328923581, 0.0 ], [ 77.592555000136414, 28.64008219795415, 0.0 ], [ 77.592851621614344, 28.640088869978822, 0.0 ], [ 77.593071446705096, 28.639980548648779, 0.0 ], [ 77.593314401810815, 28.639955681814055, 0.0 ], [ 77.593692758419181, 28.639951108052799, 0.0 ], [ 77.593756772019958, 28.640194695933342, 0.0 ], [ 77.593879573626637, 28.640393213422112, 0.0 ], [ 77.594007552060404, 28.640754075724633, 0.0 ], [ 77.594076611141503, 28.640758509218117, 0.0 ], [ 77.59422740472796, 28.640638965414013, 0.0 ], [ 77.594357780104261, 28.640607355876746, 0.0 ], [ 77.594784750732032, 28.640476375968603, 0.0 ], [ 77.594981643860891, 28.640451546666615, 0.0 ], [ 77.595137548366324, 28.640336481910321, 0.0 ], [ 77.595306320485562, 28.640340948799746, 0.0 ], [ 77.595802295170031, 28.640201006789919, 0.0 ], [ 77.596001700013744, 28.640067790766832, 0.0 ], [ 77.596298279845641, 28.639979791772699, 0.0 ], [ 77.596863279851561, 28.639808229057056, 0.0 ], [ 77.597083185991607, 28.63965247969211, 0.0 ], [ 77.597295345669153, 28.639623107357259, 0.0 ], [ 77.597799030304643, 28.639390629039923, 0.0 ], [ 77.597985607676932, 28.639318400541406, 0.0 ], [ 77.598210633025815, 28.639225835932951, 0.0 ], [ 77.598601716026408, 28.639052110662117, 0.0 ], [ 77.598778150679706, 28.639020457190121, 0.0 ], [ 77.598926366166921, 28.638894081104656, 0.0 ], [ 77.599033759484257, 28.638862489068021, 0.0 ], [ 77.599565514613161, 28.638602908384819, 0.0 ], [ 77.599764918304075, 28.638485557417297, 0.0 ], [ 77.599923376661948, 28.638415563160059, 0.0 ], [ 77.600424469808445, 28.638160563736687, 0.0 ], [ 77.600600791691008, 28.638016170793502, 0.0 ], [ 77.600795113148422, 28.637930387659395, 0.0 ], [ 77.601303852834178, 28.637607619871414, 0.0 ], [ 77.601470020635674, 28.637515175405209, 0.0 ], [ 77.601597821575879, 28.637449674131904, 0.0 ], [ 77.602098872461525, 28.637212647427436, 0.0 ], [ 77.602267507155304, 28.637056945184515, 0.0 ], [ 77.602556414518077, 28.636977992024597, 0.0 ], [ 77.603502271979536, 28.636438508440808, 0.0 ], [ 77.603987972240461, 28.63614519866174, 0.0 ], [ 77.604136142613925, 28.636063855638923, 0.0 ], [ 77.604264067967492, 28.636018717866534, 0.0 ], [ 77.604675584836031, 28.635781807082548, 0.0 ], [ 77.604977169481572, 28.635659835157238, 0.0 ], [ 77.605394229412283, 28.63621463023399, 0.0 ], [ 77.605473491875671, 28.636374785359319, 0.0 ], [ 77.605593736598237, 28.636566469442901, 0.0 ], [ 77.605752379572721, 28.636821285546784, 0.0 ], [ 77.606059314933944, 28.637123456138021, 0.0 ], [ 77.606258684695462, 28.636985822462673, 0.0 ], [ 77.606470882944564, 28.636775915787037, 0.0 ], [ 77.606948776002412, 28.6363855216741, 0.0 ], [ 77.607148178448867, 28.636256877618788, 0.0 ], [ 77.607362890355631, 28.636148551358261, 0.0 ], [ 77.607794854273067, 28.635821310633901, 0.0 ], [ 77.607958462245662, 28.635672407475319, 0.0 ], [ 77.608157800037489, 28.635568619688677, 0.0 ], [ 77.608579573535678, 28.635214255570862, 0.0 ], [ 77.608753341547924, 28.635126228399457, 0.0 ], [ 77.608860705397063, 28.634993176654099, 0.0 ], [ 77.609103480138103, 28.634787759878549, 0.0 ], [ 77.609325986088649, 28.634992987357688, 0.0 ], [ 77.60949229670031, 28.635157561802899, 0.0 ], [ 77.609638114940935, 28.635333479798209, 0.0 ], [ 77.610121473096001, 28.635669380198475, 0.0 ], [ 77.610303113311346, 28.635804646238835, 0.0 ], [ 77.610438726324162, 28.635949039219302, 0.0 ], [ 77.610904154522103, 28.636271367835988, 0.0 ], [ 77.611029536695639, 28.636390932014315, 0.0 ], [ 77.612009103259979, 28.6371417068253, 0.0 ], [ 77.61237752219759, 28.637529541767165, 0.0 ], [ 77.61249776973267, 28.637651320963435, 0.0 ], [ 77.612779111036915, 28.637998592787334, 0.0 ], [ 77.613063007866899, 28.638050351145733, 0.0 ], [ 77.613226612917174, 28.637955563108044, 0.0 ], [ 77.613615186270906, 28.637797541858891, 0.0 ], [ 77.613978128515583, 28.637598866797376, 0.0 ], [ 77.614151948247368, 28.637470198987391, 0.0 ], [ 77.614315465454084, 28.637379903172508, 0.0 ], [ 77.614599245293519, 28.637253519671148, 0.0 ], [ 77.614849762756478, 28.63714287484742, 0.0 ], [ 77.615243457940281, 28.636912641788662, 0.0 ], [ 77.615243208136761, 28.636497563668716, 0.0 ], [ 77.615299240222186, 28.636064429599234, 0.0 ], [ 77.615368179099121, 28.635890714340011, 0.0 ], [ 77.615506018927192, 28.63542605413501, 0.0 ], [ 77.615610760511501, 28.635261312306305, 0.0 ], [ 77.615743607013982, 28.635078552443776, 0.0 ], [ 77.61610903317515, 28.634597932400698, 0.0 ], [ 77.616566439640565, 28.634189500060067, 0.0 ], [ 77.616980390622032, 28.633769776167728, 0.0 ], [ 77.617256464538144, 28.633562091891534, 0.0 ], [ 77.617683199348178, 28.633142373125285, 0.0 ], [ 77.617831423018345, 28.632997908130733, 0.0 ], [ 77.618237720878113, 28.632684198090786, 0.0 ], [ 77.618406423536783, 28.632512702538165, 0.0 ], [ 77.618529047254412, 28.632336758643351, 0.0 ], [ 77.618858578028679, 28.631894489424734, 0.0 ], [ 77.618940275731518, 28.631607950933773, 0.0 ], [ 77.619016851020504, 28.631447739388534, 0.0 ], [ 77.619039791157689, 28.631265079821411, 0.0 ], [ 77.619146978009439, 28.630983048855523, 0.0 ], [ 77.619305453579216, 28.630802501668946, 0.0 ], [ 77.619443385682914, 28.630619721684237, 0.0 ], [ 77.619900846810623, 28.630272187026389, 0.0 ], [ 77.62005677386766, 28.630105176951481, 0.0 ], [ 77.620194653862185, 28.629963031700616, 0.0 ], [ 77.620664937017196, 28.629624399082729, 0.0 ], [ 77.620854089137353, 28.629486778097661, 0.0 ], [ 77.621045704911083, 28.629367080909542, 0.0 ], [ 77.621510903941854, 28.629033048949225, 0.0 ], [ 77.622338833650275, 28.62844399284041, 0.0 ], [ 77.622727357238574, 28.628177612760233, 0.0 ], [ 77.62283971899042, 28.628064806419797, 0.0 ], [ 77.623391834357463, 28.627719402711897, 0.0 ], [ 77.623568091426023, 28.627608830114625, 0.0 ], [ 77.623727608334562, 28.627378574547933, 0.0 ], [ 77.62404477687781, 28.627173506452113, 0.0 ], [ 77.62410254863795, 28.627266290786139, 0.0 ], [ 77.624106377825072, 28.627263836190238, 0.0 ], [ 77.623959422545681, 28.626973933896689, 0.0 ], [ 77.623703094529731, 28.626670326424545, 0.0 ], [ 77.623439608418906, 28.626476523136326, 0.0 ], [ 77.622864177657135, 28.62611131058943, 0.0 ], [ 77.622692876446678, 28.626000885255529, 0.0 ], [ 77.622311816528935, 28.625795790228285, 0.0 ], [ 77.622181404066936, 28.625732663961276, 0.0 ], [ 77.622022702011151, 28.62553427245696, 0.0 ], [ 77.621690197151082, 28.625090022602009, 0.0 ], [ 77.620393577683842, 28.624371902757595, 0.0 ], [ 77.619828354588094, 28.624006646445995, 0.0 ], [ 77.619613502526164, 28.623830806221594, 0.0 ], [ 77.619278536525158, 28.623646020649364, 0.0 ], [ 77.618961409185587, 28.623409304567602, 0.0 ], [ 77.618708199116838, 28.623260501892982, 0.0 ], [ 77.618503655106281, 28.623154530046541, 0.0 ], [ 77.618191678257816, 28.622985494712132, 0.0 ], [ 77.617889934334627, 28.622814227292317, 0.0 ], [ 77.617690424456043, 28.62270603522304, 0.0 ], [ 77.617468001781972, 28.622627130996086, 0.0 ], [ 77.617046042224132, 28.622392699913178, 0.0 ], [ 77.616675180193354, 28.62211765873078, 0.0 ], [ 77.616526863913279, 28.621980141429198, 0.0 ], [ 77.616316852667353, 28.621199768419515, 0.0 ], [ 77.615774617749878, 28.620656327881498, 0.0 ], [ 77.615020348711013, 28.620473893924089, 0.0 ], [ 77.614744170446144, 28.620216865890328, 0.0 ], [ 77.614677416294683, 28.619648508168826, 0.0 ], [ 77.615224339092634, 28.619415881364169, 0.0 ], [ 77.615518255653456, 28.6192466216966, 0.0 ], [ 77.615720180319826, 28.619174325713413, 0.0 ], [ 77.6160370540793, 28.619027606897333, 0.0 ], [ 77.61639750430804, 28.618912452437293, 0.0 ], [ 77.616706809806615, 28.61885138823903, 0.0 ], [ 77.616893372558152, 28.618799408378027, 0.0 ], [ 77.617225595100322, 28.618643652281055, 0.0 ], [ 77.617527138435449, 28.618445056767769, 0.0 ], [ 77.617777649808872, 28.618316333452857, 0.0 ], [ 77.617984592318507, 28.618198976550037, 0.0 ], [ 77.618738541619322, 28.617914477787902, 0.0 ], [ 77.619012006472843, 28.617754171276012, 0.0 ], [ 77.619127067570631, 28.617668375145623, 0.0 ], [ 77.619518053684203, 28.617467440157611, 0.0 ], [ 77.619942266754109, 28.617203337683712, 0.0 ], [ 77.620139023312873, 28.617047665592363, 0.0 ], [ 77.620509575256676, 28.616806153191565, 0.0 ], [ 77.620849400328751, 28.616589408225884, 0.0 ], [ 77.621127983950274, 28.616384042060687, 0.0 ], [ 77.621294045333059, 28.616235066109223, 0.0 ], [ 77.62158271975764, 28.616018383834245, 0.0 ], [ 77.62188678733601, 28.6156979970945, 0.0 ], [ 77.622098836910212, 28.615492556176786, 0.0 ], [ 77.622285364551757, 28.615327830750186, 0.0 ], [ 77.622637988426391, 28.615050270411238, 0.0 ], [ 77.623128528529492, 28.614671012648081, 0.0 ], [ 77.623784038032525, 28.614264762621403, 0.0 ], [ 77.624047548107569, 28.613944592968096, 0.0 ], [ 77.624213766056087, 28.613798000873857, 0.0 ], [ 77.624456657263949, 28.613653741976385, 0.0 ], [ 77.624917123531944, 28.613193856581663, 0.0 ], [ 77.625075652139003, 28.613008896698918, 0.0 ], [ 77.625313506905272, 28.612866946474881, 0.0 ], [ 77.625541173719753, 28.612632468992533, 0.0 ], [ 77.625615451954801, 28.612422680152179, 0.0 ], [ 77.625774017614688, 28.612208457304167, 0.0 ], [ 77.625930111448099, 28.611987501011452, 0.0 ], [ 77.626096468141014, 28.611653682726587, 0.0 ], [ 77.626267840969277, 28.611340210653843, 0.0 ], [ 77.626441809407041, 28.611157588354136, 0.0 ], [ 77.626641331117227, 28.610812519492612, 0.0 ], [ 77.626774413229541, 28.610647910582443, 0.0 ], [ 77.627035280081571, 28.610438233843656, 0.0 ], [ 77.627227016108549, 28.610294035337272, 0.0 ], [ 77.627441867155838, 28.610093305845371, 0.0 ], [ 77.627638790993515, 28.609933222391415, 0.0 ], [ 77.627996725615048, 28.609719114489927, 0.0 ], [ 77.628249852084807, 28.60964251644004, 0.0 ], [ 77.628495217638701, 28.609705786829227, 0.0 ], [ 77.628768736704671, 28.609764521433757, 0.0 ], [ 77.629072923405218, 28.609719594404453, 0.0 ], [ 77.629540827923037, 28.609516748097128, 0.0 ], [ 77.629719793815624, 28.609376943474363, 0.0 ], [ 77.630001136322079, 28.609090600870363, 0.0 ], [ 77.630499789495502, 28.608714098276135, 0.0 ], [ 77.630829764263979, 28.608281152768711, 0.0 ], [ 77.631157105525674, 28.607969988586834, 0.0 ], [ 77.631328474156547, 28.607699441414329, 0.0 ], [ 77.631395116764452, 28.607376887018365, 0.0 ], [ 77.631474560045675, 28.607097178225349, 0.0 ], [ 77.631589690797057, 28.606864874340452, 0.0 ], [ 77.631715170617255, 28.606465676873896, 0.0 ], [ 77.631781745081398, 28.606217608049, 0.0 ], [ 77.631955662304435, 28.606025896147798, 0.0 ], [ 77.632288051867732, 28.605705721965588, 0.0 ], [ 77.632605175307361, 28.605493840119887, 0.0 ], [ 77.632500429069637, 28.605306527745338, 0.0 ], [ 77.63237793313138, 28.605074184293887, 0.0 ], [ 77.632296157552176, 28.604886937130647, 0.0 ], [ 77.632293714800767, 28.604665823452745, 0.0 ], [ 77.632373177916676, 28.60437941591065, 0.0 ], [ 77.632496002653895, 28.604032099037656, 0.0 ], [ 77.632657135979002, 28.603867441034229, 0.0 ], [ 77.632802885406448, 28.603664485294079, 0.0 ], [ 77.633022913091736, 28.603360071678175, 0.0 ], [ 77.633235145468277, 28.603121040773754, 0.0 ], [ 77.633378315196822, 28.602988038811446, 0.0 ], [ 77.63360341354452, 28.602821208955195, 0.0 ], [ 77.633843762170699, 28.602634056448956, 0.0 ], [ 77.63411988036809, 28.602386062902493, 0.0 ], [ 77.634319376231048, 28.602237199208616, 0.0 ], [ 77.634559665480111, 28.602074904451019, 0.0 ], [ 77.634876805588846, 28.601779541420076, 0.0 ], [ 77.635035314789704, 28.601610438421321, 0.0 ], [ 77.635257753558449, 28.60146842457192, 0.0 ], [ 77.635643872617607, 28.601163989954031, 0.0 ], [ 77.63600697377052, 28.600900218468993, 0.0 ], [ 77.636323874001832, 28.600830422276008, 0.0 ], [ 77.636584689688632, 28.60068163780986, 0.0 ], [ 77.636899220054318, 28.6005012650628, 0.0 ], [ 77.637200833467745, 28.600404362760329, 0.0 ], [ 77.637397739659775, 28.600260134959097, 0.0 ], [ 77.63761244011468, 28.600120298257576, 0.0 ], [ 77.637832331090507, 28.59991513077992, 0.0 ], [ 77.638141783312776, 28.599662578232394, 0.0 ], [ 77.638330977372391, 28.59951383180265, 0.0 ], [ 77.638527827268916, 28.599432622931662, 0.0 ], [ 77.638824357322278, 28.599236476774852, 0.0 ], [ 77.639008432706419, 28.599132786940409, 0.0 ], [ 77.639235972779915, 28.598995339385599, 0.0 ], [ 77.639581163579976, 28.598765326660516, 0.0 ], [ 77.639294991956007, 28.598541943677798, 0.0 ], [ 77.639169873596614, 28.598305069295233, 0.0 ], [ 77.639141874411322, 28.598077154243221, 0.0 ], [ 77.639177740937257, 28.597835872191265, 0.0 ], [ 77.63912167169083, 28.597542592986002, 0.0 ], [ 77.639323660186903, 28.597294502379857, 0.0 ], [ 77.639712138078139, 28.597269881993981, 0.0 ], [ 77.640013618996676, 28.597513581785421, 0.0 ], [ 77.64020271743631, 28.597687278426392, 0.0 ], [ 77.640504319854486, 28.597513771262307, 0.0 ], [ 77.640785612439231, 28.597265657570965, 0.0 ], [ 77.641046354291106, 28.597153007428979, 0.0 ], [ 77.641330103441618, 28.597087664819579, 0.0 ], [ 77.641598577514813, 28.596896052030495, 0.0 ], [ 77.641900183914885, 28.596711167059155, 0.0 ], [ 77.64206130006373, 28.596573651139693, 0.0 ], [ 77.642383455411135, 28.596406772561629, 0.0 ], [ 77.642616066271813, 28.596176835428107, 0.0 ], [ 77.64284111088358, 28.596027969383055, 0.0 ], [ 77.643045599233375, 28.595910724008803, 0.0 ], [ 77.643375390523772, 28.595680750932502, 0.0 ], [ 77.643680922254774, 28.595431035478597, 0.0 ], [ 77.643758835790436, 28.595367356745722, 0.0 ], [ 77.643834429483164, 28.595426151632285, 0.0 ], [ 77.644165072323943, 28.595683323007467, 0.0 ], [ 77.645291876770017, 28.596709944736062, 0.0 ], [ 77.645611380930617, 28.596595034962874, 0.0 ], [ 77.646115013646337, 28.596125991000207, 0.0 ], [ 77.647620933676293, 28.594903803269226, 0.0 ], [ 77.647884126407433, 28.595073079261059, 0.0 ], [ 77.648612211446661, 28.595815480046948, 0.0 ], [ 77.64940173659879, 28.596469799839422, 0.0 ], [ 77.649994912969774, 28.595942158815454, 0.0 ], [ 77.650835951169157, 28.595294962757638, 0.0 ], [ 77.651595262057995, 28.594604912766716, 0.0 ], [ 77.652134768749235, 28.594122341171811, 0.0 ], [ 77.652899001120446, 28.593881215406967, 0.0 ], [ 77.653686102792747, 28.594014424578845, 0.0 ], [ 77.655014891545562, 28.59495991943799, 0.0 ], [ 77.655372646590479, 28.594860778959614, 0.0 ], [ 77.655722737517095, 28.595041316409429, 0.0 ], [ 77.656545969740563, 28.594283563359596, 0.0 ], [ 77.657450949428181, 28.593676991292899, 0.0 ], [ 77.658465430747555, 28.594270445759587, 0.0 ], [ 77.658833487733048, 28.594076503268379, 0.0 ], [ 77.659943011768064, 28.592905994388836, 0.0 ], [ 77.660704778473004, 28.592197861832375, 0.0 ], [ 77.661668424589436, 28.591487455484828, 0.0 ], [ 77.662501825445489, 28.59060569976435, 0.0 ], [ 77.662409976202852, 28.590073299048449, 0.0 ], [ 77.662463613053689, 28.589940242007309, 0.0 ], [ 77.662588988674614, 28.589568072657229, 0.0 ], [ 77.662959745534067, 28.588864293318807, 0.0 ], [ 77.663118219979452, 28.588638741133142, 0.0 ], [ 77.663419889106223, 28.588187689436872, 0.0 ], [ 77.664066697174661, 28.587195308803274, 0.0 ], [ 77.664396434568943, 28.586588530144013, 0.0 ], [ 77.664848923562701, 28.585887040220385, 0.0 ], [ 77.66499464125468, 28.585620935760602, 0.0 ], [ 77.665457315449743, 28.58520140471899, 0.0 ], [ 77.66582544049335, 28.584691689054008, 0.0 ], [ 77.666691960485153, 28.583697001766996, 0.0 ], [ 77.667144420897245, 28.583322633072473, 0.0 ], [ 77.667374448320544, 28.583088122425412, 0.0 ], [ 77.667816582475027, 28.582499396612814, 0.0 ], [ 77.668115692493103, 28.582282863443794, 0.0 ], [ 77.668205128593684, 28.582163353489758, 0.0 ], [ 77.668289523165953, 28.581619762824623, 0.0 ], [ 77.668455751056229, 28.581340009320986, 0.0 ], [ 77.66869599065673, 28.581125827320989, 0.0 ], [ 77.669237852774998, 28.580627353548849, 0.0 ], [ 77.66950360075694, 28.58039950604746, 0.0 ], [ 77.670001966262589, 28.579986809890073, 0.0 ], [ 77.670893934933019, 28.579438764634567, 0.0 ], [ 77.671376954117918, 28.579023822441052, 0.0 ], [ 77.671727113494086, 28.578827566278836, 0.0 ], [ 77.671888069116378, 28.578617818087412, 0.0 ], [ 77.672417117736373, 28.578286289392949, 0.0 ], [ 77.673347364852759, 28.577379544199175, 0.0 ], [ 77.67362598406028, 28.577151785707972, 0.0 ], [ 77.673950598907226, 28.576842775029924, 0.0 ], [ 77.674055335827148, 28.576526982393041, 0.0 ], [ 77.673955739743832, 28.5762066520562, 0.0 ], [ 77.67456910188676, 28.575850290698444, 0.0 ], [ 77.675253993364151, 28.575442036467198, 0.0 ], [ 77.675813610757416, 28.575119563772137, 0.0 ], [ 77.676748900291088, 28.574641375007992, 0.0 ], [ 77.677530876871543, 28.573991784976506, 0.0 ], [ 77.677692523272185, 28.573738556126205, 0.0 ], [ 77.67773534394081, 28.57367147614039, 0.0 ], [ 77.677659425047352, 28.573635636882006, 0.0 ], [ 77.677405705485043, 28.57351586378801, 0.0 ], [ 77.676856361365139, 28.573105233362444, 0.0 ], [ 77.676309559368747, 28.572597670260812, 0.0 ], [ 77.675732174350742, 28.571902881599797, 0.0 ], [ 77.675333650026602, 28.571329862833363, 0.0 ], [ 77.675326028154402, 28.570747858228678, 0.0 ], [ 77.675561100038564, 28.570547163822258, 0.0 ], [ 77.67624084951153, 28.570373493937794, 0.0 ], [ 77.676542404953437, 28.570096064077774, 0.0 ], [ 77.676690605354878, 28.569538893721074, 0.0 ], [ 77.67666504142268, 28.569288534617247, 0.0 ], [ 77.67640712595005, 28.568609494759858, 0.0 ], [ 77.676399463720131, 28.568329856211879, 0.0 ], [ 77.676465869526922, 28.56806817581943, 0.0 ], [ 77.676752131896308, 28.567418523400729, 0.0 ], [ 77.67679819880064, 28.566865918467801, 0.0 ], [ 77.677084426302585, 28.566340294150265, 0.0 ], [ 77.67772583390402, 28.565447101726345, 0.0 ], [ 77.677935338532492, 28.565212454892258, 0.0 ], [ 77.678425979383704, 28.564395961429817, 0.0 ], [ 77.678065715404657, 28.564134217447553, 0.0 ], [ 77.677161310687083, 28.563597320419468, 0.0 ], [ 77.677728529254367, 28.563231921011575, 0.0 ], [ 77.678561603419496, 28.562724429696683, 0.0 ], [ 77.678957574428722, 28.562598174593855, 0.0 ], [ 77.679726722248418, 28.562147084781522, 0.0 ], [ 77.680493263156279, 28.561328261077396, 0.0 ], [ 77.680876491428421, 28.560809447480786, 0.0 ], [ 77.681300661149123, 28.559972617039879, 0.0 ], [ 77.682409568170542, 28.558684644145899, 0.0 ], [ 77.683096952578282, 28.557985384554854, 0.0 ], [ 77.683674310241628, 28.557407914931233, 0.0 ], [ 77.684290053804986, 28.556783110814859, 0.0 ], [ 77.685054044495374, 28.556047705493889, 0.0 ], [ 77.685298392911321, 28.555910103080599, 0.0 ], [ 77.68537851112238, 28.555864986213411, 0.0 ], [ 77.685387634678534, 28.555839040593373, 0.0 ], [ 77.685402968914374, 28.555795435238235, 0.0 ], [ 77.685447519053355, 28.555668746553348, 0.0 ], [ 77.686229229134966, 28.554527365985084, 0.0 ], [ 77.686459203123519, 28.55420703994049, 0.0 ], [ 77.687072351398115, 28.55339044785325, 0.0 ], [ 77.68734066617985, 28.55304755727083, 0.0 ], [ 77.68785928698621, 28.552262617248701, 0.0 ], [ 77.688142809654877, 28.551906184102265, 0.0 ], [ 77.688564351152095, 28.5517099102074, 0.0 ], [ 77.689300083388673, 28.55140763743335, 0.0 ], [ 77.689302691071447, 28.551339970758889, 0.0 ], [ 77.689103352576765, 28.551012873032239, 0.0 ], [ 77.688755985020975, 28.550633907302569, 0.0 ], [ 77.688916851295318, 28.550313584044105, 0.0 ], [ 77.68919019462075, 28.54987828715015, 0.0 ], [ 77.689231115472992, 28.549571455899162, 0.0 ], [ 77.688960266102697, 28.549167726990742, 0.0 ], [ 77.688423776159084, 28.548583456182776, 0.0 ], [ 77.688403405168486, 28.548499952102794, 0.0 ], [ 77.688967895686716, 28.548315013083652, 0.0 ], [ 77.689256573469024, 28.548139104978457, 0.0 ], [ 77.689629574730944, 28.547696900806944, 0.0 ], [ 77.689690861805644, 28.547345042362153, 0.0 ], [ 77.689578450331666, 28.546449487795719, 0.0 ], [ 77.689460939502709, 28.546041189259764, 0.0 ], [ 77.689361296381406, 28.545655441340603, 0.0 ], [ 77.689149220887558, 28.545242652374974, 0.0 ], [ 77.688950020627033, 28.544886287715585, 0.0 ], [ 77.688536095763425, 28.544092231717176, 0.0 ], [ 77.688410918036439, 28.543850881073531, 0.0 ], [ 77.688952485174156, 28.543422309432945, 0.0 ], [ 77.688801818801309, 28.543126829051204, 0.0 ], [ 77.688336811306186, 28.542292214345078, 0.0 ], [ 77.687928065755372, 28.541410156244336, 0.0 ], [ 77.687828465281228, 28.541067340306231, 0.0 ], [ 77.687767155402881, 28.540246184902237, 0.0 ], [ 77.687879522228187, 28.539337179497565, 0.0 ], [ 77.687899998351398, 28.538755186636674, 0.0 ], [ 77.687948492677393, 28.53864460516105, 0.0 ], [ 77.688318904473874, 28.538385202766413, 0.0 ], [ 77.688814430626707, 28.53819118941874, 0.0 ], [ 77.689785145774806, 28.537879927080855, 0.0 ], [ 77.689938375265186, 28.537796457613062, 0.0 ], [ 77.690104429461812, 28.537537028300143, 0.0 ], [ 77.690697040389409, 28.53660093085302, 0.0 ], [ 77.690896294656611, 28.536181339617976, 0.0 ], [ 77.691274296058708, 28.53578653464562, 0.0 ], [ 77.691698334108906, 28.535570009418311, 0.0 ], [ 77.692523348814461, 28.535276713894277, 0.0 ], [ 77.69260253866895, 28.535224831079656, 0.0 ], [ 77.692579560769175, 28.534687986291395, 0.0 ], [ 77.692528398000462, 28.53424807254277, 0.0 ], [ 77.692444154401798, 28.533833001012859, 0.0 ], [ 77.69218354814376, 28.533449598974691, 0.0 ], [ 77.691483626895732, 28.532930758100644, 0.0 ], [ 77.691361042712899, 28.532281092658568, 0.0 ], [ 77.690977822208168, 28.53217958394346, 0.0 ], [ 77.690487451092466, 28.53195175235691, 0.0 ], [ 77.689580604614335, 28.531433026045523, 0.0 ], [ 77.689118336988969, 28.531157798662438, 0.0 ], [ 77.688295787914996, 28.530542027247325, 0.0 ], [ 77.687904968948871, 28.530190123610666, 0.0 ], [ 77.687235815181651, 28.529526935555371, 0.0 ], [ 77.686921663741657, 28.529197608379011, 0.0 ], [ 77.686155335565161, 28.528487041033848, 0.0 ], [ 77.685710963490592, 28.52803811469596, 0.0 ], [ 77.686525698992966, 28.527507998116779, 0.0 ], [ 77.687284343796023, 28.527016239424146, 0.0 ], [ 77.687345773761251, 28.5269566689397, 0.0 ], [ 77.687414567517351, 28.526889959244865, 0.0 ], [ 77.687371805472111, 28.526821632278981, 0.0 ], [ 77.687133603199484, 28.526441019275158, 0.0 ], [ 77.686615091693724, 28.525577069605745, 0.0 ], [ 77.686117068362904, 28.524611668873, 0.0 ], [ 77.685920434938851, 28.524320647614402, 0.0 ], [ 77.685430038056268, 28.523526640234689, 0.0 ], [ 77.684916719693717, 28.522574680445722, 0.0 ], [ 77.684620470957057, 28.521731007931415, 0.0 ], [ 77.684520857225564, 28.521144504810188, 0.0 ], [ 77.68453363155146, 28.520709175761073, 0.0 ], [ 77.684546364732654, 28.51981814869448, 0.0 ], [ 77.684444229723525, 28.518954169128929, 0.0 ], [ 77.684278217319076, 28.518503032698817, 0.0 ], [ 77.684137861571401, 28.518063185955658, 0.0 ], [ 77.68386714515492, 28.517199142177269, 0.0 ], [ 77.683598922296852, 28.516664590873496, 0.0 ], [ 77.683573444576012, 28.516493115617155, 0.0 ], [ 77.68393358488089, 28.516308155236548, 0.0 ], [ 77.684385612267889, 28.51611416077602, 0.0 ], [ 77.684781435688578, 28.515954029002003, 0.0 ], [ 77.684837605604315, 28.515866034641153, 0.0 ], [ 77.684904082334711, 28.515408179047565, 0.0 ], [ 77.685264171843457, 28.514555487900182, 0.0 ], [ 77.685698301312897, 28.513664419417818, 0.0 ], [ 77.685940938692113, 28.513323798388317, 0.0 ], [ 77.686673897455691, 28.512633579012775, 0.0 ], [ 77.686449212039946, 28.512243336349819, 0.0 ], [ 77.686137556161015, 28.511681640586456, 0.0 ], [ 77.6857622201195, 28.511422242654213, 0.0 ], [ 77.685483794185927, 28.511291409340224, 0.0 ], [ 77.685151862108853, 28.51158008996957, 0.0 ], [ 77.685026660038446, 28.511571118437764, 0.0 ], [ 77.684224773828234, 28.511237265070104, 0.0 ], [ 77.683762626508198, 28.511004859547356, 0.0 ], [ 77.683320793542876, 28.510786050855199, 0.0 ], [ 77.682868767088152, 28.510540211085026, 0.0 ], [ 77.682329980882429, 28.510262649412475, 0.0 ], [ 77.681834478073952, 28.510025808049448, 0.0 ], [ 77.68135699749287, 28.509741610634052, 0.0 ], [ 77.681009721215304, 28.50977766503426, 0.0 ], [ 77.680899894521204, 28.509768637603738, 0.0 ], [ 77.680634234439381, 28.509622017099051, 0.0 ], [ 77.680534730457808, 28.509621946269032, 0.0 ], [ 77.680034148380955, 28.509741552849757, 0.0 ], [ 77.679873277202262, 28.509662513640851, 0.0 ], [ 77.679605116903559, 28.509644484487112, 0.0 ], [ 77.679107155164857, 28.509840734578461, 0.0 ], [ 77.678655081271572, 28.510032421411189, 0.0 ], [ 77.677825130283082, 28.510424852433697, 0.0 ], [ 77.677390977593546, 28.509939890613605, 0.0 ], [ 77.67686245987656, 28.509096198077206, 0.0 ], [ 77.676698989162816, 28.508705912259206, 0.0 ], [ 77.676517773009735, 28.508164535013222, 0.0 ], [ 77.676188397452393, 28.507325390203103, 0.0 ], [ 77.676073251994822, 28.507174990820939, 0.0 ], [ 77.676017347744988, 28.507101971447593, 0.0 ], [ 77.675945648266094, 28.507114911645083, 0.0 ], [ 77.675767125285262, 28.507147135411877, 0.0 ], [ 77.675488790281435, 28.506984632145009, 0.0 ], [ 77.675189911477645, 28.507054591685346, 0.0 ], [ 77.675131283552574, 28.506756844094632, 0.0 ], [ 77.67468180016121, 28.506838003237476, 0.0 ], [ 77.674176190982038, 28.506982290236948, 0.0 ], [ 77.673545334161915, 28.507070251038275, 0.0 ], [ 77.673065266814561, 28.506937097448638, 0.0 ], [ 77.672225156987366, 28.506684371168198, 0.0 ], [ 77.671244561628697, 28.506296280662951, 0.0 ], [ 77.670825859370311, 28.506036762005824, 0.0 ], [ 77.670325391667944, 28.505650996438899, 0.0 ], [ 77.669960296699927, 28.505285554434085, 0.0 ], [ 77.669676922363607, 28.504926811187268, 0.0 ], [ 77.669000303781317, 28.504236434555416, 0.0 ], [ 77.668632645548783, 28.503925083016515, 0.0 ], [ 77.667945790886364, 28.503182896284113, 0.0 ], [ 77.667412217662218, 28.502652682618731, 0.0 ], [ 77.667511873218515, 28.502167693334794, 0.0 ], [ 77.667700915763788, 28.5016624492525, 0.0 ], [ 77.667907899471274, 28.501103060486365, 0.0 ], [ 77.668043272529374, 28.500640610628626, 0.0 ], [ 77.668404065443852, 28.500042548867579, 0.0 ], [ 77.668359853554122, 28.497373767569048, 0.0 ], [ 77.667997273106508, 28.497419021111195, 0.0 ], [ 77.666858712333777, 28.498154801003352, 0.0 ], [ 77.665612865209667, 28.498795785613805, 0.0 ], [ 77.664315833198771, 28.499346556027689, 0.0 ], [ 77.66265623100692, 28.499852367874176, 0.0 ], [ 77.661721632951014, 28.499762335847731, 0.0 ], [ 77.660424337059737, 28.499397331099651, 0.0 ], [ 77.659331288159294, 28.498847135985084, 0.0 ], [ 77.657512836346584, 28.497837080229939, 0.0 ], [ 77.655438964772188, 28.496141187763516, 0.0 ], [ 77.655201852266813, 28.496187025630036, 0.0 ], [ 77.65450438835461, 28.496321863007243, 0.0 ], [ 77.653258686657551, 28.497332686677147, 0.0 ], [ 77.653258202330051, 28.495771756869466, 0.0 ], [ 77.6528952659325, 28.49426044760725, 0.0 ], [ 77.651388202259241, 28.492104265922897, 0.0 ], [ 77.650611882011674, 28.491599128363635, 0.0 ], [ 77.650300325036753, 28.491599126304578, 0.0 ], [ 77.649473211233001, 28.492244508575713, 0.0 ], [ 77.648589825300931, 28.492795012471849, 0.0 ], [ 77.648176200428438, 28.492700376723462, 0.0 ], [ 77.647553151616634, 28.492289968257897, 0.0 ], [ 77.646879029858013, 28.492059916559381, 0.0 ], [ 77.646307156150357, 28.492475086942424, 0.0 ], [ 77.645270638311374, 28.493345994970742, 0.0 ], [ 77.645010172505067, 28.493346003060488, 0.0 ], [ 77.644024443752713, 28.49275067237123, 0.0 ], [ 77.638784482428363, 28.489078888948846, 0.0 ], [ 77.638110413439819, 28.48903385968574, 0.0 ], [ 77.637017712220938, 28.489449083414836, 0.0 ], [ 77.635516235780273, 28.487978463667041, 0.0 ], [ 77.633856486323936, 28.486652186967575, 0.0 ], [ 77.628407782258634, 28.482339437418545, 0.0 ], [ 77.623893939506075, 28.478901669383458, 0.0 ], [ 77.623061512337742, 28.478821601880284, 0.0 ], [ 77.622908523066599, 28.478806885125721, 0.0 ], [ 77.622884487948284, 28.478671101660911, 0.0 ], [ 77.622494894163168, 28.476469947361526, 0.0 ], [ 77.621718848940588, 28.475184123567477, 0.0 ], [ 77.621705203259168, 28.475168320353159, 0.0 ], [ 77.62159044932622, 28.475035428030466, 0.0 ], [ 77.621763259036555, 28.475100130134962, 0.0 ], [ 77.622552894536611, 28.47539578153933, 0.0 ], [ 77.624068251699441, 28.475968605135623, 0.0 ], [ 77.627074767819209, 28.475182615336987, 0.0 ], [ 77.630212851943185, 28.474538781619255, 0.0 ], [ 77.631189802914506, 28.474531718340057, 0.0 ], [ 77.631748646462242, 28.473396380790909, 0.0 ], [ 77.631732645944311, 28.471669895706285, 0.0 ], [ 77.631994410508085, 28.468178115780049, 0.0 ], [ 77.632106827574546, 28.46740296701741, 0.0 ], [ 77.632714044740325, 28.466289912169824, 0.0 ], [ 77.634598035817717, 28.46480738756356, 0.0 ], [ 77.637635429321335, 28.466880775645993, 0.0 ], [ 77.639001685132797, 28.466944167928034, 0.0 ], [ 77.640061096637311, 28.467736667117457, 0.0 ], [ 77.642312739002193, 28.467467878543776, 0.0 ], [ 77.643740890782368, 28.466841640075447, 0.0 ], [ 77.644527381532185, 28.4665727422625, 0.0 ], [ 77.645430216583122, 28.466607654430113, 0.0 ], [ 77.645795989664819, 28.466634633617922, 0.0 ], [ 77.646612593892186, 28.466064073613428, 0.0 ], [ 77.648301936526423, 28.464535358568767, 0.0 ], [ 77.64961896123431, 28.463324811303799, 0.0 ], [ 77.651283819532978, 28.461795699290487, 0.0 ], [ 77.650527493928507, 28.460468272825466, 0.0 ], [ 77.648689409709945, 28.458240171415827, 0.0 ], [ 77.649586504396609, 28.457282364354736, 0.0 ], [ 77.649521010151616, 28.456871406065567, 0.0 ], [ 77.649092217388556, 28.456304040597153, 0.0 ], [ 77.648482797503235, 28.455604538988045, 0.0 ], [ 77.647971024151587, 28.454906474053921, 0.0 ], [ 77.646559185175363, 28.453385922615229, 0.0 ], [ 77.64329870144816, 28.450208842439388, 0.0 ], [ 77.641765184535856, 28.448028282118933, 0.0 ], [ 77.640340389719228, 28.445266675963943, 0.0 ], [ 77.639858834791255, 28.444266914084743, 0.0 ], [ 77.639071098259166, 28.442032607780597, 0.0 ], [ 77.638669396804573, 28.440041379230159, 0.0 ], [ 77.638052821920283, 28.439082760865716, 0.0 ], [ 77.636858279728088, 28.437705567800194, 0.0 ], [ 77.635581945574671, 28.436780313262929, 0.0 ], [ 77.632300335095834, 28.43598757019976, 0.0 ], [ 77.631105940205771, 28.43442664533455, 0.0 ], [ 77.630155485763694, 28.430709713542694, 0.0 ], [ 77.630120746217187, 28.430573852850909, 0.0 ], [ 77.630234823922805, 28.430440205015326, 0.0 ], [ 77.632820319965603, 28.427411042161918, 0.0 ], [ 77.634994390636834, 28.427410922022258, 0.0 ], [ 77.636811195086409, 28.426770138877654, 0.0 ], [ 77.639970378346135, 28.427094606948494, 0.0 ], [ 77.644538617244663, 28.427936611952283, 0.0 ], [ 77.644691291335064, 28.427964750668327, 0.0 ], [ 77.644842147175112, 28.428083661793622, 0.0 ], [ 77.645211975939915, 28.428375172115743, 0.0 ], [ 77.646616783673721, 28.43039349939664, 0.0 ], [ 77.646617686124031, 28.430394795498984, 0.0 ], [ 77.646712869123974, 28.430531543966595, 0.0 ], [ 77.646853018843132, 28.430436805973262, 0.0 ], [ 77.646868061793384, 28.430426637413458, 0.0 ], [ 77.651325847181653, 28.427413178598027, 0.0 ], [ 77.656770599126901, 28.425079508452392, 0.0 ], [ 77.65788334984039, 28.425996120675187, 0.0 ], [ 77.658569609559621, 28.42675750227761, 0.0 ], [ 77.659013423667275, 28.427586388265581, 0.0 ], [ 77.659196787885051, 28.428218547232895, 0.0 ], [ 77.659104779021263, 28.428836507765165, 0.0 ], [ 77.66055595638791, 28.428881454475363, 0.0 ], [ 77.660711787198935, 28.428886281752977, 0.0 ], [ 77.660863952991349, 28.428791792180331, 0.0 ], [ 77.666104968722237, 28.425537150366271, 0.0 ], [ 77.666568968329543, 28.424571576653445, 0.0 ], [ 77.669000240454594, 28.425527896456856, 0.0 ], [ 77.67181921319704, 28.42620569019185, 0.0 ], [ 77.672545694549157, 28.426518412949488, 0.0 ], [ 77.673950432110686, 28.425805214923589, 0.0 ], [ 77.67482181089629, 28.425548184442302, 0.0 ], [ 77.675711098563625, 28.424331118134553, 0.0 ], [ 77.67747246251443, 28.423472030751, 0.0 ], [ 77.67901517419034, 28.422555788317194, 0.0 ], [ 77.679639728205643, 28.421788013443315, 0.0 ], [ 77.681880546399441, 28.420083454219085, 0.0 ], [ 77.682918712850324, 28.419386419066193, 0.0 ], [ 77.682776384027747, 28.417852189202367, 0.0 ], [ 77.682441249724263, 28.416185671558914, 0.0 ], [ 77.68213052647215, 28.414519504878061, 0.0 ], [ 77.682173141069399, 28.414026605601187, 0.0 ], [ 77.682184625544139, 28.413893784174292, 0.0 ], [ 77.68218482918688, 28.41389142982549, 0.0 ], [ 77.682184551938846, 28.413891548750946, 0.0 ], [ 77.682184547372842, 28.413891403703957, 0.0 ], [ 77.682184543383613, 28.41389128344046, 0.0 ], [ 77.68203319575295, 28.413813288260631, 0.0 ], [ 77.679709188297963, 28.412615635266498, 0.0 ], [ 77.676589914585946, 28.409576138237888, 0.0 ], [ 77.674629619223865, 28.407826297560497, 0.0 ], [ 77.67324627138612, 28.406550080881974, 0.0 ], [ 77.672072857556543, 28.406970095253417, 0.0 ], [ 77.671225342048928, 28.405856027887904, 0.0 ], [ 77.670669205581447, 28.405910298042063, 0.0 ], [ 77.669780837810862, 28.404872978425967, 0.0 ], [ 77.669162914449018, 28.40349265675037, 0.0 ], [ 77.6674321957899, 28.400998297541101, 0.0 ], [ 77.667452235334565, 28.400249353476951, 0.0 ], [ 77.667181472657632, 28.399374199211664, 0.0 ], [ 77.666481900065904, 28.397912643575523, 0.0 ], [ 77.666481793456697, 28.397475025872712, 0.0 ], [ 77.667858992405826, 28.396581323391363, 0.0 ], [ 77.66783836280473, 28.396053478146662, 0.0 ], [ 77.667179392699893, 28.394985348450149, 0.0 ], [ 77.667098102297146, 28.394853580793693, 0.0 ], [ 77.667272650720179, 28.394792278057622, 0.0 ], [ 77.668975310265694, 28.394194298434883, 0.0 ], [ 77.669510690129115, 28.393499315156863, 0.0 ], [ 77.668994838291269, 28.392168545208509, 0.0 ], [ 77.672605530392559, 28.390966046682792, 0.0 ], [ 77.672764558180219, 28.390913082544596, 0.0 ], [ 77.672684122784759, 28.390781145023567, 0.0 ], [ 77.672364114631506, 28.390256234869305, 0.0 ], [ 77.671340112671928, 28.38857652673655, 0.0 ], [ 77.668328179335987, 28.3838359037155, 0.0 ], [ 77.667178517029399, 28.38159506974343, 0.0 ], [ 77.667113151413119, 28.38146766100563, 0.0 ], [ 77.66708414511659, 28.381322981464297, 0.0 ], [ 77.667050117984303, 28.381153252795258, 0.0 ], [ 77.666862620548628, 28.380218009323158, 0.0 ], [ 77.664055164889618, 28.375603568073718, 0.0 ], [ 77.663016488617103, 28.373999137256249, 0.0 ], [ 77.662922087319956, 28.373853312246975, 0.0 ], [ 77.662768482020965, 28.373894632428691, 0.0 ], [ 77.66246920167427, 28.373975135875831, 0.0 ], [ 77.661830585729106, 28.374146916437141, 0.0 ], [ 77.661617817942528, 28.374015862670532, 0.0 ], [ 77.661208199129291, 28.373763559049653, 0.0 ], [ 77.659871932519053, 28.374400062715299, 0.0 ], [ 77.65877787392121, 28.373479145448353, 0.0 ], [ 77.658627219483535, 28.373352329699365, 0.0 ], [ 77.658476565318097, 28.373225515618607, 0.0 ], [ 77.658055495027654, 28.372871072319256, 0.0 ], [ 77.656570698480223, 28.371689407331807, 0.0 ], [ 77.655770203555605, 28.372546839562439, 0.0 ], [ 77.653744743942184, 28.371157690688598, 0.0 ], [ 77.652821597142264, 28.371541348841316, 0.0 ], [ 77.648444691711987, 28.37008498327452, 0.0 ], [ 77.646715274140433, 28.369155913457035, 0.0 ], [ 77.643354185333507, 28.370834653159086, 0.0 ], [ 77.640184076024298, 28.372975928368927, 0.0 ], [ 77.640033891402979, 28.373077367645653, 0.0 ], [ 77.639877444856737, 28.373005390109078, 0.0 ], [ 77.638406592296576, 28.372328668331992, 0.0 ], [ 77.63799336610461, 28.372436975304741, 0.0 ], [ 77.63508580339176, 28.371255203412463, 0.0 ], [ 77.633315736626585, 28.370853776691014, 0.0 ], [ 77.631612033265014, 28.370362100856116, 0.0 ], [ 77.629836917715068, 28.370980269940304, 0.0 ], [ 77.627633404727561, 28.372257164416339, 0.0 ], [ 77.623529836345114, 28.369935372258986, 0.0 ], [ 77.623343537909705, 28.369829959895966, 0.0 ], [ 77.623329085849022, 28.369671263330083, 0.0 ], [ 77.622996797435306, 28.366022142427024, 0.0 ], [ 77.623201436201185, 28.365381079873217, 0.0 ], [ 77.623241640739508, 28.365255132846297, 0.0 ], [ 77.623165444110597, 28.365109829457804, 0.0 ], [ 77.622848923133589, 28.364506231448047, 0.0 ], [ 77.61983963510923, 28.361975125586021, 0.0 ], [ 77.619202539022282, 28.361374916265259, 0.0 ], [ 77.618280051466741, 28.360505826161294, 0.0 ], [ 77.618192260674476, 28.360423116038731, 0.0 ], [ 77.618025468272123, 28.360291415055851, 0.0 ], [ 77.616626552185878, 28.359186795917651, 0.0 ], [ 77.615366891811121, 28.358455821739206, 0.0 ], [ 77.613556499904931, 28.3565427731283, 0.0 ], [ 77.612975099599097, 28.355992350143151, 0.0 ], [ 77.612255926605116, 28.356249444585917, 0.0 ], [ 77.610846770849449, 28.354970071618364, 0.0 ], [ 77.610690451157893, 28.354828147056779, 0.0 ], [ 77.610866022681535, 28.354717521823986, 0.0 ], [ 77.612215455825549, 28.353867249912636, 0.0 ], [ 77.613822093554475, 28.352938027621523, 0.0 ], [ 77.614709511635823, 28.352225239496722, 0.0 ], [ 77.616831285494072, 28.349455275798064, 0.0 ], [ 77.618254277527129, 28.347578485414228, 0.0 ], [ 77.619427249608464, 28.345918281713114, 0.0 ], [ 77.62003978706548, 28.345208508018032, 0.0 ], [ 77.620151440961109, 28.345079128209342, 0.0 ], [ 77.620290499060687, 28.345005437346099, 0.0 ], [ 77.621283594287959, 28.344479160256235, 0.0 ], [ 77.622665590219157, 28.34429413689579, 0.0 ], [ 77.625699849755875, 28.344203944186965, 0.0 ], [ 77.628642297322415, 28.34531378273639, 0.0 ], [ 77.630625747535305, 28.345296525342171, 0.0 ], [ 77.630728042587577, 28.345295633811315, 0.0 ], [ 77.630765895328125, 28.34541724144794, 0.0 ], [ 77.631324886902831, 28.347213051655178, 0.0 ], [ 77.633033593258631, 28.351183166944367, 0.0 ], [ 77.634579134962181, 28.354174212641947, 0.0 ], [ 77.635094407620144, 28.355672096680262, 0.0 ], [ 77.63468056189835, 28.356404414420012, 0.0 ], [ 77.634599767736631, 28.356547382448287, 0.0 ], [ 77.634736199735642, 28.356606751072633, 0.0 ], [ 77.639077930674972, 28.358495985867432, 0.0 ], [ 77.641883277073049, 28.359479172446033, 0.0 ], [ 77.642541202567102, 28.359298582417203, 0.0 ], [ 77.643293386708933, 28.358659221799968, 0.0 ], [ 77.643448904839161, 28.358527028876718, 0.0 ], [ 77.643529392937324, 28.358392861190318, 0.0 ], [ 77.646735565047436, 28.353048123988042, 0.0 ], [ 77.646824120936174, 28.352900492014985, 0.0 ], [ 77.646728551971123, 28.352777302817149, 0.0 ], [ 77.645196801580184, 28.350802828882856, 0.0 ], [ 77.644411011800813, 28.348727592848849, 0.0 ], [ 77.64424764822698, 28.347744160375314, 0.0 ], [ 77.644681058219774, 28.347342561697147, 0.0 ], [ 77.64453315595992, 28.347094431930763, 0.0 ], [ 77.643691593951402, 28.34648997749666, 0.0 ], [ 77.642105598589055, 28.342046306872255, 0.0 ], [ 77.642058875170918, 28.341915393093821, 0.0 ], [ 77.641973633627231, 28.341773630627749, 0.0 ], [ 77.637794885728098, 28.334823653458507, 0.0 ], [ 77.636392301454094, 28.332468631730173, 0.0 ], [ 77.635873810219465, 28.331025531556133, 0.0 ], [ 77.635836352787166, 28.330921273274601, 0.0 ], [ 77.635744315557702, 28.330752881064516, 0.0 ], [ 77.634938805819942, 28.329279082293858, 0.0 ], [ 77.634194415870482, 28.327357874827765, 0.0 ], [ 77.634132974680995, 28.327199297044743, 0.0 ], [ 77.634033483853258, 28.327084755129651, 0.0 ], [ 77.633819549163192, 28.326838457169117, 0.0 ], [ 77.633658777221001, 28.326653362730575, 0.0 ], [ 77.63352038466229, 28.326845221747366, 0.0 ], [ 77.630400924105558, 28.331169676465358, 0.0 ], [ 77.628917191994532, 28.333903868451007, 0.0 ], [ 77.626734898053058, 28.336421327434614, 0.0 ], [ 77.623996622648676, 28.334395664597864, 0.0 ], [ 77.621666282278042, 28.335528032353114, 0.0 ], [ 77.620513876406946, 28.335834864123164, 0.0 ], [ 77.617458931583016, 28.336160287774234, 0.0 ], [ 77.617296274074889, 28.336177613116377, 0.0 ], [ 77.617156063731983, 28.335997302452274, 0.0 ], [ 77.615114100273644, 28.333371241694724, 0.0 ], [ 77.614839636290739, 28.332483275952143, 0.0 ], [ 77.614803101600671, 28.332365076282013, 0.0 ], [ 77.614724323202353, 28.332210820733746, 0.0 ], [ 77.614227050759851, 28.331237103069817, 0.0 ], [ 77.614533119987001, 28.328976838165545, 0.0 ], [ 77.617689520658701, 28.325818925889845, 0.0 ], [ 77.619938161676416, 28.323906043897082, 0.0 ], [ 77.620335097123643, 28.323156315961711, 0.0 ], [ 77.620391981610297, 28.32304887311399, 0.0 ], [ 77.620240548318392, 28.32294088528025, 0.0 ], [ 77.618474940143074, 28.321681791855873, 0.0 ], [ 77.618740238282783, 28.31941693214781, 0.0 ], [ 77.617899203178226, 28.3166512253859, 0.0 ], [ 77.617249204749157, 28.314345764730714, 0.0 ], [ 77.617216128329162, 28.314228441035581, 0.0 ], [ 77.617406730367321, 28.314109428576458, 0.0 ], [ 77.618740514562944, 28.313276599758037, 0.0 ], [ 77.623068861519585, 28.309775638092862, 0.0 ], [ 77.624409656187225, 28.310524617418324, 0.0 ], [ 77.625291536765744, 28.310524556046403, 0.0 ], [ 77.627086080576589, 28.309996714160398, 0.0 ], [ 77.6271063777737, 28.308810090390644, 0.0 ], [ 77.628773313861402, 28.306134712084805, 0.0 ], [ 77.630837705166542, 28.303396022251622, 0.0 ], [ 77.630251734666317, 28.302043727734162, 0.0 ], [ 77.630069166096163, 28.301622395434997, 0.0 ], [ 77.630032263592952, 28.301537227762608, 0.0 ], [ 77.629955716684123, 28.301489222706756, 0.0 ], [ 77.629751795761578, 28.301361339020431, 0.0 ], [ 77.629542805942421, 28.301167333035465, 0.0 ], [ 77.629262490638453, 28.300716210450574, 0.0 ], [ 77.628615090244779, 28.30091471744414, 0.0 ], [ 77.627152048903, 28.299755258674459, 0.0 ], [ 77.625347566729829, 28.297882912336444, 0.0 ], [ 77.62413946887591, 28.296461805163172, 0.0 ], [ 77.62247270972621, 28.295365427173106, 0.0 ], [ 77.621330896295362, 28.294864613734866, 0.0 ], [ 77.620173817093942, 28.2953654031488, 0.0 ], [ 77.61910335017177, 28.296488716840422, 0.0 ], [ 77.618792412524499, 28.296389443698377, 0.0 ], [ 77.618170578864067, 28.295987886985955, 0.0 ], [ 77.617635358794388, 28.295139660429289, 0.0 ], [ 77.617100294761642, 28.294142570068466, 0.0 ], [ 77.616402041585559, 28.292879264998732, 0.0 ], [ 77.616259357015537, 28.292179986576528, 0.0 ], [ 77.615673703397405, 28.291378717111733, 0.0 ], [ 77.615530528527515, 28.291182830132598, 0.0 ], [ 77.61570555488295, 28.291155551121271, 0.0 ], [ 77.616427699249996, 28.291042997579588, 0.0 ], [ 77.617243238942891, 28.290709205297063, 0.0 ], [ 77.61763061270068, 28.29049721439209, 0.0 ], [ 77.617967022313081, 28.289897157693165, 0.0 ], [ 77.618481873283159, 28.288498548076177, 0.0 ], [ 77.618945812601609, 28.287501529444373, 0.0 ], [ 77.619501366620383, 28.286788645450393, 0.0 ], [ 77.620286335286451, 28.286202170966334, 0.0 ], [ 77.6212190064129, 28.28581871036458, 0.0 ], [ 77.621719599800642, 28.286272783602406, 0.0 ], [ 77.621793608837521, 28.286339914614697, 0.0 ], [ 77.621810212990482, 28.286432362887691, 0.0 ], [ 77.621984800232951, 28.286346015797598, 0.0 ], [ 77.624282254839287, 28.285209710087205, 0.0 ], [ 77.626631783917304, 28.284113313803864, 0.0 ], [ 77.628298427007124, 28.283039564966344, 0.0 ], [ 77.630087285953024, 28.281888963247244, 0.0 ], [ 77.631381741098693, 28.280833225561778, 0.0 ], [ 77.631279799966677, 28.280228628835754, 0.0 ], [ 77.6319575073735, 28.279754853310731, 0.0 ], [ 77.633053336145679, 28.280084119007956, 0.0 ], [ 77.635152978095974, 28.278843269268592, 0.0 ], [ 77.63707759005969, 28.277295193383502, 0.0 ], [ 77.637211713223607, 28.277187306923786, 0.0 ], [ 77.63738308968199, 28.277313078434293, 0.0 ], [ 77.637808052706063, 28.277624951379877, 0.0 ], [ 77.639785765147991, 28.279519607322239, 0.0 ], [ 77.643482389019653, 28.283802337126644, 0.0 ], [ 77.643578368362455, 28.283913530351494, 0.0 ], [ 77.643702925167233, 28.283715939822088, 0.0 ], [ 77.644750210139335, 28.282054554199998, 0.0 ], [ 77.646070045601917, 28.280921889062824, 0.0 ], [ 77.648149176872892, 28.280064294866488, 0.0 ], [ 77.648582324002462, 28.279734875770707, 0.0 ], [ 77.648454144424733, 28.276310540465644, 0.0 ], [ 77.647918866000978, 28.27532710869524, 0.0 ], [ 77.648046102493396, 28.274907538154647, 0.0 ], [ 77.649814325325849, 28.273977772225479, 0.0 ], [ 77.650023133572319, 28.273355102162935, 0.0 ], [ 77.650410065934722, 28.271861683325515, 0.0 ], [ 77.649915396179182, 28.270494752037749, 0.0 ], [ 77.649319020955659, 28.269800072463894, 0.0 ], [ 77.647978565855354, 28.268762611429132, 0.0 ], [ 77.647259810691082, 28.268000305858667, 0.0 ], [ 77.648023980766979, 28.266980537834915, 0.0 ], [ 77.648146033229295, 28.265884186773835, 0.0 ], [ 77.648186540973427, 28.264571218648197, 0.0 ], [ 77.648166042918135, 28.264025370463564, 0.0 ], [ 77.6467236182352, 28.262550236285534, 0.0 ], [ 77.645877620759066, 28.261765386075751, 0.0 ], [ 77.645362773489907, 28.260890160441736, 0.0 ], [ 77.645383009041311, 28.260213388115755, 0.0 ], [ 77.645301339545313, 28.259509592775842, 0.0 ], [ 77.643670188289633, 28.257133174672912, 0.0 ], [ 77.643573512546496, 28.256992325617816, 0.0 ], [ 77.643758474771985, 28.256918941992708, 0.0 ], [ 77.64460101625022, 28.25658465823081, 0.0 ], [ 77.646333635791095, 28.256225587437498, 0.0 ], [ 77.647313758244195, 28.256090471603603, 0.0 ], [ 77.648113299007335, 28.255931309142408, 0.0 ], [ 77.648988049221018, 28.255623645955687, 0.0 ], [ 77.649525971147355, 28.255257571490425, 0.0 ], [ 77.650517146159558, 28.254534854399893, 0.0 ], [ 77.651542695896765, 28.253908812654977, 0.0 ], [ 77.652382434559158, 28.253536497244049, 0.0 ], [ 77.65346768885567, 28.252943381969047, 0.0 ], [ 77.653848940328643, 28.252564296720607, 0.0 ], [ 77.654526779188942, 28.25181555831951, 0.0 ], [ 77.655359047219676, 28.251197329600792, 0.0 ], [ 77.659724998809082, 28.248771674749559, 0.0 ], [ 77.660380902823647, 28.24854621942201, 0.0 ], [ 77.661503374465624, 28.249182528147109, 0.0 ], [ 77.662791108840594, 28.247945087924482, 0.0 ], [ 77.662931989454123, 28.247809707356556, 0.0 ], [ 77.663084871424033, 28.247944999456188, 0.0 ], [ 77.664007156984894, 28.248761221685037, 0.0 ], [ 77.663202450276586, 28.249379404324564, 0.0 ], [ 77.662775404430846, 28.250005056476297, 0.0 ], [ 77.66596079835, 28.251839548743856, 0.0 ], [ 77.668615792508135, 28.252907989307765, 0.0 ], [ 77.672399940325633, 28.255776552460965, 0.0 ], [ 77.672565929125028, 28.255902373576692, 0.0 ], [ 77.672667777649991, 28.25575976728144, 0.0 ], [ 77.674093575310891, 28.253763337180349, 0.0 ], [ 77.676268368215275, 28.251836018192044, 0.0 ], [ 77.678072928290788, 28.250073885441601, 0.0 ], [ 77.678872064422507, 28.248612526738164, 0.0 ], [ 77.678911036253879, 28.248405029066749, 0.0 ], [ 77.6789618781293, 28.248134340609489, 0.0 ], [ 77.67897882327695, 28.248044112289573, 0.0 ], [ 77.678953698885238, 28.247993578344417, 0.0 ], [ 77.67704130138776, 28.244147278313495, 0.0 ], [ 77.675863772341714, 28.24219446239907, 0.0 ], [ 77.67521622556194, 28.24067442718987, 0.0 ], [ 77.673876144618276, 28.239677895229114, 0.0 ], [ 77.67173109235361, 28.238248559247694, 0.0 ], [ 77.67199554095464, 28.23720645557859, 0.0 ], [ 77.6722910025304, 28.236608356166464, 0.0 ], [ 77.672372191015072, 28.236444005941951, 0.0 ], [ 77.672173165420247, 28.236355948287912, 0.0 ], [ 77.670548377214757, 28.235637057457339, 0.0 ], [ 77.667919552351705, 28.234257390655994, 0.0 ], [ 77.666764903246403, 28.235066309757798, 0.0 ], [ 77.666631141529379, 28.235160018301578, 0.0 ], [ 77.666459267337999, 28.235053425564324, 0.0 ], [ 77.664486260202779, 28.23382979544045, 0.0 ], [ 77.662392320467802, 28.232404831929255, 0.0 ], [ 77.660512297202928, 28.230456502674784, 0.0 ], [ 77.658902400666733, 28.229220795909427, 0.0 ], [ 77.659976887001761, 28.228363447127023, 0.0 ], [ 77.65997673339929, 28.227885242086263, 0.0 ], [ 77.659278402601046, 28.226895446365337, 0.0 ], [ 77.659171664916784, 28.226744157755839, 0.0 ], [ 77.659347350109599, 28.22662483531106, 0.0 ], [ 77.659869286437669, 28.226270344425888, 0.0 ], [ 77.659762140277763, 28.225413230860486, 0.0 ], [ 77.661961233648768, 28.221560252325343, 0.0 ], [ 77.662427799528402, 28.220959360854238, 0.0 ], [ 77.662535768762453, 28.220820302497714, 0.0 ], [ 77.662638019481676, 28.220688611223927, 0.0 ], [ 77.665173670650447, 28.217422783434092, 0.0 ], [ 77.665458407174256, 28.216385179880191, 0.0 ], [ 77.665462119113144, 28.216371655411855, 0.0 ], [ 77.665499273456277, 28.216236257020817, 0.0 ], [ 77.665507053903028, 28.216114481865247, 0.0 ], [ 77.665507918274116, 28.216100957816323, 0.0 ], [ 77.665711997878034, 28.212906947453803, 0.0 ], [ 77.665711715136297, 28.211995720104156, 0.0 ], [ 77.665711674857008, 28.211860378872029, 0.0 ], [ 77.665583038276594, 28.21172504278195, 0.0 ], [ 77.665548780507365, 28.21168899981658, 0.0 ], [ 77.665467191738273, 28.211603161269391, 0.0 ], [ 77.66241870633614, 28.208395761801278, 0.0 ], [ 77.662278037753381, 28.208247754890763, 0.0 ], [ 77.662364606218048, 28.208125095186876, 0.0 ], [ 77.66372369287437, 28.206199349682851, 0.0 ], [ 77.663723015624086, 28.203871579943453, 0.0 ], [ 77.66474096941009, 28.202206607669954, 0.0 ], [ 77.664312941081135, 28.201304553364782, 0.0 ], [ 77.664368651355019, 28.200542051881541, 0.0 ], [ 77.663080058736725, 28.199495819120294, 0.0 ], [ 77.663023547710651, 28.198070232165989, 0.0 ], [ 77.663771956061154, 28.197691120563828, 0.0 ], [ 77.663613929095575, 28.196978347662473, 0.0 ], [ 77.663399765153841, 28.195976894949244, 0.0 ], [ 77.663720227606021, 28.194979899903235, 0.0 ], [ 77.663506137810302, 28.194312286150542, 0.0 ], [ 77.663505990116079, 28.193838556444028, 0.0 ], [ 77.660607587970048, 28.190320398106383, 0.0 ], [ 77.661355761733702, 28.188989421370955, 0.0 ], [ 77.660774828244342, 28.188583504444011, 0.0 ], [ 77.660607104562743, 28.188466308686611, 0.0 ], [ 77.660760657426451, 28.188312815549995, 0.0 ], [ 77.662322504097475, 28.186751542916454, 0.0 ], [ 77.666023368598744, 28.18437315559952, 0.0 ], [ 77.667845808338086, 28.183420753103594, 0.0 ], [ 77.669506362660144, 28.185134607121995, 0.0 ], [ 77.671547692429598, 28.184231816086676, 0.0 ], [ 77.672352026693375, 28.183897720452485, 0.0 ], [ 77.673314044115827, 28.183040239082477, 0.0 ], [ 77.673420574979957, 28.182043197740242, 0.0 ], [ 77.673155201212595, 28.180423689050656, 0.0 ], [ 77.672401385605042, 28.179760752143149, 0.0 ], [ 77.670792017318675, 28.178331117895134, 0.0 ], [ 77.668806008695938, 28.177524169309979, 0.0 ], [ 77.667574798663168, 28.177228773280913, 0.0 ], [ 77.667416041528099, 28.177190682918212, 0.0 ], [ 77.66739695005559, 28.177052018010485, 0.0 ], [ 77.667252677379139, 28.176004257383681, 0.0 ], [ 77.666661515973956, 28.174290078942633, 0.0 ], [ 77.666931127567523, 28.173532062440838, 0.0 ], [ 77.667157491679077, 28.17336169885121, 0.0 ], [ 77.667309545193717, 28.173247264319311, 0.0 ], [ 77.667462867658671, 28.173131871571545, 0.0 ], [ 77.669017898971617, 28.171961522889603, 0.0 ], [ 77.670361672048031, 28.171297907790745, 0.0 ], [ 77.671914524436403, 28.171392248843876, 0.0 ], [ 77.672881527258696, 28.170679127446707, 0.0 ], [ 77.675401357491964, 28.170060306617064, 0.0 ], [ 77.677865225284052, 28.169630915058256, 0.0 ], [ 77.679203715912877, 28.168439427717843, 0.0 ], [ 77.680974634946779, 28.166963524986837, 0.0 ], [ 77.685050578189234, 28.16311369873447, 0.0 ], [ 77.687890209536448, 28.160969674413195, 0.0 ], [ 77.688802023865065, 28.160283534192111, 0.0 ], [ 77.688963921435715, 28.160161705269449, 0.0 ], [ 77.689045357740341, 28.16027615295539, 0.0 ], [ 77.689605772160746, 28.161063732886834, 0.0 ], [ 77.690252701524102, 28.161825935686927, 0.0 ], [ 77.690253081873692, 28.162583794424009, 0.0 ], [ 77.691108872674945, 28.163585026900208, 0.0 ], [ 77.69057467504355, 28.164203301206999, 0.0 ], [ 77.69046882783924, 28.166247018471356, 0.0 ], [ 77.692454979731835, 28.167626778293723, 0.0 ], [ 77.691865108767118, 28.168768385867882, 0.0 ], [ 77.690739979501643, 28.168768848300211, 0.0 ], [ 77.6895591695055, 28.169337794030852, 0.0 ], [ 77.690848015559212, 28.170785457441728, 0.0 ], [ 77.690848680136739, 28.172116279414222, 0.0 ], [ 77.691383983841533, 28.173591356555953, 0.0 ], [ 77.690310938662378, 28.175685072321997, 0.0 ], [ 77.691436541052767, 28.176586844666339, 0.0 ], [ 77.692724708727738, 28.176775814219265, 0.0 ], [ 77.692567224185879, 28.177393951360987, 0.0 ], [ 77.691706909350529, 28.177489045945325, 0.0 ], [ 77.691707317330369, 28.178251475666755, 0.0 ], [ 77.690474916198511, 28.177679067472265, 0.0 ], [ 77.68972102416528, 28.177016210047228, 0.0 ], [ 77.688275249138414, 28.177445347564387, 0.0 ], [ 77.686723147515849, 28.178871529476268, 0.0 ], [ 77.687309025526019, 28.179678822966398, 0.0 ], [ 77.686667576987844, 28.179679132142759, 0.0 ], [ 77.686454003043963, 28.180247611989078, 0.0 ], [ 77.68495225468854, 28.180821118444793, 0.0 ], [ 77.685706490230714, 28.182264502704715, 0.0 ], [ 77.685650926023385, 28.183121668471376, 0.0 ], [ 77.685651887051549, 28.185070592607232, 0.0 ], [ 77.686080142180344, 28.186071930910273, 0.0 ], [ 77.685127154822624, 28.186767071671419, 0.0 ], [ 77.685056481501761, 28.186818624083617, 0.0 ], [ 77.685006152367947, 28.186855335472917, 0.0 ], [ 77.684904359796604, 28.186929586157191, 0.0 ], [ 77.685597668552418, 28.188783476866305, 0.0 ], [ 77.685598629811423, 28.190732386043511, 0.0 ], [ 77.683186051179845, 28.192826517248598, 0.0 ], [ 77.683405750586374, 28.194202345448293, 0.0 ], [ 77.683564702546335, 28.196697026173222, 0.0 ], [ 77.684533117528005, 28.198595930870709, 0.0 ], [ 77.683942931632075, 28.199692388419976, 0.0 ], [ 77.683612886899979, 28.199951160385655, 0.0 ], [ 77.68345939878931, 28.200071504010776, 0.0 ], [ 77.683466500227894, 28.200078979940383, 0.0 ], [ 77.683468010589365, 28.200080556845482, 0.0 ], [ 77.68360243491108, 28.200221854119604, 0.0 ], [ 77.683714160253174, 28.200339287805743, 0.0 ], [ 77.685497360322344, 28.202213602580098, 0.0 ], [ 77.687804666527512, 28.203209655888834, 0.0 ], [ 77.689520800826088, 28.203208983833509, 0.0 ], [ 77.692311106944643, 28.202494987136699, 0.0 ], [ 77.695635746781093, 28.201492114259942, 0.0 ], [ 77.697727662694774, 28.199591903445459, 0.0 ], [ 77.698908430116617, 28.198684582030594, 0.0 ], [ 77.705128833045251, 28.202962773342023, 0.0 ], [ 77.705584274996696, 28.202438196481683, 0.0 ], [ 77.705701810849803, 28.202302818289436, 0.0 ], [ 77.705819336123298, 28.202167437999115, 0.0 ], [ 77.706202487489321, 28.201726080453625, 0.0 ], [ 77.708131098911466, 28.199586748027908, 0.0 ], [ 77.709363582001458, 28.199820665427893, 0.0 ], [ 77.712686628052566, 28.196823385769253, 0.0 ], [ 77.715154522120812, 28.194349885948551, 0.0 ], [ 77.715161531522767, 28.194232527577629, 0.0 ], [ 77.715169610186635, 28.194097223216939, 0.0 ], [ 77.715138169449844, 28.193961852157443, 0.0 ], [ 77.714883616968137, 28.192865793855852, 0.0 ], [ 77.71311521061233, 28.190773543623372, 0.0 ], [ 77.713114002437251, 28.189108820209476, 0.0 ], [ 77.713006185368926, 28.187778054485626, 0.0 ], [ 77.709679596573224, 28.185447534803686, 0.0 ], [ 77.707906160706997, 28.183165671879959, 0.0 ], [ 77.706779566440929, 28.181027951844953, 0.0 ], [ 77.707155940247148, 28.180400660591314, 0.0 ], [ 77.707633912479608, 28.179543242423524, 0.0 ], [ 77.707633365313626, 28.17863642471832, 0.0 ], [ 77.709083522609419, 28.177304770418608, 0.0 ], [ 77.712030394663373, 28.175877607695011, 0.0 ], [ 77.712727352487704, 28.175164404711893, 0.0 ], [ 77.709776788861603, 28.171123828385927, 0.0 ], [ 77.707896022557037, 28.16793969746837, 0.0 ], [ 77.707034509639669, 28.16615814605429, 0.0 ], [ 77.706768589277203, 28.164304029835098, 0.0 ], [ 77.706489188199171, 28.163663309159091, 0.0 ], [ 77.706485586251006, 28.163655049024232, 0.0 ], [ 77.706062882348377, 28.162685684613344, 0.0 ], [ 77.705855971980682, 28.162211187169099, 0.0 ], [ 77.705234158268553, 28.161110736445107, 0.0 ], [ 77.70515767730727, 28.160975384886271, 0.0 ], [ 77.705004931923867, 28.161016767131883, 0.0 ], [ 77.702154732929642, 28.161788913486038, 0.0 ], [ 77.698561982941882, 28.164023810035172, 0.0 ], [ 77.695668477092724, 28.160600948469583, 0.0 ], [ 77.694379372022979, 28.158463097076151, 0.0 ], [ 77.691481313710923, 28.155658116980632, 0.0 ], [ 77.689276031801612, 28.153565649478352, 0.0 ], [ 77.685827007621825, 28.150874886767486, 0.0 ], [ 77.685680869240386, 28.150760870640781, 0.0 ], [ 77.685784549872167, 28.150631240445595, 0.0 ], [ 77.686861123338119, 28.149285175363776, 0.0 ], [ 77.687170243004317, 28.148662459341121, 0.0 ], [ 77.68723743870305, 28.148527093068726, 0.0 ], [ 77.687183832217357, 28.148391810429519, 0.0 ], [ 77.686860271950437, 28.147575281079096, 0.0 ], [ 77.687557078683938, 28.146528295098101, 0.0 ], [ 77.687663328162841, 28.145337224157089, 0.0 ], [ 77.688894614186964, 28.144244944177228, 0.0 ], [ 77.689000994961191, 28.143342569942394, 0.0 ], [ 77.688415128739024, 28.14226902894687, 0.0 ], [ 77.688302058556957, 28.14013053841299, 0.0 ], [ 77.687929611622522, 28.138325991002851, 0.0 ], [ 77.687714741129071, 28.136137997816054, 0.0 ], [ 77.687343063519137, 28.134996649393251, 0.0 ], [ 77.687281352918831, 28.134807145360991, 0.0 ], [ 77.687189940978271, 28.134726008252674, 0.0 ], [ 77.684974809108908, 28.132759801873888, 0.0 ], [ 77.683477876237774, 28.131384247634294, 0.0 ], [ 77.6826174130033, 28.130622081471277, 0.0 ], [ 77.68084569917508, 28.129481259276307, 0.0 ], [ 77.681171234265662, 28.128908228901015, 0.0 ], [ 77.680524541382013, 28.128290353218304, 0.0 ], [ 77.679292912582198, 28.128195999552702, 0.0 ], [ 77.677846939030601, 28.126820391428382, 0.0 ], [ 77.676717016614091, 28.126441824446896, 0.0 ], [ 77.675805588512475, 28.12530065805764, 0.0 ], [ 77.675001245926438, 28.123600502751543, 0.0 ], [ 77.674949783346221, 28.123491723466817, 0.0 ], [ 77.675034680832169, 28.123329770793966, 0.0 ], [ 77.675697305912308, 28.122065722014479, 0.0 ], [ 77.677894088163129, 28.118117215227912, 0.0 ], [ 77.678214440845096, 28.117404294192475, 0.0 ], [ 77.678497724305913, 28.116938796365439, 0.0 ], [ 77.678590703790348, 28.116786009044581, 0.0 ], [ 77.678557333238587, 28.116668048903605, 0.0 ], [ 77.677836477789882, 28.114119759575068, 0.0 ], [ 77.674939637732152, 28.110795531829716, 0.0 ], [ 77.673569767967294, 28.109528459630134, 0.0 ], [ 77.673549902429016, 28.109510083990177, 0.0 ], [ 77.67346073668233, 28.10952905077831, 0.0 ], [ 77.673430578880343, 28.109535465792145, 0.0 ], [ 77.673417059689186, 28.109538341325262, 0.0 ], [ 77.673371875983136, 28.109618465365624, 0.0 ], [ 77.673264514779035, 28.109670741760169, 0.0 ], [ 77.67311234327174, 28.109744839282747, 0.0 ], [ 77.672659620176518, 28.109920894085722, 0.0 ], [ 77.672140587515202, 28.110182819644557, 0.0 ], [ 77.671708189565223, 28.110534785214004, 0.0 ], [ 77.671052086067519, 28.111256916732255, 0.0 ], [ 77.670970714180058, 28.111523140186165, 0.0 ], [ 77.67087407040755, 28.111608843256565, 0.0 ], [ 77.670614607079287, 28.111608988016005, 0.0 ], [ 77.670176976871787, 28.111541433346172, 0.0 ], [ 77.669800338248805, 28.11145127096998, 0.0 ], [ 77.668986403145411, 28.112191459170699, 0.0 ], [ 77.668630320995604, 28.112597594937309, 0.0 ], [ 77.668549106886246, 28.113071380812585, 0.0 ], [ 77.668452514078879, 28.113387226674618, 0.0 ], [ 77.667740308280912, 28.113951448499645, 0.0 ], [ 77.667440189842964, 28.114226668709797, 0.0 ], [ 77.667440246210035, 28.114506477746442, 0.0 ], [ 77.667557402281972, 28.114736504775724, 0.0 ], [ 77.668173264558774, 28.115173975428892, 0.0 ], [ 77.667898626021255, 28.115476374699021, 0.0 ], [ 77.667557782037875, 28.115914126556639, 0.0 ], [ 77.667105086480504, 28.116563945772342, 0.0 ], [ 77.66686606132248, 28.117060289037916, 0.0 ], [ 77.666759503653807, 28.117209180835292, 0.0 ], [ 77.666683037292316, 28.117316026649, 0.0 ], [ 77.666627065243944, 28.117394238032453, 0.0 ], [ 77.666558369312909, 28.117479970976603, 0.0 ], [ 77.666189551940661, 28.117940267156694, 0.0 ], [ 77.665853743348137, 28.118202015040087, 0.0 ], [ 77.665217479839129, 28.117692359226989, 0.0 ], [ 77.664565976377233, 28.117128588937778, 0.0 ], [ 77.664026674811609, 28.117674586084092, 0.0 ], [ 77.662978701626798, 28.118766747077899, 0.0 ], [ 77.662637883418213, 28.118996927001902, 0.0 ], [ 77.662261368259891, 28.119330865446173, 0.0 ], [ 77.661823809000282, 28.119700900831518, 0.0 ], [ 77.661487899075439, 28.119452872192713, 0.0 ], [ 77.661090797999378, 28.119033379063783, 0.0 ], [ 77.660535935693957, 28.118573280615962, 0.0 ], [ 77.659620056650056, 28.118979506114378, 0.0 ], [ 77.659106205383964, 28.119331611270884, 0.0 ], [ 77.658907713473525, 28.119331625549211, 0.0 ], [ 77.658907677249047, 28.119101482115884, 0.0 ], [ 77.658749882328365, 28.118979725749242, 0.0 ], [ 77.658271515018498, 28.118979839027094, 0.0 ], [ 77.657620121505119, 28.119052125408068, 0.0 ], [ 77.657401341727322, 28.118980051293004, 0.0 ], [ 77.657238463412725, 28.119101856032231, 0.0 ], [ 77.656546706321748, 28.120315718583047, 0.0 ], [ 77.655635914615729, 28.120879799003088, 0.0 ], [ 77.655294992290123, 28.12116412296746, 0.0 ], [ 77.65493894473866, 28.121868023748291, 0.0 ], [ 77.654643785215512, 28.121953815635038, 0.0 ], [ 77.65432314198577, 28.121814046746508, 0.0 ], [ 77.654184862836956, 28.121760663887738, 0.0 ], [ 77.654007650719265, 28.121692253214839, 0.0 ], [ 77.654025677717854, 28.121549475547265, 0.0 ], [ 77.654063482060707, 28.121250052101114, 0.0 ], [ 77.653549402993718, 28.120758402691653, 0.0 ], [ 77.653055579827878, 28.1199824713234, 0.0 ], [ 77.652495546521848, 28.118944846883721, 0.0 ], [ 77.652078011003724, 28.118060610804605, 0.0 ], [ 77.651268657034493, 28.116671095895043, 0.0 ], [ 77.650728995109276, 28.115895209183869, 0.0 ], [ 77.650133541709408, 28.115421529446593, 0.0 ], [ 77.649578813370198, 28.114929811274205, 0.0 ], [ 77.648825499264873, 28.114262202107174, 0.0 ], [ 77.647415670293213, 28.112994591437001, 0.0 ], [ 77.646225054291861, 28.11354071200941, 0.0 ], [ 77.645650044994554, 28.113752883597879, 0.0 ], [ 77.645151386021311, 28.11387475122698, 0.0 ], [ 77.644576348445199, 28.113802612017487, 0.0 ], [ 77.643904536692332, 28.113662848423814, 0.0 ], [ 77.643706119608709, 28.113450783341648, 0.0 ], [ 77.642912131609691, 28.112625194440717, 0.0 ], [ 77.642866927179114, 28.112423291909273, 0.0 ], [ 77.642826635680748, 28.112243337410302, 0.0 ], [ 77.642806322433913, 28.112152609477334, 0.0 ], [ 77.642789904223704, 28.112079275906058, 0.0 ], [ 77.642789806939064, 28.111497255870308, 0.0 ], [ 77.642967825392205, 28.110847556280177, 0.0 ], [ 77.64314589787837, 28.110617481251698, 0.0 ], [ 77.643761513288439, 28.110057900348924, 0.0 ], [ 77.644199116931489, 28.10984580889124, 0.0 ], [ 77.644814704067983, 28.109281724745347, 0.0 ], [ 77.644438142361494, 28.109002025003729, 0.0 ], [ 77.64386307810247, 28.108614084675814, 0.0 ], [ 77.643008099090522, 28.108032144622399, 0.0 ], [ 77.642214202352335, 28.107346452142078, 0.0 ], [ 77.640886032530318, 28.106290849136823, 0.0 ], [ 77.639832530613717, 28.10535700339377, 0.0 ], [ 77.639038645035072, 28.104562964985551, 0.0 ], [ 77.6377306204853, 28.103110236332824, 0.0 ], [ 77.637635886006649, 28.103005020706902, 0.0 ], [ 77.637629064873266, 28.102997444756642, 0.0 ], [ 77.637619871210603, 28.102998554727368, 0.0 ], [ 77.637481488658679, 28.103015276072522, 0.0 ], [ 77.636321399089411, 28.103155453616413, 0.0 ], [ 77.635883820239854, 28.103191631910683, 0.0 ], [ 77.635466578738999, 28.103367651753615, 0.0 ], [ 77.634693166046304, 28.103845907029619, 0.0 ], [ 77.634635677425806, 28.103879784451816, 0.0 ], [ 77.634606471909422, 28.10389699490737, 0.0 ], [ 77.634505507322828, 28.103956493230648, 0.0 ], [ 77.634175149575256, 28.104151169293388, 0.0 ], [ 77.634043990559988, 28.104228459660391, 0.0 ], [ 77.633919759307304, 28.104301666913635, 0.0 ], [ 77.633563573389537, 28.104549829128047, 0.0 ], [ 77.633508875757371, 28.104707468223861, 0.0 ], [ 77.63344147162617, 28.104901725053995, 0.0 ], [ 77.633222691862329, 28.10528532013398, 0.0 ], [ 77.632927647736707, 28.105497395293032, 0.0 ], [ 77.63288435205105, 28.105526406830929, 0.0 ], [ 77.632628530800474, 28.105697829291309, 0.0 ], [ 77.632032116563366, 28.106097475004969, 0.0 ], [ 77.631655548621794, 28.1062734479186, 0.0 ], [ 77.631518183557404, 28.106201263733961, 0.0 ], [ 77.631202640466427, 28.106025349303152, 0.0 ], [ 77.630963520115628, 28.105411761000166, 0.0 ], [ 77.630744661126172, 28.105127491051753, 0.0 ], [ 77.630566595828839, 28.105181661907007, 0.0 ], [ 77.629991675095212, 28.105673502553458, 0.0 ], [ 77.62977282604507, 28.105781778011497, 0.0 ], [ 77.629574340600769, 28.105673428352645, 0.0 ], [ 77.629157090975042, 28.105799858162442, 0.0 ], [ 77.628739932748758, 28.106079597237148, 0.0 ], [ 77.628480381644309, 28.106341215897562, 0.0 ], [ 77.628432140703239, 28.106429792319759, 0.0 ], [ 77.628047863830915, 28.10713536494637, 0.0 ], [ 77.627822482076837, 28.107309863048446, 0.0 ], [ 77.627727377298243, 28.107383496430963, 0.0 ], [ 77.627111622430036, 28.107451233124998, 0.0 ], [ 77.626638360964904, 28.107893352430587, 0.0 ], [ 77.626577376584976, 28.108155085726828, 0.0 ], [ 77.626755473214089, 28.108421217318874, 0.0 ], [ 77.627070921365686, 28.10880929176221, 0.0 ], [ 77.62707091897488, 28.108913027362046, 0.0 ], [ 77.626311890568942, 28.109348552363624, 0.0 ], [ 77.626187253081056, 28.109420068068474, 0.0 ], [ 77.626119417865809, 28.109458990936655, 0.0 ], [ 77.624831997399298, 28.107627220811693, 0.0 ], [ 77.624823447171892, 28.107622018199837, 0.0 ], [ 77.6247627450132, 28.107585085950205, 0.0 ], [ 77.624572439653676, 28.107469297309063, 0.0 ], [ 77.624420280715299, 28.107517083638101, 0.0 ], [ 77.623839707375879, 28.107699415592688, 0.0 ], [ 77.623849872206321, 28.107703881368547, 0.0 ], [ 77.623106940081769, 28.10829040198362, 0.0 ], [ 77.62287799199548, 28.108466357967668, 0.0 ], [ 77.622658982350998, 28.108649938608483, 0.0 ], [ 77.622598128566565, 28.108700948255883, 0.0 ], [ 77.622445448848197, 28.108710047037558, 0.0 ], [ 77.622079063571462, 28.108556580920428, 0.0 ], [ 77.621971738027341, 28.108508247641517, 0.0 ], [ 77.621797630238177, 28.10842983839596, 0.0 ], [ 77.621107239262813, 28.108118921774494, 0.0 ], [ 77.621010501833268, 28.108109945623394, 0.0 ], [ 77.620949422548847, 28.108164021153819, 0.0 ], [ 77.620628854435623, 28.108475387354343, 0.0 ], [ 77.620557664132804, 28.10832642889584, 0.0 ], [ 77.620554074917465, 28.10831369459088, 0.0 ], [ 77.620540427918442, 28.108265277854194, 0.0 ], [ 77.620455930554087, 28.107965501087101, 0.0 ], [ 77.620389693901885, 28.107839199833911, 0.0 ], [ 77.620191244328936, 28.107924908855615, 0.0 ], [ 77.620190082799311, 28.107925337613992, 0.0 ], [ 77.620069469436231, 28.107969905517518, 0.0 ], [ 77.619763850982523, 28.108082833479585, 0.0 ], [ 77.619173591777198, 28.108371520680219, 0.0 ], [ 77.61832375293865, 28.108709928720774, 0.0 ], [ 77.61814840810051, 28.108772081844421, 0.0 ], [ 77.618069306639342, 28.108800120128944, 0.0 ], [ 77.617733466240324, 28.108939949734324, 0.0 ], [ 77.617550254017019, 28.108791054565465, 0.0 ], [ 77.617392611420499, 28.108560930972402, 0.0 ], [ 77.617275522020563, 28.108375939085445, 0.0 ], [ 77.617168672358432, 28.108028610780536, 0.0 ], [ 77.617163582947526, 28.108024036172015, 0.0 ], [ 77.616654739723657, 28.108191013635757, 0.0 ], [ 77.615886358388991, 28.108470683307139, 0.0 ], [ 77.615479250159225, 28.108574370619376, 0.0 ], [ 77.61503652576134, 28.108732327825717, 0.0 ], [ 77.614604066260156, 28.108840588711249, 0.0 ], [ 77.614532782484261, 28.108799952928972, 0.0 ], [ 77.614298766220713, 28.108416471486045, 0.0 ], [ 77.614119471322553, 28.107942605284766, 0.0 ], [ 77.614078583452255, 28.107834541971759, 0.0 ], [ 77.614044382840888, 28.107744150823152, 0.0 ], [ 77.613856128568585, 28.107198224424575, 0.0 ], [ 77.613753246065329, 28.107287212389149, 0.0 ], [ 77.613706206195047, 28.107327899330144, 0.0 ], [ 77.61364747894973, 28.107378695272239, 0.0 ], [ 77.613016454432994, 28.10786586667659, 0.0 ], [ 77.612777328468582, 28.108037340828162, 0.0 ], [ 77.612482196919487, 28.108186087497032, 0.0 ], [ 77.612293931574612, 28.108280973023891, 0.0 ], [ 77.61217688787282, 28.108266449960425, 0.0 ], [ 77.612075063771215, 28.108253816242019, 0.0 ], [ 77.611647645340327, 28.108813260089324, 0.0 ], [ 77.611469497078758, 28.109038895455434, 0.0 ], [ 77.611276061813115, 28.109165152278248, 0.0 ], [ 77.611067456902703, 28.109250880796406, 0.0 ], [ 77.610797731558307, 28.109462926929435, 0.0 ], [ 77.610365144476447, 28.109783237700928, 0.0 ], [ 77.608930099393561, 28.110802776206036, 0.0 ], [ 77.608187062280834, 28.111357643664505, 0.0 ], [ 77.607947907370388, 28.11152451939984, 0.0 ], [ 77.60762721008031, 28.111867436199084, 0.0 ], [ 77.607443980434041, 28.11206590745703, 0.0 ], [ 77.607148852147432, 28.112517074488682, 0.0 ], [ 77.606583874584544, 28.113288511362576, 0.0 ], [ 77.606334420974193, 28.113662975899611, 0.0 ], [ 77.605988327209971, 28.114109608252591, 0.0 ], [ 77.605800049854267, 28.114371250971104, 0.0 ], [ 77.605489604677217, 28.114772794853167, 0.0 ], [ 77.605301184192086, 28.11507960064251, 0.0 ], [ 77.604888976156317, 28.11545849512342, 0.0 ], [ 77.604222264779608, 28.116139707775222, 0.0 ], [ 77.603591129997383, 28.116811906360834, 0.0 ], [ 77.603453719863822, 28.117028412252289, 0.0 ], [ 77.603351878978501, 28.117150257207498, 0.0 ], [ 77.60311266794622, 28.117389278991407, 0.0 ], [ 77.602990514720247, 28.117533675608989, 0.0 ], [ 77.602893783236496, 28.117637420758758, 0.0 ], [ 77.602781870628988, 28.117668964248441, 0.0 ], [ 77.602669889140074, 28.117682514626171, 0.0 ], [ 77.602593504555898, 28.117772703748603, 0.0 ], [ 77.602573116628534, 28.117858505980163, 0.0 ], [ 77.602644382072739, 28.117948720436669, 0.0 ], [ 77.602756356682022, 28.118043493680034, 0.0 ], [ 77.60281914136759, 28.118115681740431, 0.0 ], [ 77.602893728297261, 28.118201442422968, 0.0 ], [ 77.602883485987462, 28.11836836663629, 0.0 ], [ 77.602851942566787, 28.118386403264545, 0.0 ], [ 77.602410176478642, 28.118639015798262, 0.0 ], [ 77.601982607787676, 28.118986365428807, 0.0 ], [ 77.601835037930783, 28.118814858375675, 0.0 ], [ 77.601728245789104, 28.118638917570845, 0.0 ], [ 77.601504358595577, 28.118327547707164, 0.0 ], [ 77.601285647532137, 28.118043243951963, 0.0 ], [ 77.601102517990341, 28.117804092938947, 0.0 ], [ 77.600802288685514, 28.117483766983575, 0.0 ], [ 77.600451185263864, 28.117208479654629, 0.0 ], [ 77.600156059471558, 28.117005365996071, 0.0 ], [ 77.599840633044636, 28.116856475617087, 0.0 ], [ 77.599601483677645, 28.116725535485124, 0.0 ], [ 77.599448820588407, 28.116630786778394, 0.0 ], [ 77.599291121951296, 28.116517967962846, 0.0 ], [ 77.599209681549524, 28.11639161305202, 0.0 ], [ 77.599107974619628, 28.116161492352596, 0.0 ], [ 77.599001171535292, 28.115981049636819, 0.0 ], [ 77.598828208575114, 28.115606550724305, 0.0 ], [ 77.598736613432294, 28.115394483493567, 0.0 ], [ 77.598665445309479, 28.115245515770777, 0.0 ], [ 77.598533200372486, 28.114961321022605, 0.0 ], [ 77.59842637470534, 28.114690545978274, 0.0 ], [ 77.59837046306474, 28.114523631949211, 0.0 ], [ 77.598227951077007, 28.114261865431519, 0.0 ], [ 77.598090616184678, 28.114000175103161, 0.0 ], [ 77.598060135950092, 28.113878353283582, 0.0 ], [ 77.597871954343844, 28.11355796744159, 0.0 ], [ 77.597744796382258, 28.113332417369396, 0.0 ], [ 77.597693884147219, 28.113228646690736, 0.0 ], [ 77.597480247292125, 28.112939822950462, 0.0 ], [ 77.597347919543822, 28.112687112796785, 0.0 ], [ 77.597210668220143, 28.112475087760775, 0.0 ], [ 77.59712414045849, 28.112371236260891, 0.0 ], [ 77.596839255407659, 28.112077938046063, 0.0 ], [ 77.596737437143915, 28.111983219663362, 0.0 ], [ 77.596335524653512, 28.111680805209531, 0.0 ], [ 77.595898000105493, 28.11135141284776, 0.0 ], [ 77.595536807874851, 28.111112220788719, 0.0 ], [ 77.595170488559205, 28.110773713655071, 0.0 ], [ 77.594753266448748, 28.110417267111426, 0.0 ], [ 77.594330958794018, 28.110056152175304, 0.0 ], [ 77.593893491910833, 28.109767330594526, 0.0 ], [ 77.593516975288111, 28.109469516229233, 0.0 ], [ 77.593160820096912, 28.109189726084054, 0.0 ], [ 77.592779292447645, 28.108851256441692, 0.0 ], [ 77.592148477034499, 28.108264540495142, 0.0 ], [ 77.591919566899605, 28.108011829035252, 0.0 ], [ 77.591532893925773, 28.107736529318487, 0.0 ], [ 77.591176694565235, 28.107583053723758, 0.0 ], [ 77.590973181312108, 28.107479262257758, 0.0 ], [ 77.590856222771492, 28.107488229706938, 0.0 ], [ 77.590764569947339, 28.107537881883097, 0.0 ], [ 77.590698423048835, 28.107569469487618, 0.0 ], [ 77.590611895764098, 28.107519777708948, 0.0 ], [ 77.590545783643861, 28.107447628568661, 0.0 ], [ 77.590357586172786, 28.107086562827611, 0.0 ], [ 77.590306797082292, 28.107014371439696, 0.0 ], [ 77.590276223692541, 28.10689254445052, 0.0 ], [ 77.590164372101597, 28.106797759733265, 0.0 ], [ 77.590093112418728, 28.106761703203997, 0.0 ], [ 77.589894635682029, 28.106788711919048, 0.0 ], [ 77.589852999194534, 28.106833828080561, 0.0 ], [ 77.589803061822764, 28.106887937929933, 0.0 ], [ 77.589772514617891, 28.106921037390528, 0.0 ], [ 77.589757275855845, 28.106937551843814, 0.0 ], [ 77.589660519973634, 28.107063873482787, 0.0 ], [ 77.589599386426002, 28.107248846182113, 0.0 ], [ 77.58960955511408, 28.107424801393897, 0.0 ], [ 77.589538243915115, 28.107487981882496, 0.0 ], [ 77.589344887423891, 28.107641296293782, 0.0 ], [ 77.589100545760004, 28.107754086537749, 0.0 ], [ 77.588754483054174, 28.107966040406286, 0.0 ], [ 77.588505145097031, 28.1081284187436, 0.0 ], [ 77.588377866429553, 28.108232151885193, 0.0 ], [ 77.588276108897631, 28.108236666265597, 0.0 ], [ 77.588123463758862, 28.108056161559595, 0.0 ], [ 77.58802177260084, 28.107794450981562, 0.0 ], [ 77.587793087519302, 28.107117609235573, 0.0 ], [ 77.587589669895806, 28.10661227124174, 0.0 ], [ 77.587472707382133, 28.106364097281165, 0.0 ], [ 77.587355706869857, 28.106048173422373, 0.0 ], [ 77.58726929989885, 28.105917328305047, 0.0 ], [ 77.587218370885239, 28.105863217782439, 0.0 ], [ 77.587152235881106, 28.105840639904319, 0.0 ], [ 77.587019960490167, 28.105822565655238, 0.0 ], [ 77.586831679388837, 28.105863129462787, 0.0 ], [ 77.586750315122046, 28.105894667975612, 0.0 ], [ 77.586439808121753, 28.105975787435774, 0.0 ], [ 77.585890196284424, 28.106300498719364, 0.0 ], [ 77.58574769144667, 28.106431355737399, 0.0 ], [ 77.58549321470646, 28.10657565839718, 0.0 ], [ 77.585345620805768, 28.106616195201546, 0.0 ], [ 77.585172678454782, 28.106575561583341, 0.0 ], [ 77.585050554185003, 28.106530374748349, 0.0 ], [ 77.584989469488562, 28.106444712823833, 0.0 ], [ 77.584887757208392, 28.106404059015826, 0.0 ], [ 77.584506223145809, 28.106083561773485, 0.0 ], [ 77.584435070523739, 28.105961760009674, 0.0 ], [ 77.584333228254664, 28.105885026446114, 0.0 ], [ 77.58421112077707, 28.105844428359923, 0.0 ], [ 77.584089084540338, 28.105794743747825, 0.0 ], [ 77.583946544667342, 28.105772105258534, 0.0 ], [ 77.583804138596875, 28.105758556187375, 0.0 ], [ 77.583656519283181, 28.10576301367978, 0.0 ], [ 77.58348860440303, 28.105853272932642, 0.0 ], [ 77.583356335311663, 28.105893765602708, 0.0 ], [ 77.583234198021955, 28.105902833199533, 0.0 ], [ 77.583086584842249, 28.105880207655336, 0.0 ], [ 77.583025540423819, 28.105862111998754, 0.0 ], [ 77.582893308452768, 28.105798960939978, 0.0 ], [ 77.58284243825419, 28.105731262206142, 0.0 ], [ 77.582781389171402, 28.105654504677265, 0.0 ], [ 77.582745786779299, 28.105600350441247, 0.0 ], [ 77.582679652704883, 28.105577771610999, 0.0 ], [ 77.582572806273717, 28.105577798386765, 0.0 ], [ 77.582404882620068, 28.105636384578819, 0.0 ], [ 77.582318327605051, 28.105722096136155, 0.0 ], [ 77.582196253831796, 28.105690495459736, 0.0 ], [ 77.581890950165345, 28.105491870740096, 0.0 ], [ 77.581392457467331, 28.105004431818884, 0.0 ], [ 77.581061793990145, 28.104720135622799, 0.0 ], [ 77.580639586810491, 28.104399650551461, 0.0 ], [ 77.580564230791708, 28.104333847422247, 0.0 ], [ 77.580420100942519, 28.104207988051371, 0.0 ], [ 77.580313999931917, 28.104115338007848, 0.0 ], [ 77.580272409057329, 28.104071537172111, 0.0 ], [ 77.579932607304031, 28.103713676169733, 0.0 ], [ 77.579484923731968, 28.103244262653494, 0.0 ], [ 77.578828889861214, 28.102499660870386, 0.0 ], [ 77.57838633350957, 28.10198515444414, 0.0 ], [ 77.577989669535881, 28.101565443999174, 0.0 ], [ 77.57765898328752, 28.101240469096826, 0.0 ], [ 77.57725721941857, 28.100811774573256, 0.0 ], [ 77.57712027756169, 28.100653354798414, 0.0 ], [ 77.576972384249743, 28.100482264260403, 0.0 ], [ 77.576929197136849, 28.100382585855343, 0.0 ], [ 77.576718212134466, 28.099895620400741, 0.0 ], [ 77.576413146555652, 28.099290940229373, 0.0 ], [ 77.576255641055539, 28.098753965939782, 0.0 ], [ 77.576118362007719, 28.098577996023621, 0.0 ], [ 77.575955623153547, 28.098257597970207, 0.0 ], [ 77.576072622276826, 28.09820347391905, 0.0 ], [ 77.576454245941264, 28.098154029445794, 0.0 ], [ 77.576657865358158, 28.098090853455389, 0.0 ], [ 77.576688378606363, 28.097996116918054, 0.0 ], [ 77.57665792417977, 28.097874288252846, 0.0 ], [ 77.576561445131517, 28.097468237799195, 0.0 ], [ 77.576551295629685, 28.097292279277202, 0.0 ], [ 77.576561567504029, 28.097152342882019, 0.0 ], [ 77.576490401118491, 28.09693579435471, 0.0 ], [ 77.576383538360176, 28.096840984444423, 0.0 ], [ 77.576190304377519, 28.096737144305589, 0.0 ], [ 77.576022377286037, 28.096646909760548, 0.0 ], [ 77.575757865442142, 28.096615241693986, 0.0 ], [ 77.575406760038248, 28.09656994995559, 0.0 ], [ 77.575167657429873, 28.096551888406513, 0.0 ], [ 77.575040465446719, 28.096475127038449, 0.0 ], [ 77.574913304133375, 28.096290130440501, 0.0 ], [ 77.574837054789015, 28.096186329070228, 0.0 ], [ 77.574638741143971, 28.095992258143813, 0.0 ], [ 77.57439458578007, 28.095685302829789, 0.0 ], [ 77.574338720656428, 28.095549956445605, 0.0 ], [ 77.574348985309186, 28.09531986930623, 0.0 ], [ 77.573977512907987, 28.095310709394408, 0.0 ], [ 77.573865635685337, 28.095319741932371, 0.0 ], [ 77.573662261441982, 28.094981276599079, 0.0 ], [ 77.573555475494103, 28.094701479931516, 0.0 ], [ 77.573428325948214, 28.094548061424774, 0.0 ], [ 77.573280881008202, 28.094362935817109, 0.0 ], [ 77.573026567460772, 28.094051599441734, 0.0 ], [ 77.572772306292123, 28.093695003924356, 0.0 ], [ 77.572533382249034, 28.093284385031687, 0.0 ], [ 77.57233001492753, 28.092945917021247, 0.0 ], [ 77.572243560433364, 28.092824057012638, 0.0 ], [ 77.572055420018259, 28.092458554347328, 0.0 ], [ 77.571938580267371, 28.092232949950276, 0.0 ], [ 77.571867378256542, 28.092120044124449, 0.0 ], [ 77.571791059833913, 28.092025329086685, 0.0 ], [ 77.571684243873435, 28.092029756351504, 0.0 ], [ 77.571419641860004, 28.092205648695614, 0.0 ], [ 77.571261817814829, 28.092336444728275, 0.0 ], [ 77.571154876851182, 28.092512359973632, 0.0 ], [ 77.571134530291118, 28.092525911324515, 0.0 ], [ 77.570920884115239, 28.092354367600141, 0.0 ], [ 77.570575136747266, 28.091943673012207, 0.0 ], [ 77.570392078116242, 28.091727061245571, 0.0 ], [ 77.570153083532574, 28.091469750551678, 0.0 ], [ 77.569741080565251, 28.091027469264084, 0.0 ], [ 77.569614017214477, 28.090689062173404, 0.0 ], [ 77.569405630588449, 28.090332517606804, 0.0 ], [ 77.56909544319744, 28.089845154918503, 0.0 ], [ 77.568861652621919, 28.089416430137319, 0.0 ], [ 77.568566687243859, 28.089077930441277, 0.0 ], [ 77.56840903728083, 28.088901914751762, 0.0 ], [ 77.568205578262251, 28.088739336451557, 0.0 ], [ 77.56786994076819, 28.088432435014646, 0.0 ], [ 77.567666562706734, 28.088233868742176, 0.0 ], [ 77.567473300500993, 28.088073344891125, 0.0 ], [ 77.567351271345132, 28.087971987348816, 0.0 ], [ 77.567168056175078, 28.087993604380305, 0.0 ], [ 77.566893292904382, 28.088026025393781, 0.0 ], [ 77.566745737859591, 28.08810262654292, 0.0 ], [ 77.56644044634146, 28.088156705949576, 0.0 ], [ 77.56607919870342, 28.088224249905881, 0.0 ], [ 77.565850199647272, 28.088278303623635, 0.0 ], [ 77.565539809449945, 28.088354887149801, 0.0 ], [ 77.565178562920195, 28.088512673170566, 0.0 ], [ 77.564756206658302, 28.088571197732701, 0.0 ], [ 77.564471284912614, 28.088589139122917, 0.0 ], [ 77.563931969396322, 28.088652111909408, 0.0 ], [ 77.563392690269495, 28.088665417045164, 0.0 ], [ 77.562960173335526, 28.088719375279982, 0.0 ], [ 77.562405541766012, 28.088813872375539, 0.0 ], [ 77.561922206411936, 28.088840791823376, 0.0 ], [ 77.561601637423138, 28.088908306369518, 0.0 ], [ 77.561337096846998, 28.088953361983862, 0.0 ], [ 77.560991080677169, 28.089057023854352, 0.0 ], [ 77.560609431629445, 28.089092935800043, 0.0 ], [ 77.560344954323796, 28.089065740394215, 0.0 ], [ 77.559943042949243, 28.088988878723878, 0.0 ], [ 77.559169853546749, 28.088772002242965, 0.0 ], [ 77.558696745347703, 28.088640980210968, 0.0 ], [ 77.558167713524838, 28.088532416464862, 0.0 ], [ 77.557541987935252, 28.088360763181221, 0.0 ], [ 77.557246902913491, 28.088342547850388, 0.0 ], [ 77.556768661423419, 28.088283691463644, 0.0 ], [ 77.556305694176928, 28.088211297856091, 0.0 ], [ 77.555807124904661, 28.088202068637621, 0.0 ], [ 77.555339039411081, 28.088237924172226, 0.0 ], [ 77.554840460723213, 28.088287355121931, 0.0 ], [ 77.554524945750046, 28.088350434830961, 0.0 ], [ 77.554046672336767, 28.088404307100532, 0.0 ], [ 77.553487034370093, 28.088489791023466, 0.0 ], [ 77.552988350457767, 28.088539214549407, 0.0 ], [ 77.552596586168463, 28.088584131958452, 0.0 ], [ 77.552357502141803, 28.088566035878852, 0.0 ], [ 77.552067505971522, 28.088583968669337, 0.0 ], [ 77.551655347833091, 28.088628845827714, 0.0 ], [ 77.550897061453597, 28.088994018848744, 0.0 ], [ 77.550398373553705, 28.089228330100706, 0.0 ], [ 77.550077651675934, 28.089377158196569, 0.0 ], [ 77.549721458871161, 28.089598057034152, 0.0 ], [ 77.548734164307703, 28.089958495306426, 0.0 ], [ 77.548687986427069, 28.089979809465508, 0.0 ], [ 77.548555923321032, 28.090040763399102, 0.0 ], [ 77.548556071329926, 28.090039656681626, 0.0 ], [ 77.548382639902215, 28.090121593934722, 0.0 ], [ 77.547869060683084, 28.09036423625578, 0.0 ], [ 77.547405937561095, 28.090494795737282, 0.0 ], [ 77.547075110726908, 28.090625467879967, 0.0 ], [ 77.546856360376864, 28.09068405910627, 0.0 ], [ 77.546449211157238, 28.090868818652648, 0.0 ], [ 77.546082771336032, 28.090999490395607, 0.0 ], [ 77.545807945528452, 28.0911301986525, 0.0 ], [ 77.545456912717128, 28.091224751389099, 0.0 ], [ 77.545192241155164, 28.091233698889429, 0.0 ], [ 77.544917587633037, 28.091134253993989, 0.0 ], [ 77.544770174590965, 28.091039436626133, 0.0 ], [ 77.544693907591878, 28.090953705755954, 0.0 ], [ 77.544495618939692, 28.090624183341696, 0.0 ], [ 77.54440933773725, 28.090326411181966, 0.0 ], [ 77.544333100440824, 28.090154934826089, 0.0 ], [ 77.54419593333391, 28.089839026444533, 0.0 ], [ 77.544104481378284, 28.089667497336073, 0.0 ], [ 77.544048639792337, 28.089559131441462, 0.0 ], [ 77.5439316909724, 28.08947341276739, 0.0 ], [ 77.543763843209675, 28.089396639241198, 0.0 ], [ 77.543565473483525, 28.089292678330033, 0.0 ], [ 77.543382333723429, 28.089224941124876, 0.0 ], [ 77.542792192095007, 28.089197546485675, 0.0 ], [ 77.542471582909883, 28.089224444167659, 0.0 ], [ 77.542273270868336, 28.089170241690731, 0.0 ], [ 77.542105438685539, 28.089066384135094, 0.0 ], [ 77.541962999196826, 28.089003129874978, 0.0 ], [ 77.541764629255297, 28.088962421173573, 0.0 ], [ 77.54137281359796, 28.088993814834776, 0.0 ], [ 77.541197367394744, 28.089064547911665, 0.0 ], [ 77.540881167584956, 28.089192028814725, 0.0 ], [ 77.540843545315994, 28.089207197388145, 0.0 ], [ 77.540802871923063, 28.089223596644111, 0.0 ], [ 77.540110655283428, 28.089543563332693, 0.0 ], [ 77.539805303468142, 28.089678746289799, 0.0 ], [ 77.539332010720315, 28.089899645498726, 0.0 ], [ 77.538894342719686, 28.090124950062965, 0.0 ], [ 77.538482095933503, 28.090305203884657, 0.0 ], [ 77.538029119778116, 28.090471972717591, 0.0 ], [ 77.537530444911596, 28.090688249096953, 0.0 ], [ 77.537148796116938, 28.090791765843168, 0.0 ], [ 77.536914630422558, 28.090854878301407, 0.0 ], [ 77.536756894869583, 28.090895397190508, 0.0 ], [ 77.536415912114336, 28.091025982498433, 0.0 ], [ 77.535891847598876, 28.091106906900571, 0.0 ], [ 77.535500055142009, 28.091115702496563, 0.0 ], [ 77.535276214765318, 28.091106630557373, 0.0 ], [ 77.535082839606233, 28.091138057898572, 0.0 ], [ 77.534981062583384, 28.091165121743199, 0.0 ], [ 77.534757333540881, 28.091061216461892, 0.0 ], [ 77.534589538701212, 28.090903186929172, 0.0 ], [ 77.534426753844528, 28.09079031110695, 0.0 ], [ 77.53431489760861, 28.090740561067399, 0.0 ], [ 77.533933457357293, 28.090555346208554, 0.0 ], [ 77.533831686626257, 28.09057491723852, 0.0 ], [ 77.533699336922382, 28.090600369112561, 0.0 ], [ 77.533526329696073, 28.090652928459363, 0.0 ], [ 77.533358367031482, 28.090703958441825, 0.0 ], [ 77.533149755644786, 28.090762502875823, 0.0 ], [ 77.532864854757747, 28.090789385791748, 0.0 ], [ 77.532534112670731, 28.090757626398503, 0.0 ], [ 77.532101701442002, 28.090721257331918, 0.0 ], [ 77.53195417396401, 28.09068508939508, 0.0 ], [ 77.531633684177748, 28.090621722907755, 0.0 ], [ 77.531216578934789, 28.09058090810899, 0.0 ], [ 77.530936744155795, 28.090508531570919, 0.0 ], [ 77.530768898898316, 28.090463326172703, 0.0 ], [ 77.530341624787056, 28.090381864103811, 0.0 ], [ 77.530107585903622, 28.090354633448314, 0.0 ], [ 77.529868448556343, 28.090286834434345, 0.0 ], [ 77.529507246679799, 28.09024596630427, 0.0 ], [ 77.528912109509804, 28.090177955576511, 0.0 ], [ 77.528550908260797, 28.090137085265855, 0.0 ], [ 77.528225268938471, 28.090114393105139, 0.0 ], [ 77.52803709442793, 28.090055555811055, 0.0 ], [ 77.527899712532673, 28.090019450114127, 0.0 ], [ 77.527609797301082, 28.089933508124997, 0.0 ], [ 77.527401182680862, 28.089892805658373, 0.0 ], [ 77.527075635031878, 28.089865522295618, 0.0 ], [ 77.5267551168415, 28.08982472942056, 0.0 ], [ 77.526287131921208, 28.089765757340132, 0.0 ], [ 77.526012371306393, 28.089724941041862, 0.0 ], [ 77.525773274521768, 28.089702306312429, 0.0 ], [ 77.525671517220403, 28.08970219026866, 0.0 ], [ 77.525259464289277, 28.089620767824499, 0.0 ], [ 77.525142466393049, 28.089580020694701, 0.0 ], [ 77.524954340026653, 28.089503186620149, 0.0 ], [ 77.524817072198431, 28.089403918066065, 0.0 ], [ 77.524593298456153, 28.089182669449769, 0.0 ], [ 77.524425566758282, 28.089006544807997, 0.0 ], [ 77.524288357064592, 28.088826028105682, 0.0 ], [ 77.524247730178402, 28.088744789974584, 0.0 ], [ 77.52415625386179, 28.088622915848138, 0.0 ], [ 77.524074902906108, 28.088528098395741, 0.0 ], [ 77.524013907173412, 28.088487487835017, 0.0 ], [ 77.523785130815824, 28.088320325802083, 0.0 ], [ 77.523540932990954, 28.088220949779192, 0.0 ], [ 77.523388357526045, 28.088157705142752, 0.0 ], [ 77.523190033574437, 28.088062807754437, 0.0 ], [ 77.522890038892001, 28.087895636451051, 0.0 ], [ 77.522345867767172, 28.087602002465182, 0.0 ], [ 77.521989891002505, 28.087407789772275, 0.0 ], [ 77.521725440610396, 28.087285787051915, 0.0 ], [ 77.521608478160658, 28.087222544437125, 0.0 ], [ 77.521425315819442, 28.087208854544585, 0.0 ], [ 77.520952203587484, 28.087195046424906, 0.0 ], [ 77.520295862025378, 28.087212713852082, 0.0 ], [ 77.519975328926023, 28.087230478654607, 0.0 ], [ 77.519654854076308, 28.087167087694652, 0.0 ], [ 77.519385274572244, 28.087126340561202, 0.0 ], [ 77.518983429032431, 28.08702679145151, 0.0 ], [ 77.518866384186609, 28.087004215317968, 0.0 ], [ 77.518739225400864, 28.086990569862728, 0.0 ], [ 77.518667987248875, 28.087017551431785, 0.0 ], [ 77.518571242066045, 28.08709875603844, 0.0 ], [ 77.518367473521593, 28.087351252926528, 0.0 ], [ 77.518173911360876, 28.087657981410246, 0.0 ], [ 77.518072102427709, 28.087775187900526, 0.0 ], [ 77.518046554366194, 28.087815825750504, 0.0 ], [ 77.518000766297618, 28.087838337110281, 0.0 ], [ 77.51787361458851, 28.087860771539958, 0.0 ], [ 77.517720920996751, 28.087892261785314, 0.0 ], [ 77.517598735471978, 28.087914773597369, 0.0 ], [ 77.517364712742804, 28.087923602814929, 0.0 ], [ 77.51670330174143, 28.087977346630307, 0.0 ], [ 77.51629618477179, 28.088049201852041, 0.0 ], [ 77.515741622560412, 28.088143630437251, 0.0 ], [ 77.515395565552609, 28.08821101987856, 0.0 ], [ 77.515039410152511, 28.088260442189853, 0.0 ], [ 77.514744276342427, 28.08829181375939, 0.0 ], [ 77.514311753736408, 28.088350138259838, 0.0 ], [ 77.514052208494235, 28.088408597168886, 0.0 ], [ 77.513869036126877, 28.088426570379628, 0.0 ], [ 77.513731626937016, 28.088480605619434, 0.0 ], [ 77.513589152365867, 28.088503071297922, 0.0 ], [ 77.513472177025662, 28.088502985563871, 0.0 ], [ 77.513334851468855, 28.088448782324775, 0.0 ], [ 77.513248388613377, 28.088371964815479, 0.0 ], [ 77.512820815898081, 28.088628845956183, 0.0 ], [ 77.512673325404734, 28.088601658305553, 0.0 ], [ 77.512510429255542, 28.088615081749285, 0.0 ], [ 77.512296704330453, 28.088696196757908, 0.0 ], [ 77.512021804818232, 28.088881012376174, 0.0 ], [ 77.511884303064562, 28.089007204454479, 0.0 ], [ 77.511706146821169, 28.089142397314653, 0.0 ], [ 77.511538180509987, 28.089259664856659, 0.0 ], [ 77.511283476017695, 28.089516678041019, 0.0 ], [ 77.511151162931867, 28.089647356415895, 0.0 ], [ 77.510972920550003, 28.089755557190038, 0.0 ], [ 77.510855861301806, 28.08979604614445, 0.0 ], [ 77.510601564710456, 28.089777832442053, 0.0 ], [ 77.5103217695914, 28.089714508637567, 0.0 ], [ 77.510047027134604, 28.08967816338399, 0.0 ], [ 77.509879197127717, 28.089669015432648, 0.0 ], [ 77.509492522746243, 28.089623661992093, 0.0 ], [ 77.509212713376499, 28.089623407122478, 0.0 ], [ 77.508953171654369, 28.089650276719414, 0.0 ], [ 77.508749721538521, 28.089672700848997, 0.0 ], [ 77.508449465139932, 28.089758237314605, 0.0 ], [ 77.508194985907409, 28.089816674279032, 0.0 ], [ 77.507996483063266, 28.089866165791349, 0.0 ], [ 77.507833666668716, 28.089906668249043, 0.0 ], [ 77.507634256293926, 28.089948966817587, 0.0 ], [ 77.507452028254278, 28.089987621078961, 0.0 ], [ 77.507328971939529, 28.089961010208533, 0.0 ], [ 77.507095903593978, 28.089910610245759, 0.0 ], [ 77.506968808683055, 28.089815800601627, 0.0 ], [ 77.506811173236912, 28.089684799265633, 0.0 ], [ 77.506511325751575, 28.089422947243872, 0.0 ], [ 77.506231619833457, 28.089215207751913, 0.0 ], [ 77.506013099251462, 28.089043589758596, 0.0 ], [ 77.505550364797585, 28.088727400006501, 0.0 ], [ 77.50524025292107, 28.088492465668637, 0.0 ], [ 77.504879263439435, 28.088275644353207, 0.0 ], [ 77.504635203509267, 28.088113079001818, 0.0 ], [ 77.50440128160119, 28.087981979103589, 0.0 ], [ 77.504172433061072, 28.087887129008809, 0.0 ], [ 77.503989267817275, 28.087837339383022, 0.0 ], [ 77.503831667212054, 28.087751504445311, 0.0 ], [ 77.503434985352555, 28.087539075271405, 0.0 ], [ 77.50254005023298, 28.087037613436983, 0.0 ], [ 77.50177737018646, 28.086590370841773, 0.0 ], [ 77.50105025780185, 28.086197207455186, 0.0 ], [ 77.500174986222859, 28.086426632114286, 0.0 ], [ 77.49981398452843, 28.086200800345981, 0.0 ], [ 77.499351229880702, 28.085974835700924, 0.0 ], [ 77.49912237718091, 28.085875389422565, 0.0 ], [ 77.498888389250965, 28.085789446456943, 0.0 ], [ 77.498781587173212, 28.085762243696362, 0.0 ], [ 77.498536668014978, 28.085672284157987, 0.0 ], [ 77.498237680214785, 28.085546565331793, 0.0 ], [ 77.497535452106263, 28.085384853448968, 0.0 ], [ 77.496741893746901, 28.085353898860681, 0.0 ], [ 77.495098815234158, 28.085486276662614, 0.0 ], [ 77.492809714826976, 28.085704841432058, 0.0 ], [ 77.491126205676309, 28.085999495655624, 0.0 ], [ 77.489630640172564, 28.086172245296009, 0.0 ], [ 77.488715229141874, 28.086430168014736, 0.0 ], [ 77.488043890308461, 28.086606656584255, 0.0 ], [ 77.487418393171083, 28.086886873591794, 0.0 ], [ 77.4862694388177, 28.087623253980784, 0.0 ], [ 77.485145514627533, 28.087989677443485, 0.0 ], [ 77.484138381694009, 28.088143848874012, 0.0 ], [ 77.483171656456662, 28.088090530493485, 0.0 ], [ 77.482189505576059, 28.087739327300842, 0.0 ], [ 77.481186744644802, 28.087234841445039, 0.0 ], [ 77.479873614435675, 28.086608647954272, 0.0 ], [ 77.476575875166702, 28.085397526661129, 0.0 ], [ 77.475609064754735, 28.085118520810738, 0.0 ], [ 77.475608974153218, 28.085118496419348, 0.0 ], [ 77.475606255257546, 28.085117499344527, 0.0 ], [ 77.475318053297599, 28.085566785096685, 0.0 ], [ 77.474642091832962, 28.08619891742514, 0.0 ], [ 77.474352560470422, 28.086717971580857, 0.0 ], [ 77.474261689236059, 28.087435453130659, 0.0 ], [ 77.474263058636708, 28.087438481549022, 0.0 ], [ 77.47440444444976, 28.0877511905463, 0.0 ], [ 77.474959246439454, 28.088125265552819, 0.0 ], [ 77.475859999958757, 28.088377242257089, 0.0 ], [ 77.476348615229924, 28.088588928153513, 0.0 ], [ 77.476760939939567, 28.088823193058339, 0.0 ], [ 77.477168239644726, 28.089197395373162, 0.0 ], [ 77.477326260035426, 28.089499589796244, 0.0 ], [ 77.477326850979722, 28.089501289322705, 0.0 ], [ 77.477448695023, 28.089851419073174, 0.0 ], [ 77.47744919644353, 28.089851964098226, 0.0 ], [ 77.477805138168208, 28.090239170853437, 0.0 ], [ 77.478401132186661, 28.091005682568461, 0.0 ], [ 77.478732445446539, 28.091605551994519, 0.0 ], [ 77.478732615473874, 28.091606565470091, 0.0 ], [ 77.478824554103937, 28.092155878410257, 0.0 ], [ 77.478865615702233, 28.092530289510051, 0.0 ], [ 77.47877479249054, 28.093288373598792, 0.0 ], [ 77.478643478845854, 28.094294583817501, 0.0 ], [ 77.478735820996491, 28.095138226779127, 0.0 ], [ 77.478853163123716, 28.095449454959304, 0.0 ], [ 77.478853581610664, 28.095450058332208, 0.0 ], [ 77.479332059765937, 28.096139402684404, 0.0 ], [ 77.479780361696498, 28.096657934475271, 0.0 ], [ 77.480772987379439, 28.097171488877006, 0.0 ], [ 77.481144722107075, 28.097541178172285, 0.0 ], [ 77.481145570357967, 28.097543675852918, 0.0 ], [ 77.481343799374244, 28.098127551140834, 0.0 ], [ 77.481634903686327, 28.099250718259167, 0.0 ], [ 77.481636132038204, 28.099253466155606, 0.0 ], [ 77.481818440517841, 28.099661163385015, 0.0 ], [ 77.481818463579785, 28.099661303293097, 0.0 ], [ 77.481982321750962, 28.100676196158645, 0.0 ], [ 77.482124278914341, 28.101299362188314, 0.0 ], [ 77.482166253845449, 28.101483620837932, 0.0 ], [ 77.482101898936719, 28.103297480107695, 0.0 ], [ 77.48199623575826, 28.104479615574714, 0.0 ], [ 77.482105614472957, 28.107028723309497, 0.0 ], [ 77.482106870861401, 28.107029108597448, 0.0 ], [ 77.482619739232021, 28.107186236846154, 0.0 ], [ 77.483378048922205, 28.107302873545056, 0.0 ], [ 77.483907100480238, 28.107185199348574, 0.0 ], [ 77.484644680892018, 28.106949970415133, 0.0 ], [ 77.485255289654944, 28.1069494570087, 0.0 ], [ 77.48573352313332, 28.106953597719219, 0.0 ], [ 77.486618980781529, 28.106988963593654, 0.0 ], [ 77.487489036160824, 28.106952154934103, 0.0 ], [ 77.488074061517594, 28.106870440165139, 0.0 ], [ 77.488536890305951, 28.106608418834497, 0.0 ], [ 77.488984196667715, 28.106256093527875, 0.0 ], [ 77.489461862767328, 28.105914838831179, 0.0 ], [ 77.489477391062906, 28.105903744645701, 0.0 ], [ 77.489807789164132, 28.105560577544072, 0.0 ], [ 77.490122718895336, 28.105032460331032, 0.0 ], [ 77.490229298624982, 28.10475263494796, 0.0 ], [ 77.490386202341583, 28.104030609759583, 0.0 ], [ 77.490492402907606, 28.103435007167541, 0.0 ], [ 77.490440480081276, 28.102460450266204, 0.0 ], [ 77.490388550165562, 28.101467938700527, 0.0 ], [ 77.490488998895529, 28.10022706892433, 0.0 ], [ 77.490670448720465, 28.098638809171668, 0.0 ], [ 77.490684078260841, 28.097158889490292, 0.0 ], [ 77.49084135061436, 28.09675273137556, 0.0 ], [ 77.491263034477029, 28.096143276559015, 0.0 ], [ 77.491699882250401, 28.09554735015303, 0.0 ], [ 77.492177705784044, 28.095100266635392, 0.0 ], [ 77.492731928062526, 28.0948245722115, 0.0 ], [ 77.493550579831805, 28.094390776564271, 0.0 ], [ 77.494542558452977, 28.094259050025993, 0.0 ], [ 77.495443047164628, 28.094258274038953, 0.0 ], [ 77.496740407462951, 28.09423907546034, 0.0 ], [ 77.498404207884306, 28.094354839388551, 0.0 ], [ 77.499081012748306, 28.094417390891223, 0.0 ], [ 77.499381362243042, 28.094606618884978, 0.0 ], [ 77.499941905827015, 28.095346066938447, 0.0 ], [ 77.500257922258044, 28.095846548668096, 0.0 ], [ 77.500441520605193, 28.09625696607235, 0.0 ], [ 77.500441533129418, 28.096257064500232, 0.0 ], [ 77.500539071195945, 28.097019381742495, 0.0 ], [ 77.500407477249652, 28.097587933342311, 0.0 ], [ 77.500184178745656, 28.098102489925033, 0.0 ], [ 77.499564527771469, 28.098996446372588, 0.0 ], [ 77.499096692411442, 28.10023868028598, 0.0 ], [ 77.498930509385616, 28.100679937382242, 0.0 ], [ 77.49833677280705, 28.102052053064462, 0.0 ], [ 77.498165143594903, 28.103220688685688, 0.0 ], [ 77.49808956277019, 28.103897569907144, 0.0 ], [ 77.49790198708682, 28.104461727567056, 0.0 ], [ 77.498010588003567, 28.105982090571779, 0.0 ], [ 77.498128923077488, 28.107118916077592, 0.0 ], [ 77.49840850530137, 28.108613380597564, 0.0 ], [ 77.498465051980347, 28.10891563689999, 0.0 ], [ 77.498898929988485, 28.10956928912784, 0.0 ], [ 77.499332813535247, 28.11022294141798, 0.0 ], [ 77.499367104037091, 28.110310443047982, 0.0 ], [ 77.499445358409034, 28.110510129082158, 0.0 ], [ 77.499680542537348, 28.111110263634448, 0.0 ], [ 77.499723057385779, 28.111113818930026, 0.0 ], [ 77.499999883577829, 28.11228219670766, 0.0 ], [ 77.500163110076727, 28.112813360307811, 0.0 ], [ 77.501796039871166, 28.114772985064192, 0.0 ], [ 77.505349937519497, 28.117504978910109, 0.0 ], [ 77.507078489628654, 28.118100416274316, 0.0 ], [ 77.509384500774402, 28.119894244284851, 0.0 ], [ 77.509399210428867, 28.119915996747292, 0.0 ], [ 77.510538601368708, 28.121600873127026, 0.0 ], [ 77.51235951123779, 28.124842586320028, 0.0 ], [ 77.512359497304644, 28.12485617902496, 0.0 ], [ 77.512357217104295, 28.12714330886423, 0.0 ], [ 77.511297089116539, 28.128597287884698, 0.0 ], [ 77.509080463338407, 28.130212290947359, 0.0 ], [ 77.507349805985825, 28.131065007651106, 0.0 ], [ 77.503799258022994, 28.132000598510103, 0.0 ], [ 77.501387920380353, 28.132252163219601, 0.0 ], [ 77.500846487766566, 28.132214820831116, 0.0 ], [ 77.499999936841022, 28.132156429352719, 0.0 ], [ 77.497239619114197, 28.132044814408033, 0.0 ], [ 77.497190482814077, 28.132042826060328, 0.0 ], [ 77.495796373241362, 28.132364345464875, 0.0 ], [ 77.495231663986928, 28.132590448112445, 0.0 ], [ 77.494789025685094, 28.132726174776735, 0.0 ], [ 77.493771247502266, 28.132848914929053, 0.0 ], [ 77.493542310032424, 28.132943846871111, 0.0 ], [ 77.493151166155727, 28.133584876836796, 0.0 ], [ 77.49273974827976, 28.134370269973857, 0.0 ], [ 77.492236537304166, 28.13501135159893, 0.0 ], [ 77.491545586141513, 28.136076739365702, 0.0 ], [ 77.491357768747136, 28.136537046888172, 0.0 ], [ 77.49131773016191, 28.137159775487088, 0.0 ], [ 77.491404892181635, 28.137746176941064, 0.0 ], [ 77.491405905536553, 28.13774769660747, 0.0 ], [ 77.491756652068702, 28.138273810995962, 0.0 ], [ 77.492194761326374, 28.13869295778083, 0.0 ], [ 77.492969012405965, 28.139202162967226, 0.0 ], [ 77.493676766597758, 28.139481242026942, 0.0 ], [ 77.495351904154504, 28.139994148360405, 0.0 ], [ 77.495784749063844, 28.140102017614272, 0.0 ], [ 77.496589143422241, 28.14027727772562, 0.0 ], [ 77.497434523025376, 28.140714153781243, 0.0 ], [ 77.497436765068898, 28.140715449481519, 0.0 ], [ 77.497816555050576, 28.140934910857641, 0.0 ], [ 77.499999859164546, 28.14216227737494, 0.0 ], [ 77.500508489824071, 28.142368697834915, 0.0 ], [ 77.502416372323154, 28.143218034743988, 0.0 ], [ 77.504244058907403, 28.145431177001807, 0.0 ], [ 77.505123681815178, 28.147580437523811, 0.0 ], [ 77.505011559660559, 28.148129087566762, 0.0 ], [ 77.504685056194532, 28.149726743451101, 0.0 ], [ 77.504251224506561, 28.150585309310305, 0.0 ], [ 77.504124459132143, 28.15083617926803, 0.0 ], [ 77.504091465572003, 28.150901474374912, 0.0 ], [ 77.503974791948721, 28.150988957383841, 0.0 ], [ 77.502285826485689, 28.152255343673172, 0.0 ], [ 77.501639577306079, 28.152739888645733, 0.0 ], [ 77.501230045476134, 28.153046943825537, 0.0 ], [ 77.501103456781479, 28.153347965809932, 0.0 ], [ 77.500557688069989, 28.154645763198094, 0.0 ], [ 77.500492099722265, 28.154801724717249, 0.0 ], [ 77.50056965893566, 28.155036469076752, 0.0 ], [ 77.50137362759213, 28.157469753107218, 0.0 ], [ 77.501527706519269, 28.158144692409763, 0.0 ], [ 77.501804365125068, 28.159356563633342, 0.0 ], [ 77.501663739620042, 28.160532028815712, 0.0 ], [ 77.501669821061597, 28.160541069925333, 0.0 ], [ 77.502101363653665, 28.161182659053821, 0.0 ], [ 77.502961888722197, 28.161732870297065, 0.0 ], [ 77.504447247221819, 28.162682569089334, 0.0 ], [ 77.506576232556014, 28.164046564612608, 0.0 ], [ 77.508628948183429, 28.165411920664127, 0.0 ], [ 77.511197525087667, 28.166848980994974, 0.0 ], [ 77.512149450728685, 28.16684955831342, 0.0 ], [ 77.513104067761503, 28.166529789465443, 0.0 ], [ 77.513985177367047, 28.165679053398819, 0.0 ], [ 77.515013189127075, 28.163927901688371, 0.0 ], [ 77.515749216892445, 28.163404620420955, 0.0 ], [ 77.517653549915806, 28.16321172063147, 0.0 ], [ 77.518538256111, 28.162951846636201, 0.0 ], [ 77.518882982005522, 28.162790242969173, 0.0 ], [ 77.522284193502571, 28.161195724093997, 0.0 ], [ 77.52301728147313, 28.161200259536699, 0.0 ], [ 77.525291568348791, 28.162240989050055, 0.0 ], [ 77.528447072740406, 28.162439872427491, 0.0 ], [ 77.529239947339363, 28.162815311521445, 0.0 ], [ 77.530500948811294, 28.163412403790783, 0.0 ], [ 77.53285028737686, 28.164392969744696, 0.0 ], [ 77.533512179811026, 28.164702999861504, 0.0 ], [ 77.53424000655879, 28.165043907953702, 0.0 ], [ 77.536956887044653, 28.165634152664889, 0.0 ], [ 77.539153236876444, 28.166657241013638, 0.0 ], [ 77.539890659824138, 28.167000731432566, 0.0 ], [ 77.542608303702437, 28.168696054778209, 0.0 ], [ 77.544563967627354, 28.170622850043433, 0.0 ], [ 77.545902347336664, 28.171941421361765, 0.0 ], [ 77.546194883657108, 28.172459614565348, 0.0 ], [ 77.546784413277877, 28.173503876687111, 0.0 ], [ 77.546786352949823, 28.173506434621164, 0.0 ], [ 77.547839700408204, 28.174895146144681, 0.0 ], [ 77.548215217508442, 28.175390209727556, 0.0 ], [ 77.548613149331416, 28.175914818082187, 0.0 ], [ 77.549640924328187, 28.179752610925284, 0.0 ], [ 77.548835160024609, 28.183985444047941, 0.0 ], [ 77.548527034924717, 28.185074054097427, 0.0 ], [ 77.547952031681135, 28.187105487020261, 0.0 ], [ 77.546772333493877, 28.189315306316416, 0.0 ], [ 77.545155750169613, 28.190882742741941, 0.0 ], [ 77.545154789060931, 28.190883674275383, 0.0 ], [ 77.543946099720628, 28.191219740784049, 0.0 ], [ 77.543763784914503, 28.19127043087202, 0.0 ], [ 77.543633401481685, 28.191262196052481, 0.0 ], [ 77.542747286098873, 28.191206227536163, 0.0 ], [ 77.540673697508112, 28.191075237620922, 0.0 ], [ 77.540069084559974, 28.190933124144493, 0.0 ], [ 77.537596595916668, 28.190351939427437, 0.0 ], [ 77.535763674306637, 28.189607464988356, 0.0 ], [ 77.535404875764897, 28.189461728623602, 0.0 ], [ 77.535026199856816, 28.189307917663069, 0.0 ], [ 77.534045394842266, 28.188104951337785, 0.0 ], [ 77.53348995305663, 28.187423684189643, 0.0 ], [ 77.532046483343422, 28.186260308783755, 0.0 ], [ 77.531875870110511, 28.186122799142478, 0.0 ], [ 77.530622349584462, 28.185861793634309, 0.0 ], [ 77.52947504110918, 28.186225698175896, 0.0 ], [ 77.52811494556893, 28.18665708039514, 0.0 ], [ 77.527979326981551, 28.186700093428403, 0.0 ], [ 77.527456527957867, 28.187014637589101, 0.0 ], [ 77.525705122217047, 28.188068353467745, 0.0 ], [ 77.523842035612716, 28.189469528997563, 0.0 ], [ 77.520561121274611, 28.191936875114138, 0.0 ], [ 77.519826433143962, 28.19248935914295, 0.0 ], [ 77.51938226085619, 28.192611923808933, 0.0 ], [ 77.517479097321882, 28.193137064517472, 0.0 ], [ 77.515568763611327, 28.192878985790919, 0.0 ], [ 77.514072731416505, 28.192166739428245, 0.0 ], [ 77.513370118912277, 28.191832224849804, 0.0 ], [ 77.512786077757227, 28.191154761861778, 0.0 ], [ 77.512234488299697, 28.19051493265707, 0.0 ], [ 77.510732403978153, 28.188772507955846, 0.0 ], [ 77.508534196683541, 28.186430964693564, 0.0 ], [ 77.508022119924775, 28.184996795029171, 0.0 ], [ 77.507510167293574, 28.182913020553496, 0.0 ], [ 77.506947346575771, 28.182184600692615, 0.0 ], [ 77.506554713420442, 28.181676436600792, 0.0 ], [ 77.506279094600174, 28.181544498333224, 0.0 ], [ 77.50600055593911, 28.181411162555257, 0.0 ], [ 77.504793884850002, 28.18083352232922, 0.0 ], [ 77.503254710133589, 28.180762443729179, 0.0 ], [ 77.502541363341095, 28.181076821215704, 0.0 ], [ 77.50188883588892, 28.181364390874563, 0.0 ], [ 77.501193589959172, 28.181670782396512, 0.0 ], [ 77.500308904556434, 28.182276756983356, 0.0 ], [ 77.500201655173413, 28.182350218257977, 0.0 ], [ 77.499999853013335, 28.182488441775256, 0.0 ], [ 77.499940083512641, 28.182551930715157, 0.0 ], [ 77.499366201285838, 28.183161523177041, 0.0 ], [ 77.498573754663525, 28.184003267116047, 0.0 ], [ 77.498391040635511, 28.184531337969059, 0.0 ], [ 77.498407015413633, 28.18510432128976, 0.0 ], [ 77.498443470344156, 28.185844202780324, 0.0 ], [ 77.498474921066503, 28.18656153021027, 0.0 ], [ 77.498491315866872, 28.187590220091419, 0.0 ], [ 77.498507779693213, 28.188573707257184, 0.0 ], [ 77.498565314127504, 28.189895591638926, 0.0 ], [ 77.498617025076072, 28.190599375685466, 0.0 ], [ 77.498689348792439, 28.190954437333708, 0.0 ], [ 77.498842676409083, 28.191707162250967, 0.0 ], [ 77.498857761756156, 28.191781225108151, 0.0 ], [ 77.498980247923157, 28.19204730980973, 0.0 ], [ 77.49928558451461, 28.192560899213721, 0.0 ], [ 77.499296605515909, 28.192579437344921, 0.0 ], [ 77.499305265834437, 28.192626755499489, 0.0 ], [ 77.499394025225115, 28.193111685218689, 0.0 ], [ 77.49940459387453, 28.193513253332664, 0.0 ], [ 77.499512211912602, 28.194063539046049, 0.0 ], [ 77.499604644252329, 28.19473572247033, 0.0 ], [ 77.499620226885341, 28.195024510718874, 0.0 ], [ 77.499315444730371, 28.195611293352805, 0.0 ], [ 77.498975139763914, 28.196374026559955, 0.0 ], [ 77.498655307580378, 28.197290214813854, 0.0 ], [ 77.498570754001364, 28.197653039085257, 0.0 ], [ 77.498432346498092, 28.198246947482346, 0.0 ], [ 77.498322491251002, 28.198487201874983, 0.0 ], [ 77.498168176361304, 28.198824685816067, 0.0 ], [ 77.497787369883966, 28.199799549322496, 0.0 ], [ 77.497604917874071, 28.200593771383428, 0.0 ], [ 77.497473741969657, 28.201613515890461, 0.0 ], [ 77.497275971755428, 28.202353613406284, 0.0 ], [ 77.496976989290332, 28.203711959797761, 0.0 ], [ 77.496855808324767, 28.204614412750701, 0.0 ], [ 77.496963557141882, 28.205349653568067, 0.0 ], [ 77.497300619600736, 28.20601229090882, 0.0 ], [ 77.497305300883667, 28.206021493109496, 0.0 ], [ 77.49732600672273, 28.206062199280794, 0.0 ], [ 77.497616923116169, 28.206567274666131, 0.0 ], [ 77.498396852978075, 28.2071440757407, 0.0 ], [ 77.498758854157089, 28.207491133767718, 0.0 ], [ 77.499975560027792, 28.208262318927634, 0.0 ], [ 77.500000037791494, 28.208277833433417, 0.0 ], [ 77.500297000486071, 28.208541899345427, 0.0 ], [ 77.500664055979996, 28.208759925692576, 0.0 ], [ 77.502057913264551, 28.209587846602911, 0.0 ], [ 77.503674764358877, 28.209914630458766, 0.0 ], [ 77.50587575151205, 28.209522447225968, 0.0 ], [ 77.508373281770048, 28.208745857871673, 0.0 ], [ 77.516156801469052, 28.20536840917821, 0.0 ], [ 77.517482807612922, 28.204586143025537, 0.0 ], [ 77.518728974668136, 28.203223405677367, 0.0 ], [ 77.519834428569922, 28.20107381002898, 0.0 ], [ 77.520646246011424, 28.198347689428982, 0.0 ], [ 77.5219644177064, 28.196586624375783, 0.0 ], [ 77.524025612614949, 28.195677966847054, 0.0 ], [ 77.52630023586498, 28.196267525762117, 0.0 ], [ 77.53026080252701, 28.19860773937517, 0.0 ], [ 77.532464463758956, 28.200502201337621, 0.0 ], [ 77.532652296915757, 28.200774290404777, 0.0 ], [ 77.533061370044322, 28.201366856265746, 0.0 ], [ 77.533522343599202, 28.202034593964989, 0.0 ], [ 77.534663027564108, 28.203686878806998, 0.0 ], [ 77.535144491196618, 28.205733455281489, 0.0 ], [ 77.535476288888773, 28.207143795278608, 0.0 ], [ 77.535614012818939, 28.207729196852327, 0.0 ], [ 77.535552615192955, 28.208151922600926, 0.0 ], [ 77.535246103358972, 28.210262206119637, 0.0 ], [ 77.535242119802021, 28.210270517388942, 0.0 ], [ 77.533989805557837, 28.212883098387028, 0.0 ], [ 77.533625080733643, 28.213643963421585, 0.0 ], [ 77.532889800950358, 28.2144244651594, 0.0 ], [ 77.52782439719671, 28.217094025992171, 0.0 ], [ 77.525694126493519, 28.218328828841454, 0.0 ], [ 77.524957163791441, 28.219041657106683, 0.0 ], [ 77.52253696725117, 28.219429175454341, 0.0 ], [ 77.521429835027121, 28.220211971070864, 0.0 ], [ 77.520843098478991, 28.221900909773595, 0.0 ], [ 77.521284806108284, 28.224441518838336, 0.0 ], [ 77.522599442489877, 28.226199136176515, 0.0 ], [ 77.52583340068648, 28.228999426004265, 0.0 ], [ 77.531703969734707, 28.231931257408551, 0.0 ], [ 77.539483861136191, 28.234601802919588, 0.0 ], [ 77.543386939669205, 28.236421342649706, 0.0 ], [ 77.544856133929287, 28.237106212879404, 0.0 ], [ 77.546751419945267, 28.237989664281304, 0.0 ], [ 77.549473791700379, 28.240013963166913, 0.0 ], [ 77.550127269406133, 28.241629523224024, 0.0 ], [ 77.550420943098786, 28.242355543325214, 0.0 ], [ 77.549757726866076, 28.244239987551857, 0.0 ], [ 77.547554764462106, 28.246712513757281, 0.0 ], [ 77.545863432394782, 28.248210119656296, 0.0 ], [ 77.544612494071757, 28.248733528453947, 0.0 ], [ 77.54371171949947, 28.248335108800354, 0.0 ], [ 77.543419311398551, 28.248205773291648, 0.0 ], [ 77.542746603294717, 28.247908221757214, 0.0 ], [ 77.542342090517494, 28.24772929641739, 0.0 ], [ 77.541133371967334, 28.247808980158243, 0.0 ], [ 77.541090868799785, 28.247811781672443, 0.0 ], [ 77.538740946498777, 28.248595174437551, 0.0 ], [ 77.538740619925107, 28.248595283197524, 0.0 ], [ 77.537430520677461, 28.248270949807388, 0.0 ], [ 77.537418545336564, 28.248267985223961, 0.0 ], [ 77.53439166878222, 28.246194366213526, 0.0 ], [ 77.534187363997631, 28.246054398814785, 0.0 ], [ 77.532355355864183, 28.244948685806772, 0.0 ], [ 77.532352765516563, 28.244947122921992, 0.0 ], [ 77.530590528511439, 28.244745200149332, 0.0 ], [ 77.528603433566033, 28.244944386289962, 0.0 ], [ 77.526182677338213, 28.245332005937879, 0.0 ], [ 77.524721117139094, 28.245717041758404, 0.0 ], [ 77.524709427675859, 28.245720120987514, 0.0 ], [ 77.523688983341557, 28.244354080256119, 0.0 ], [ 77.522441867952736, 28.242662908445489, 0.0 ], [ 77.522004939204365, 28.242274319845269, 0.0 ], [ 77.521999618719505, 28.242269588058726, 0.0 ], [ 77.521563687721482, 28.242304432700397, 0.0 ], [ 77.518770989393118, 28.242527628289487, 0.0 ], [ 77.517526971012472, 28.243353660599471, 0.0 ], [ 77.516122636121935, 28.244286117980135, 0.0 ], [ 77.515267222520279, 28.245158159117601, 0.0 ], [ 77.514688603296449, 28.245748015141988, 0.0 ], [ 77.513329571326778, 28.247133406572441, 0.0 ], [ 77.513251976525225, 28.247212505140393, 0.0 ], [ 77.512300321892624, 28.246819499777967, 0.0 ], [ 77.512091096373439, 28.24679137184496, 0.0 ], [ 77.5107470061604, 28.246610667625657, 0.0 ], [ 77.510322618897277, 28.246553609554308, 0.0 ], [ 77.509061309413951, 28.246553228817731, 0.0 ], [ 77.508631320957733, 28.246553096956127, 0.0 ], [ 77.508313938114071, 28.246742356436073, 0.0 ], [ 77.508272903592271, 28.246766826016142, 0.0 ], [ 77.508265270060292, 28.246771378293943, 0.0 ], [ 77.508194223822514, 28.246813742978159, 0.0 ], [ 77.508630724927599, 28.247711076209356, 0.0 ], [ 77.5089330293617, 28.248332526851069, 0.0 ], [ 77.509477228526166, 28.249451225585272, 0.0 ], [ 77.509552984441086, 28.249606953118747, 0.0 ], [ 77.508431803937299, 28.249763236906901, 0.0 ], [ 77.507590252046981, 28.24991735683674, 0.0 ], [ 77.507385681676013, 28.250000957707769, 0.0 ], [ 77.501450825393761, 28.252436847630182, 0.0 ], [ 77.500520512740366, 28.251387122781939, 0.0 ], [ 77.499999972349485, 28.250799757054398, 0.0 ], [ 77.499982712588448, 28.250782141390975, 0.0 ], [ 77.499216463460556, 28.250000067986317, 0.0 ], [ 77.49915201182921, 28.248822767888065, 0.0 ], [ 77.499153425785593, 28.247611005249411, 0.0 ], [ 77.499153691156124, 28.247383605739884, 0.0 ], [ 77.499108223174304, 28.247409333232522, 0.0 ], [ 77.497988554377457, 28.24804286662615, 0.0 ], [ 77.497996363287157, 28.248044838892199, 0.0 ], [ 77.49704463673946, 28.248757637130119, 0.0 ], [ 77.496436310637023, 28.249213236335084, 0.0 ], [ 77.496036477728836, 28.249539548547546, 0.0 ], [ 77.495498438825422, 28.249978650331187, 0.0 ], [ 77.49538261456064, 28.250068612204071, 0.0 ], [ 77.493863759113722, 28.250081291212979, 0.0 ], [ 77.493858653353186, 28.250081333776627, 0.0 ], [ 77.493559669047599, 28.250517191136993, 0.0 ], [ 77.492755225267686, 28.251862932643551, 0.0 ], [ 77.492753986045315, 28.251863991577704, 0.0 ], [ 77.492743387792885, 28.25187304794256, 0.0 ], [ 77.492734132118102, 28.251880957053036, 0.0 ], [ 77.492723032286563, 28.251917495761926, 0.0 ], [ 77.492690654856631, 28.251981234370234, 0.0 ], [ 77.492672364559823, 28.252375620270289, 0.0 ], [ 77.49250092559835, 28.253685435975854, 0.0 ], [ 77.492500372286784, 28.253712962408219, 0.0 ], [ 77.492391990000883, 28.254463885915403, 0.0 ], [ 77.492380705392137, 28.254509599928994, 0.0 ], [ 77.492180385510011, 28.25570881582874, 0.0 ], [ 77.49208844866537, 28.256157108830308, 0.0 ], [ 77.492024613303471, 28.256238707773552, 0.0 ], [ 77.491594063342404, 28.257030442998211, 0.0 ], [ 77.491419990885106, 28.257954715867957, 0.0 ], [ 77.491494623666824, 28.258882907660276, 0.0 ], [ 77.491646256817219, 28.260106018605132, 0.0 ], [ 77.491824891800675, 28.261017489297267, 0.0 ], [ 77.491922803817658, 28.261303560441522, 0.0 ], [ 77.492138212911641, 28.261417095123068, 0.0 ], [ 77.49226282460836, 28.262437852136003, 0.0 ], [ 77.491870972954715, 28.263881849823541, 0.0 ], [ 77.491295587751949, 28.266204065100244, 0.0 ], [ 77.491284117134157, 28.266258953558054, 0.0 ], [ 77.491193461161075, 28.266643012006494, 0.0 ], [ 77.491114120992989, 28.267495338834696, 0.0 ], [ 77.490934769007268, 28.270227623926679, 0.0 ], [ 77.490856686766193, 28.270501739435041, 0.0 ], [ 77.490788259384402, 28.271326698977884, 0.0 ], [ 77.492432676181977, 28.27255495560539, 0.0 ], [ 77.493424151825053, 28.273258935447409, 0.0 ], [ 77.493872794565505, 28.273633126321755, 0.0 ], [ 77.493982928753738, 28.273827602047273, 0.0 ], [ 77.494046998429752, 28.274250805850279, 0.0 ], [ 77.494027971751109, 28.274681878915864, 0.0 ], [ 77.494139027810846, 28.2748304782431, 0.0 ], [ 77.494144362398842, 28.274816259097456, 0.0 ], [ 77.494248566361335, 28.274538502052607, 0.0 ], [ 77.494345345102033, 28.274365640124799, 0.0 ], [ 77.494518496158932, 28.273487262335522, 0.0 ], [ 77.494604311260275, 28.272827785113304, 0.0 ], [ 77.494663107788668, 28.27276089272311, 0.0 ], [ 77.494667969118353, 28.27275536234216, 0.0 ], [ 77.496161505597584, 28.274788879047975, 0.0 ], [ 77.496342166908292, 28.275085421425509, 0.0 ], [ 77.496494499361262, 28.275243846454838, 0.0 ], [ 77.496595378929072, 28.275383104789331, 0.0 ], [ 77.498138163827221, 28.277031888418009, 0.0 ], [ 77.498431000849294, 28.27742197142268, 0.0 ], [ 77.498774068981973, 28.278409419054221, 0.0 ], [ 77.499819471388207, 28.279013239970102, 0.0 ], [ 77.500035654973033, 28.279090060451498, 0.0 ], [ 77.500437111451262, 28.279234036047075, 0.0 ], [ 77.501312212890994, 28.279541472651449, 0.0 ], [ 77.501632043060255, 28.279619918200257, 0.0 ], [ 77.501941509168262, 28.279698199488244, 0.0 ], [ 77.503169196666306, 28.280001980785222, 0.0 ], [ 77.503420688378341, 28.280068592899838, 0.0 ], [ 77.503427025780994, 28.280070270937969, 0.0 ], [ 77.503134061856571, 28.280203346826966, 0.0 ], [ 77.502769886025305, 28.280371428480588, 0.0 ], [ 77.500303750934123, 28.281509612968886, 0.0 ], [ 77.500287686573813, 28.281517027028073, 0.0 ], [ 77.50066941180728, 28.28212877199282, 0.0 ], [ 77.5007997418667, 28.282351092342893, 0.0 ], [ 77.501732463800096, 28.283859750170258, 0.0 ], [ 77.501733712097533, 28.283861769644886, 0.0 ], [ 77.49986074467742, 28.284713453744676, 0.0 ], [ 77.499629772560027, 28.284856674302755, 0.0 ], [ 77.499624179416926, 28.284860063039758, 0.0 ], [ 77.498765921350738, 28.28538007195553, 0.0 ], [ 77.498758626802783, 28.285384491220594, 0.0 ], [ 77.498595568934263, 28.285518215531685, 0.0 ], [ 77.498507286903504, 28.285590614993559, 0.0 ], [ 77.498495084926631, 28.285600622658826, 0.0 ], [ 77.498791991707193, 28.285788847122848, 0.0 ], [ 77.499890384902812, 28.286338424300258, 0.0 ], [ 77.501403944533777, 28.28686697607673, 0.0 ], [ 77.501661235418112, 28.286962794438626, 0.0 ], [ 77.50170140909313, 28.287027670546863, 0.0 ], [ 77.502935547391829, 28.289084540024209, 0.0 ], [ 77.503457445149962, 28.290983378512664, 0.0 ], [ 77.503467075829676, 28.291020241054387, 0.0 ], [ 77.50352467736397, 28.291250592168918, 0.0 ], [ 77.504203900177146, 28.294097210819071, 0.0 ], [ 77.504232794634873, 28.29420779872725, 0.0 ], [ 77.504260770965132, 28.294364262247861, 0.0 ], [ 77.505292917694376, 28.29978618143193, 0.0 ], [ 77.505302915686812, 28.299804693626253, 0.0 ], [ 77.505325251914797, 28.299909569061281, 0.0 ], [ 77.50535979043137, 28.300071740562505, 0.0 ], [ 77.506202583574037, 28.30407727093873, 0.0 ], [ 77.506242399160485, 28.304160493905627, 0.0 ], [ 77.506360281736633, 28.304378726633587, 0.0 ], [ 77.506422394080516, 28.304493711262381, 0.0 ], [ 77.506442576718513, 28.304521560474878, 0.0 ], [ 77.506972565722506, 28.305502698248684, 0.0 ], [ 77.507072748721185, 28.305678643841869, 0.0 ], [ 77.507072702218665, 28.305680969651952, 0.0 ], [ 77.507072565279287, 28.305687818635135, 0.0 ], [ 77.506844033547864, 28.305811555694429, 0.0 ], [ 77.506841929531731, 28.305812694728324, 0.0 ], [ 77.506822076534121, 28.305824094481881, 0.0 ], [ 77.505457190553685, 28.306607822318554, 0.0 ], [ 77.505331688430331, 28.306660922379347, 0.0 ], [ 77.504923345754889, 28.306856433556668, 0.0 ], [ 77.502382455511309, 28.30802686326933, 0.0 ], [ 77.502379960256377, 28.308028012622948, 0.0 ], [ 77.502348124554345, 28.308064224590737, 0.0 ], [ 77.502090914936446, 28.308405850633839, 0.0 ], [ 77.502090104254364, 28.308406924544723, 0.0 ], [ 77.502081785845604, 28.308417976043629, 0.0 ], [ 77.50199283922737, 28.308533344562818, 0.0 ], [ 77.500455346246781, 28.310527506795758, 0.0 ], [ 77.500452800497413, 28.310530809307732, 0.0 ], [ 77.500431698536403, 28.310548833182885, 0.0 ], [ 77.500021495745642, 28.310836078743439, 0.0 ], [ 77.499011003203478, 28.311527271587323, 0.0 ], [ 77.498749224493352, 28.311706329671299, 0.0 ], [ 77.49774663094793, 28.312611099365995, 0.0 ], [ 77.497629684491088, 28.312716636057978, 0.0 ], [ 77.495559741644016, 28.314574680938179, 0.0 ], [ 77.490720385282273, 28.318203673506545, 0.0 ], [ 77.489410413337083, 28.319185945280104, 0.0 ], [ 77.488985613785047, 28.319537605063086, 0.0 ], [ 77.488028758665351, 28.32032970386237, 0.0 ], [ 77.485721167722687, 28.321627009442018, 0.0 ], [ 77.48571044570771, 28.321633036742465, 0.0 ], [ 77.485981698600469, 28.322582604073926, 0.0 ], [ 77.485312432758008, 28.324912296798029, 0.0 ], [ 77.485033235252814, 28.32538511656562, 0.0 ], [ 77.484866374337685, 28.325684866623526, 0.0 ], [ 77.484861050546513, 28.325694430742484, 0.0 ], [ 77.482453008470856, 28.325270927825688, 0.0 ], [ 77.482413483640286, 28.325247400553259, 0.0 ], [ 77.482278784484691, 28.325167221055565, 0.0 ], [ 77.48194903736416, 28.325061055329474, 0.0 ], [ 77.481490609063201, 28.325163935228559, 0.0 ], [ 77.480968858181228, 28.325320877421628, 0.0 ], [ 77.480092729520535, 28.325563986400137, 0.0 ], [ 77.478236036549291, 28.326085244435827, 0.0 ], [ 77.476577998139689, 28.326527031669915, 0.0 ], [ 77.475796468147848, 28.326707372397934, 0.0 ], [ 77.475273960386389, 28.326900993445918, 0.0 ], [ 77.474645909541451, 28.327184714671354, 0.0 ], [ 77.473730943203563, 28.327435522874353, 0.0 ], [ 77.473728094856384, 28.327436303645925, 0.0 ], [ 77.473698241965536, 28.327446584967287, 0.0 ], [ 77.472683624209751, 28.327796007553964, 0.0 ], [ 77.471745785429391, 28.328110798638694, 0.0 ], [ 77.471743762636535, 28.328111477766324, 0.0 ], [ 77.47161692192158, 28.328228770679612, 0.0 ], [ 77.471621708898752, 28.328504169581414, 0.0 ], [ 77.471649652017035, 28.328660629970429, 0.0 ], [ 77.471789603229624, 28.328919820260555, 0.0 ], [ 77.471829217707352, 28.329012223203883, 0.0 ], [ 77.471929368961426, 28.329188184760934, 0.0 ], [ 77.472048956299133, 28.329428696491181, 0.0 ], [ 77.472158361547727, 28.329659869000071, 0.0 ], [ 77.472227221930012, 28.32984450984662, 0.0 ], [ 77.472170356629817, 28.330091398026099, 0.0 ], [ 77.47220755317494, 28.330303069076702, 0.0 ], [ 77.472278088336367, 28.33040513997982, 0.0 ], [ 77.472549488349699, 28.330831608255554, 0.0 ], [ 77.472779044310997, 28.331275767235208, 0.0 ], [ 77.472985632505214, 28.331829689249545, 0.0 ], [ 77.473132240300615, 28.332272530505083, 0.0 ], [ 77.473178506132356, 28.332548585920392, 0.0 ], [ 77.473120711580506, 28.332841345371534, 0.0 ], [ 77.473010886335729, 28.333142456248648, 0.0 ], [ 77.472883483679823, 28.333287273346826, 0.0 ], [ 77.472545282321221, 28.333710271645451, 0.0 ], [ 77.472542936792166, 28.33371320511333, 0.0 ], [ 77.472441872926098, 28.333789297889272, 0.0 ], [ 77.472184810419208, 28.333982843298887, 0.0 ], [ 77.471805759517352, 28.334261324752852, 0.0 ], [ 77.471343009401281, 28.334575186179002, 0.0 ], [ 77.471213557020363, 28.334820919566447, 0.0 ], [ 77.471293346248714, 28.334978201020508, 0.0 ], [ 77.471311107472488, 28.335125320937568, 0.0 ], [ 77.471520858247246, 28.335523276886899, 0.0 ], [ 77.471750418146129, 28.335967434234448, 0.0 ], [ 77.472034988624472, 28.336256448555368, 0.0 ], [ 77.472044799575087, 28.336284136190145, 0.0 ], [ 77.472472494530109, 28.336676371942474, 0.0 ], [ 77.473061310156453, 28.336795843085156, 0.0 ], [ 77.473634923005349, 28.337153681869193, 0.0 ], [ 77.47485162291747, 28.337512537169804, 0.0 ], [ 77.476007196633475, 28.338329280670106, 0.0 ], [ 77.476924315737961, 28.338628308549183, 0.0 ], [ 77.478175466635562, 28.339336420275902, 0.0 ], [ 77.478887690757418, 28.339592513277996, 0.0 ], [ 77.478896318236693, 28.339595618712366, 0.0 ], [ 77.480451358055419, 28.340152507636446, 0.0 ], [ 77.481720316894226, 28.34047046946181, 0.0 ], [ 77.481741434851912, 28.340475760976588, 0.0 ], [ 77.484062369440721, 28.341632065430559, 0.0 ], [ 77.485808006148147, 28.342513113534817, 0.0 ], [ 77.485972441732343, 28.34258912723709, 0.0 ], [ 77.486044105380799, 28.342636144583825, 0.0 ], [ 77.486904808139386, 28.343163651935697, 0.0 ], [ 77.489099694465622, 28.343372634668196, 0.0 ], [ 77.490145752353612, 28.343453362245398, 0.0 ], [ 77.490166122404915, 28.343472037651974, 0.0 ], [ 77.493160431854847, 28.346226464954352, 0.0 ], [ 77.496296924875097, 28.349139069468173, 0.0 ], [ 77.496336167152762, 28.350800745258784, 0.0 ], [ 77.49637691151797, 28.350838094075936, 0.0 ], [ 77.497752061626159, 28.35209861045027, 0.0 ], [ 77.498768317087908, 28.353151581146602, 0.0 ], [ 77.499316801723381, 28.354252263810011, 0.0 ], [ 77.499496298251344, 28.354612986552972, 0.0 ], [ 77.500194655135957, 28.356000504276153, 0.0 ], [ 77.500374156722359, 28.356361225087689, 0.0 ], [ 77.500453628527964, 28.356536835061814, 0.0 ], [ 77.501177162668967, 28.357704491299085, 0.0 ], [ 77.501408524542398, 28.358066023631817, 0.0 ], [ 77.50220210092624, 28.359363247356505, 0.0 ], [ 77.502485877153305, 28.359698068361457, 0.0 ], [ 77.50268833812612, 28.35994902126286, 0.0 ], [ 77.503701758943322, 28.361148733566722, 0.0 ], [ 77.503813087361948, 28.361288132154957, 0.0 ], [ 77.503884400975195, 28.361353488221408, 0.0 ], [ 77.504464362179732, 28.361922368866928, 0.0 ], [ 77.50446580955952, 28.36192391674691, 0.0 ], [ 77.504525305169054, 28.36198756207629, 0.0 ], [ 77.504922260137405, 28.362370034096145, 0.0 ], [ 77.505196576083634, 28.362640087688643, 0.0 ], [ 77.50519696270274, 28.362640468161917, 0.0 ], [ 77.505039371504736, 28.362738946248999, 0.0 ], [ 77.502909341609012, 28.363935281774463, 0.0 ], [ 77.502630829035994, 28.364087552221328, 0.0 ], [ 77.502615629469787, 28.364095862147298, 0.0 ], [ 77.502532390441147, 28.364143085143294, 0.0 ], [ 77.501923017408629, 28.364488787276787, 0.0 ], [ 77.500357781492383, 28.365455341983594, 0.0 ], [ 77.500064789696594, 28.365636089335169, 0.0 ], [ 77.500053138699627, 28.36564327731082, 0.0 ], [ 77.500153545368903, 28.36581003665145, 0.0 ], [ 77.50042419670558, 28.366282305583244, 0.0 ], [ 77.500564987101711, 28.366504759313763, 0.0 ], [ 77.50083564254345, 28.366977027071432, 0.0 ], [ 77.500986437218259, 28.367217990816727, 0.0 ], [ 77.501036456227013, 28.36731054484747, 0.0 ], [ 77.501982574259159, 28.367729164900808, 0.0 ], [ 77.502219105028885, 28.367833818540397, 0.0 ], [ 77.502280416469773, 28.367880664138568, 0.0 ], [ 77.503355497277056, 28.368594957712638, 0.0 ], [ 77.503437002911568, 28.368669649771718, 0.0 ], [ 77.503803594144301, 28.369014937318425, 0.0 ], [ 77.504628112657386, 28.369807885865995, 0.0 ], [ 77.504791126099008, 28.36995726834396, 0.0 ], [ 77.504809302148601, 28.369979513143736, 0.0 ], [ 77.504821507266058, 28.369994451445859, 0.0 ], [ 77.504624622025489, 28.369982191143336, 0.0 ], [ 77.502903597336029, 28.369918518229532, 0.0 ], [ 77.502792933411726, 28.369916784167781, 0.0 ], [ 77.502789505470375, 28.369916730423608, 0.0 ], [ 77.502756734825098, 28.369998807771804, 0.0 ], [ 77.502479786047587, 28.370875442452004, 0.0 ], [ 77.502358338916068, 28.371240611999823, 0.0 ], [ 77.502325384787909, 28.371331863004048, 0.0 ], [ 77.502011904888832, 28.371960148801616, 0.0 ], [ 77.500971641354155, 28.372830213606186, 0.0 ], [ 77.500967213529762, 28.372833916701101, 0.0 ], [ 77.500118902632877, 28.373347986631362, 0.0 ], [ 77.499874878685702, 28.373495862025543, 0.0 ], [ 77.499827045000089, 28.373525198103561, 0.0 ], [ 77.499620817369532, 28.37365167334973, 0.0 ], [ 77.499612258019155, 28.373656922984935, 0.0 ], [ 77.499464100248062, 28.373801426941267, 0.0 ], [ 77.499184310972879, 28.374076372609579, 0.0 ], [ 77.498765532369561, 28.374487897568876, 0.0 ], [ 77.498445652953535, 28.374799880820408, 0.0 ], [ 77.498321052152761, 28.374921404192932, 0.0 ], [ 77.497578984664202, 28.375965078431449, 0.0 ], [ 77.496836903671209, 28.377008749397348, 0.0 ], [ 77.49673022903653, 28.37715390116449, 0.0 ], [ 77.496666150403712, 28.377244662063639, 0.0 ], [ 77.496591330444176, 28.377353607512116, 0.0 ], [ 77.49649576617945, 28.377462226879587, 0.0 ], [ 77.496127064480206, 28.377949582650242, 0.0 ], [ 77.495898861002075, 28.378251223066506, 0.0 ], [ 77.495509229905821, 28.378733853174602, 0.0 ], [ 77.494728354990528, 28.379701098539833, 0.0 ], [ 77.494291999712956, 28.380337568929754, 0.0 ], [ 77.494242658245312, 28.380409536158009, 0.0 ], [ 77.494236632440916, 28.380418326211025, 0.0 ], [ 77.494204037881289, 28.380491227668095, 0.0 ], [ 77.493503968161804, 28.381764953808762, 0.0 ], [ 77.493267827509143, 28.382155836231703, 0.0 ], [ 77.493245420353944, 28.38223807426462, 0.0 ], [ 77.492750726514586, 28.383102075065242, 0.0 ], [ 77.492280279357374, 28.383792098437013, 0.0 ], [ 77.492195447800242, 28.383882530040022, 0.0 ], [ 77.492035670596621, 28.384090990458574, 0.0 ], [ 77.492035604528766, 28.384091076596206, 0.0 ], [ 77.491614305028492, 28.38445939947362, 0.0 ], [ 77.491602546974178, 28.38446967932946, 0.0 ], [ 77.491517530797964, 28.384569284192338, 0.0 ], [ 77.491506049363977, 28.384624163940622, 0.0 ], [ 77.491217633687242, 28.385147524342266, 0.0 ], [ 77.491215259976002, 28.385151831160631, 0.0 ], [ 77.491191059837945, 28.385156777971023, 0.0 ], [ 77.491173582290784, 28.385160351384005, 0.0 ], [ 77.48860564776578, 28.385404374922715, 0.0 ], [ 77.48740439486707, 28.385798385835539, 0.0 ], [ 77.486985760471242, 28.385975316965521, 0.0 ], [ 77.485216373558416, 28.386754945589011, 0.0 ], [ 77.48286067443361, 28.387791415158599, 0.0 ], [ 77.482812163999881, 28.387816124645546, 0.0 ], [ 77.482808251128731, 28.387818117452113, 0.0 ], [ 77.480666438692225, 28.390078419667635, 0.0 ], [ 77.480592710151086, 28.390132312942534, 0.0 ], [ 77.480181684395063, 28.390626925498534, 0.0 ], [ 77.480103462808145, 28.390721055367706, 0.0 ], [ 77.479854871177722, 28.390955079700827, 0.0 ], [ 77.479489909530471, 28.39129865267418, 0.0 ], [ 77.478686086940542, 28.392200014570307, 0.0 ], [ 77.478682940792169, 28.392203542701409, 0.0 ], [ 77.478471936741201, 28.392374558741192, 0.0 ], [ 77.475424799201605, 28.395206910383806, 0.0 ], [ 77.474928839012648, 28.395667892144036, 0.0 ], [ 77.474829920636708, 28.395761361355635, 0.0 ], [ 77.474241131480085, 28.396317703017552, 0.0 ], [ 77.473945685251678, 28.396559792269748, 0.0 ], [ 77.473439114527878, 28.396974874119536, 0.0 ], [ 77.473970538000302, 28.397891770965082, 0.0 ], [ 77.474700721269983, 28.399243109892442, 0.0 ], [ 77.475065685394142, 28.399157128188502, 0.0 ], [ 77.475085505525215, 28.399203324407139, 0.0 ], [ 77.47543693441672, 28.399273127433979, 0.0 ], [ 77.475669600054871, 28.399570459375507, 0.0 ], [ 77.475940637123301, 28.399510517654274, 0.0 ], [ 77.476389340850886, 28.399389152983119, 0.0 ], [ 77.476745415304237, 28.399229615300325, 0.0 ], [ 77.476818037105673, 28.399230764506978, 0.0 ], [ 77.476835050225048, 28.399220420495169, 0.0 ], [ 77.476837135889042, 28.399219152309172, 0.0 ], [ 77.476891586862138, 28.399186047195208, 0.0 ], [ 77.477214866001304, 28.399108576858616, 0.0 ], [ 77.478084484882771, 28.398700223505372, 0.0 ], [ 77.478520395391229, 28.398697944710459, 0.0 ], [ 77.478541516488391, 28.398679926128793, 0.0 ], [ 77.479197702535956, 28.398561836094753, 0.0 ], [ 77.479209043707613, 28.398557043748028, 0.0 ], [ 77.479245456840175, 28.398541658398376, 0.0 ], [ 77.479407045511905, 28.398473383024033, 0.0 ], [ 77.479925207557883, 28.398509107367229, 0.0 ], [ 77.47992535000715, 28.398502065795892, 0.0 ], [ 77.47992594988618, 28.398472412486917, 0.0 ], [ 77.479942475031308, 28.398487557119132, 0.0 ], [ 77.480211238742811, 28.398733865598242, 0.0 ], [ 77.480403715010198, 28.398966320147416, 0.0 ], [ 77.480657697303073, 28.399236452629491, 0.0 ], [ 77.48109359847588, 28.399748048384691, 0.0 ], [ 77.481123980872212, 28.399785234356678, 0.0 ], [ 77.48137999557477, 28.400468338184016, 0.0 ], [ 77.481358133722708, 28.400523050967927, 0.0 ], [ 77.481356836416111, 28.400587266148634, 0.0 ], [ 77.481373691505027, 28.400780237790674, 0.0 ], [ 77.481372949607945, 28.400816931632686, 0.0 ], [ 77.481020688768822, 28.401135142425233, 0.0 ], [ 77.481013537506854, 28.401141602408526, 0.0 ], [ 77.481003162949932, 28.401141438383096, 0.0 ], [ 77.480736094855359, 28.401258578024734, 0.0 ], [ 77.480720451528583, 28.401265439617845, 0.0 ], [ 77.480676171385738, 28.401402386153919, 0.0 ], [ 77.480619474660259, 28.401640077435584, 0.0 ], [ 77.480786755487188, 28.402092366888915, 0.0 ], [ 77.48101774875218, 28.403500008481412, 0.0 ], [ 77.481300991507382, 28.40489012087783, 0.0 ], [ 77.481414374201577, 28.40492861852783, 0.0 ], [ 77.481414188724173, 28.404937791931125, 0.0 ], [ 77.481424749092994, 28.404928781608209, 0.0 ], [ 77.481881987409821, 28.404899301420855, 0.0 ], [ 77.481969044375973, 28.40624042816793, 0.0 ], [ 77.483215902333654, 28.406168358498558, 0.0 ], [ 77.483519925754351, 28.408072664256458, 0.0 ], [ 77.483768744790098, 28.408085770085254, 0.0 ], [ 77.483800983124652, 28.40905896874937, 0.0 ], [ 77.483052290788493, 28.410157480671991, 0.0 ], [ 77.482605226428319, 28.410521776752102, 0.0 ], [ 77.482345277235282, 28.410733597003038, 0.0 ], [ 77.482143401331371, 28.410897194702915, 0.0 ], [ 77.482134246806936, 28.410904614029231, 0.0 ], [ 77.481824274677749, 28.411349354553558, 0.0 ], [ 77.481771099394052, 28.411412748814147, 0.0 ], [ 77.481354216802032, 28.412011796364052, 0.0 ], [ 77.481338648539804, 28.41226848579069, 0.0 ], [ 77.481260261221863, 28.413065583171466, 0.0 ], [ 77.480699768289284, 28.414093643175303, 0.0 ], [ 77.480149405957405, 28.414567401884167, 0.0 ], [ 77.479546400672788, 28.41508647009239, 0.0 ], [ 77.479537842514262, 28.415093836264713, 0.0 ], [ 77.479537656864963, 28.415103010442252, 0.0 ], [ 77.479296954652369, 28.415714010601576, 0.0 ], [ 77.478946179846986, 28.416635263085499, 0.0 ], [ 77.477698678484458, 28.418930647778478, 0.0 ], [ 77.477630917148673, 28.419055325092152, 0.0 ], [ 77.477321305931554, 28.418967839616382, 0.0 ], [ 77.47680528854238, 28.418822029438918, 0.0 ], [ 77.476770296314925, 28.4188603675499, 0.0 ], [ 77.476730983807059, 28.418903437284147, 0.0 ], [ 77.476626505306996, 28.419021158120515, 0.0 ], [ 77.476401706216052, 28.419274449509192, 0.0 ], [ 77.476204188238768, 28.419289674588295, 0.0 ], [ 77.476131555804614, 28.419288524235757, 0.0 ], [ 77.476098324541624, 28.41928486609061, 0.0 ], [ 77.475303961668871, 28.419197408061187, 0.0 ], [ 77.475158059399405, 28.419181345030449, 0.0 ], [ 77.475157293187081, 28.419219192745061, 0.0 ], [ 77.475156758720843, 28.419245557432522, 0.0 ], [ 77.474149610487856, 28.418238571280558, 0.0 ], [ 77.472734325937182, 28.416885585951654, 0.0 ], [ 77.472442497815152, 28.416945190571166, 0.0 ], [ 77.472246658581582, 28.416877851759324, 0.0 ], [ 77.471451944829496, 28.417168062668988, 0.0 ], [ 77.470964904836876, 28.417274648588968, 0.0 ], [ 77.470357256735099, 28.417407626937894, 0.0 ], [ 77.467972903988937, 28.416754959336366, 0.0 ], [ 77.466664678763408, 28.416266183458394, 0.0 ], [ 77.466330929204446, 28.415324901745876, 0.0 ], [ 77.465547335042416, 28.415578554100239, 0.0 ], [ 77.465141372273763, 28.415636332849441, 0.0 ], [ 77.46355283811468, 28.415152248928052, 0.0 ], [ 77.46346401074662, 28.415310607522493, 0.0 ], [ 77.463455907303342, 28.415325054941903, 0.0 ], [ 77.463261516429029, 28.41526140844039, 0.0 ], [ 77.463249699766152, 28.415257539744033, 0.0 ], [ 77.462788725413489, 28.416133963825196, 0.0 ], [ 77.462785420374558, 28.416140246450396, 0.0 ], [ 77.462463769069785, 28.416135124639993, 0.0 ], [ 77.462204336952624, 28.416104465618844, 0.0 ], [ 77.462194558422084, 28.416103310595922, 0.0 ], [ 77.461658384207425, 28.416948163275475, 0.0 ], [ 77.461203808456247, 28.417353852770063, 0.0 ], [ 77.461145386489591, 28.417674090255982, 0.0 ], [ 77.461143890538949, 28.417747477709984, 0.0 ], [ 77.461304113359176, 28.419053051376128, 0.0 ], [ 77.461649710771766, 28.422027856256904, 0.0 ], [ 77.461666171681557, 28.422169546324813, 0.0 ], [ 77.461664489082168, 28.42225210367214, 0.0 ], [ 77.46171076394026, 28.422528126071533, 0.0 ], [ 77.461798902175445, 28.422835533992721, 0.0 ], [ 77.461827056102791, 28.422933729081237, 0.0 ], [ 77.461962420385277, 28.423422220415652, 0.0 ], [ 77.461962386501284, 28.423619928124715, 0.0 ], [ 77.461962331329062, 28.423936083222145, 0.0 ], [ 77.462001594844921, 28.424046822583492, 0.0 ], [ 77.462123870041268, 28.424158883014652, 0.0 ], [ 77.462391821907531, 28.424299024978641, 0.0 ], [ 77.462486357716429, 28.424348468030768, 0.0 ], [ 77.46250387695423, 28.424357630361001, 0.0 ], [ 77.462476964686644, 28.424359182034554, 0.0 ], [ 77.46212976129722, 28.424379202978727, 0.0 ], [ 77.462065687048948, 28.42438310186229, 0.0 ], [ 77.461412660042527, 28.424422841483434, 0.0 ], [ 77.459698102015324, 28.424514816133708, 0.0 ], [ 77.458513867310685, 28.424560171558145, 0.0 ], [ 77.458376159617785, 28.424566947715658, 0.0 ], [ 77.457246245294201, 28.424622541707045, 0.0 ], [ 77.456405184149688, 28.424636650578968, 0.0 ], [ 77.455387160345694, 28.424675458634134, 0.0 ], [ 77.454878522071667, 28.424676514926865, 0.0 ], [ 77.454556101165835, 28.424708070565369, 0.0 ], [ 77.453673344574909, 28.424730676961861, 0.0 ], [ 77.453143765502176, 28.424740569214318, 0.0 ], [ 77.451619761539945, 28.424743520253354, 0.0 ], [ 77.451607475428816, 28.424743544008848, 0.0 ], [ 77.451615599513445, 28.424853786137611, 0.0 ], [ 77.451605223001636, 28.424853621121375, 0.0 ], [ 77.451632787210855, 28.425028407660999, 0.0 ], [ 77.451631285604648, 28.425101792373255, 0.0 ], [ 77.451737414944688, 28.426002750252565, 0.0 ], [ 77.451757793774405, 28.426021428269781, 0.0 ], [ 77.451757418369681, 28.426039775338623, 0.0 ], [ 77.451804439809393, 28.426120432485334, 0.0 ], [ 77.45200112424186, 28.426457810281342, 0.0 ], [ 77.452244831712392, 28.426875846420959, 0.0 ], [ 77.452248800847826, 28.426882655200572, 0.0 ], [ 77.452051081220887, 28.426907023250518, 0.0 ], [ 77.450368551063747, 28.4269535305014, 0.0 ], [ 77.450281071528508, 28.42696141342098, 0.0 ], [ 77.449965876386884, 28.426989816046007, 0.0 ], [ 77.449499258476436, 28.427031862927478, 0.0 ], [ 77.448725459245765, 28.427101587195843, 0.0 ], [ 77.448548679869461, 28.427117110076008, 0.0 ], [ 77.447062739429768, 28.427194256156092, 0.0 ], [ 77.446437878373686, 28.427294359615253, 0.0 ], [ 77.446378353495106, 28.427293407649341, 0.0 ], [ 77.446375618218624, 28.427293362902276, 0.0 ], [ 77.445983810446606, 28.427456370653811, 0.0 ], [ 77.445632286069795, 28.427602617028903, 0.0 ], [ 77.444148810042591, 28.428065171877023, 0.0 ], [ 77.44397108738066, 28.42812655484687, 0.0 ], [ 77.443053597004834, 28.42832289071081, 0.0 ], [ 77.442231755607921, 28.428410642867394, 0.0 ], [ 77.441697827975887, 28.428631477668283, 0.0 ], [ 77.441259927328005, 28.428725386809528, 0.0 ], [ 77.441093213390914, 28.428937980166925, 0.0 ], [ 77.440876184528918, 28.429214735416949, 0.0 ], [ 77.440673934617621, 28.429459242585562, 0.0 ], [ 77.440753347836662, 28.429615733369889, 0.0 ], [ 77.440753745907259, 28.429616516972981, 0.0 ], [ 77.44074892102681, 28.42962334170889, 0.0 ], [ 77.440689599501525, 28.429707248164814, 0.0 ], [ 77.441138647278905, 28.430081501176772, 0.0 ], [ 77.441200532870241, 28.430100845961455, 0.0 ], [ 77.441599205407115, 28.430400880362718, 0.0 ], [ 77.442115074630337, 28.430827452748829, 0.0 ], [ 77.442119767850016, 28.430831332453355, 0.0 ], [ 77.441599409247289, 28.430896390803824, 0.0 ], [ 77.440550574729599, 28.430916257960806, 0.0 ], [ 77.439428157893957, 28.430980818871486, 0.0 ], [ 77.437653117795762, 28.430979824239884, 0.0 ], [ 77.436437682646797, 28.431024514661846, 0.0 ], [ 77.435532478061518, 28.430946910210245, 0.0 ], [ 77.435515447920594, 28.430945449712375, 0.0 ], [ 77.435520537879825, 28.431202460343872, 0.0 ], [ 77.435574866984837, 28.431277420857601, 0.0 ], [ 77.435581099834479, 28.431286019982466, 0.0 ], [ 77.435506076211283, 28.431292169183976, 0.0 ], [ 77.435487517850007, 28.431293691076167, 0.0 ], [ 77.435904858007603, 28.431694975000749, 0.0 ], [ 77.435915046200179, 28.431704314015533, 0.0 ], [ 77.435925234375389, 28.4317136539469, 0.0 ], [ 77.436678793181102, 28.432423154580309, 0.0 ], [ 77.436983125196875, 28.432767561230488, 0.0 ], [ 77.437033689329397, 28.432832607307411, 0.0 ], [ 77.437134819885003, 28.432962696675453, 0.0 ], [ 77.437222552029596, 28.433239388251913, 0.0 ], [ 77.437230853709437, 28.433340458586617, 0.0 ], [ 77.437563678605486, 28.433813786481533, 0.0 ], [ 77.43761405577601, 28.433888004320121, 0.0 ], [ 77.437624431946503, 28.433888172062886, 0.0 ], [ 77.437634621485088, 28.433897510953347, 0.0 ], [ 77.437866694311438, 28.434222402235562, 0.0 ], [ 77.438740655833229, 28.434631015766453, 0.0 ], [ 77.439209715647536, 28.435042295774522, 0.0 ], [ 77.439170432450041, 28.435075780826502, 0.0 ], [ 77.439156885829121, 28.435087327667269, 0.0 ], [ 77.437922354931899, 28.436058499497616, 0.0 ], [ 77.437841749501558, 28.436149985438224, 0.0 ], [ 77.437800787214655, 28.436196476636955, 0.0 ], [ 77.437794806231523, 28.436203265201858, 0.0 ], [ 77.436774599906826, 28.436847537388008, 0.0 ], [ 77.436108718976158, 28.437335025487972, 0.0 ], [ 77.436100053153723, 28.437341368883651, 0.0 ], [ 77.436860070379637, 28.437234302397659, 0.0 ], [ 77.436885420691056, 28.437273235255173, 0.0 ], [ 77.436890259888614, 28.437280668509924, 0.0 ], [ 77.435982227854524, 28.437699705048544, 0.0 ], [ 77.435967970120544, 28.437706283302592, 0.0 ], [ 77.436539681296637, 28.437669598180705, 0.0 ], [ 77.436475981246247, 28.437709651519366, 0.0 ], [ 77.436074408413901, 28.437962156954541, 0.0 ], [ 77.436055891881864, 28.437973800636176, 0.0 ], [ 77.438174624730337, 28.437925279715571, 0.0 ], [ 77.438215192502042, 28.437971810498219, 0.0 ], [ 77.438262931726229, 28.438679126538311, 0.0 ], [ 77.437606678981084, 28.440806577283109, 0.0 ], [ 77.437583659300799, 28.440916317844682, 0.0 ], [ 77.437310809587473, 28.44206809908658, 0.0 ], [ 77.436232397563643, 28.445537600442236, 0.0 ], [ 77.43585442006281, 28.446751910228222, 0.0 ], [ 77.435720248323761, 28.447217721436193, 0.0 ], [ 77.434844800579157, 28.450406001437685, 0.0 ], [ 77.43468083899208, 28.45093218164488, 0.0 ], [ 77.433521842426586, 28.454651447605453, 0.0 ], [ 77.433511085314208, 28.45466962581094, 0.0 ], [ 77.433436613091217, 28.454905704794594, 0.0 ], [ 77.433433328319197, 28.454916119540798, 0.0 ], [ 77.432015538478922, 28.455196090113677, 0.0 ], [ 77.430686481956627, 28.454697540420515, 0.0 ], [ 77.430424955638628, 28.454289593897538, 0.0 ], [ 77.430374574499112, 28.454215376091881, 0.0 ], [ 77.429865627086798, 28.454225523354342, 0.0 ], [ 77.429762026272243, 28.454214678146879, 0.0 ], [ 77.42953501481864, 28.454146787701955, 0.0 ], [ 77.426762741874242, 28.453652458744997, 0.0 ], [ 77.426628384421761, 28.453622762617478, 0.0 ], [ 77.423871067409337, 28.452908404612636, 0.0 ], [ 77.423793344629246, 28.452890245888913, 0.0 ], [ 77.423364781284036, 28.452790115599846, 0.0 ], [ 77.422538081307835, 28.452602414160388, 0.0 ], [ 77.422511191146171, 28.452598209046332, 0.0 ], [ 77.420954681017662, 28.452356589335043, 0.0 ], [ 77.420446690593792, 28.452320845030265, 0.0 ], [ 77.419617907014768, 28.452234028643126, 0.0 ], [ 77.419119535675179, 28.452235137884244, 0.0 ], [ 77.41901284958594, 28.452233410495623, 0.0 ], [ 77.419005368615728, 28.452233288448557, 0.0 ], [ 77.418970316024954, 28.452448955660948, 0.0 ], [ 77.418969669877569, 28.452452930225583, 0.0 ], [ 77.418888397156906, 28.452514459853546, 0.0 ], [ 77.418874739896594, 28.452524799075707, 0.0 ], [ 77.417658327746878, 28.452606037349717, 0.0 ], [ 77.416738713444943, 28.452893941053606, 0.0 ], [ 77.415412034426978, 28.453285351365125, 0.0 ], [ 77.41425141210452, 28.452679283744867, 0.0 ], [ 77.413902341566839, 28.45249010498145, 0.0 ], [ 77.413704763262999, 28.452505252752065, 0.0 ], [ 77.413488142403168, 28.45243750859175, 0.0 ], [ 77.412236778492939, 28.452701652554222, 0.0 ], [ 77.408771165073276, 28.453599651007426, 0.0 ], [ 77.40764298984071, 28.453929991445801, 0.0 ], [ 77.40455496604045, 28.454641344665596, 0.0 ], [ 77.402677188328468, 28.455069556375868, 0.0 ], [ 77.400070502702931, 28.455639201975305, 0.0 ], [ 77.400059229830603, 28.455641665311255, 0.0 ], [ 77.40026635170473, 28.456044129450024, 0.0 ], [ 77.400268764341931, 28.456048816298747, 0.0 ], [ 77.400219813396689, 28.456062355027349, 0.0 ], [ 77.400206107130117, 28.456066145868643, 0.0 ], [ 77.401206497588177, 28.457880901857173, 0.0 ], [ 77.401426418849965, 28.45828821822052, 0.0 ], [ 77.40149601126312, 28.458436163601345, 0.0 ], [ 77.402271344836919, 28.460091250861812, 0.0 ], [ 77.403151642030863, 28.461692984957057, 0.0 ], [ 77.404907488149874, 28.463134624560105, 0.0 ], [ 77.406304093959221, 28.464377707432146, 0.0 ], [ 77.406746412912497, 28.464577590590519, 0.0 ], [ 77.407126836802419, 28.464758114592879, 0.0 ], [ 77.408134270816078, 28.466242590795325, 0.0 ], [ 77.408133888843025, 28.466260937553997, 0.0 ], [ 77.40809804651083, 28.466985227872339, 0.0 ], [ 77.408094776819183, 28.467142322616851, 0.0 ], [ 77.408094409618784, 28.467159959402583, 0.0 ], [ 77.408094228119225, 28.467168676898321, 0.0 ], [ 77.407897003655165, 28.467165471248727, 0.0 ], [ 77.407699787524294, 28.467162264572959, 0.0 ], [ 77.407580766265383, 28.466894237146747, 0.0 ], [ 77.407163904637116, 28.465969899587598, 0.0 ], [ 77.405799948505361, 28.465775017046198, 0.0 ], [ 77.405787007821615, 28.465773168628594, 0.0 ], [ 77.405776626942028, 28.465772999704974, 0.0 ], [ 77.404018654590388, 28.466423385791888, 0.0 ], [ 77.403727251360039, 28.4664553436468, 0.0 ], [ 77.403036818525464, 28.466701018708999, 0.0 ], [ 77.401589644466796, 28.467383966676135, 0.0 ], [ 77.400876336795974, 28.467730189549751, 0.0 ], [ 77.399536196745615, 28.468258877894382, 0.0 ], [ 77.397677067192305, 28.469274566070606, 0.0 ], [ 77.396020347812339, 28.470077523696467, 0.0 ], [ 77.392054319278245, 28.471999610377569, 0.0 ], [ 77.391939365782989, 28.472034432897185, 0.0 ], [ 77.39172082727498, 28.471772659943806, 0.0 ], [ 77.391706381401633, 28.471755355328728, 0.0 ], [ 77.39167543158861, 28.471745673479067, 0.0 ], [ 77.391648325588591, 28.471552544291679, 0.0 ], [ 77.391269441125644, 28.471298606271688, 0.0 ], [ 77.390702559944856, 28.471096644555274, 0.0 ], [ 77.390307338632184, 28.471126879651273, 0.0 ], [ 77.390204111795214, 28.471097664273369, 0.0 ], [ 77.389804086527349, 28.470861727506009, 0.0 ], [ 77.389640309612389, 28.470748940679183, 0.0 ], [ 77.389121493167465, 28.470235789224571, 0.0 ], [ 77.388189597485891, 28.469119458433255, 0.0 ], [ 77.387795740388398, 28.468589998992488, 0.0 ], [ 77.387371515618838, 28.468023336339336, 0.0 ], [ 77.387350755610669, 28.468022996128635, 0.0 ], [ 77.387340760610698, 28.468004481197596, 0.0 ], [ 77.386302755235974, 28.46798747073499, 0.0 ], [ 77.386103800813927, 28.468066791733094, 0.0 ], [ 77.385066350959207, 28.468517738956315, 0.0 ], [ 77.385035596178042, 28.468498883384203, 0.0 ], [ 77.384856824282267, 28.468606058680155, 0.0 ], [ 77.384647294193996, 28.468694378065528, 0.0 ], [ 77.383661542541091, 28.469155340442818, 0.0 ], [ 77.382616200724073, 28.469486857752134, 0.0 ], [ 77.381758276774704, 28.469793920413284, 0.0 ], [ 77.381037605402724, 28.469993125638787, 0.0 ], [ 77.380471092379793, 28.470268263103634, 0.0 ], [ 77.380445389748729, 28.470290601643651, 0.0 ], [ 77.379963384186951, 28.470709526421487, 0.0 ], [ 77.379750373945356, 28.470962943493426, 0.0 ], [ 77.379565608476042, 28.471354456476156, 0.0 ], [ 77.379491257061403, 28.471433521202982, 0.0 ], [ 77.379480635425793, 28.471444816029319, 0.0 ], [ 77.379270326414215, 28.471569817411815, 0.0 ], [ 77.378626504459803, 28.472063893226291, 0.0 ], [ 77.37840205050442, 28.472295796912064, 0.0 ], [ 77.378180678268748, 28.472524516522217, 0.0 ], [ 77.378185138379123, 28.472792222145237, 0.0 ], [ 77.378185266205605, 28.472799859189976, 0.0 ], [ 77.378098370411251, 28.472806096338292, 0.0 ], [ 77.378081267022296, 28.472807325358598, 0.0 ], [ 77.378163875221503, 28.473322514089393, 0.0 ], [ 77.378308525790089, 28.474343377422972, 0.0 ], [ 77.378345286024214, 28.474533034555016, 0.0 ], [ 77.378345993257327, 28.474536679676923, 0.0 ], [ 77.374758192114768, 28.476469651065798, 0.0 ], [ 77.37474329273482, 28.476477676501641, 0.0 ], [ 77.374378096876811, 28.47754519864122, 0.0 ], [ 77.373541430908602, 28.479302289821408, 0.0 ], [ 77.373483140444677, 28.479604120404833, 0.0 ], [ 77.373307686691007, 28.480537127847622, 0.0 ], [ 77.37324958968027, 28.480829785575903, 0.0 ], [ 77.373010754298107, 28.481321326064307, 0.0 ], [ 77.372935570015997, 28.481439369321787, 0.0 ], [ 77.372046829485996, 28.482709288207907, 0.0 ], [ 77.370062552860517, 28.485695287539688, 0.0 ], [ 77.371033225021833, 28.486940791271628, 0.0 ], [ 77.371099034544855, 28.488739060338414, 0.0 ], [ 77.37109907805349, 28.488740245586353, 0.0 ], [ 77.370319529178673, 28.490117026364491, 0.0 ], [ 77.370311566560417, 28.490131089203885, 0.0 ], [ 77.370102716977371, 28.491659922551673, 0.0 ], [ 77.37005928214738, 28.492732715688057, 0.0 ], [ 77.370728768483445, 28.494964169003715, 0.0 ], [ 77.37124184067045, 28.496734272365284, 0.0 ], [ 77.37124673343601, 28.496744257628581, 0.0 ], [ 77.371849221788978, 28.49797376032031, 0.0 ], [ 77.371737902631693, 28.49843005157344, 0.0 ], [ 77.371735519352853, 28.49843982237303, 0.0 ], [ 77.370743865941748, 28.499166670608016, 0.0 ], [ 77.370148916141986, 28.499545740809378, 0.0 ], [ 77.369953002990954, 28.499670564644092, 0.0 ], [ 77.369943740451944, 28.499676466562271, 0.0 ], [ 77.368973305081497, 28.499889841337534, 0.0 ], [ 77.368931580608944, 28.4998983290144, 0.0 ], [ 77.368273399294637, 28.500080150334192, 0.0 ], [ 77.368200138850057, 28.500106466753312, 0.0 ], [ 77.3679388256149, 28.500184732179868, 0.0 ], [ 77.367855182356976, 28.500210877991861, 0.0 ], [ 77.367782481854292, 28.500241502010109, 0.0 ], [ 77.367771344070491, 28.500246193842294, 0.0 ], [ 77.36776837638088, 28.50024326294831, 0.0 ], [ 77.367639085486829, 28.500115558848574, 0.0 ], [ 77.367567762898716, 28.500050155573806, 0.0 ], [ 77.365900710931967, 28.499316147220448, 0.0 ], [ 77.36548637631121, 28.499263427149298, 0.0 ], [ 77.365155979701086, 28.498679932750232, 0.0 ], [ 77.365116002059153, 28.498605870005218, 0.0 ], [ 77.365001988473395, 28.498594811926626, 0.0 ], [ 77.364370204355723, 28.498510972987855, 0.0 ], [ 77.364245808409237, 28.498499742772669, 0.0 ], [ 77.364068527582376, 28.498533513240286, 0.0 ], [ 77.362691227533389, 28.4988318789608, 0.0 ], [ 77.361853234016934, 28.499166679927793, 0.0 ], [ 77.361821696399232, 28.499184509437008, 0.0 ], [ 77.361453445062622, 28.499407797779874, 0.0 ], [ 77.360295600502894, 28.500131833161333, 0.0 ], [ 77.358922692844402, 28.501200954142426, 0.0 ], [ 77.358368935477927, 28.50163106571928, 0.0 ], [ 77.358194018081775, 28.501766925523704, 0.0 ], [ 77.358192431801783, 28.501768944382047, 0.0 ], [ 77.35817266739582, 28.501794096301772, 0.0 ], [ 77.358141129642888, 28.501811924111017, 0.0 ], [ 77.358119974664163, 28.501829923913931, 0.0 ], [ 77.358098819659844, 28.501847924630741, 0.0 ], [ 77.358088826314557, 28.501829407910733, 0.0 ], [ 77.358079027663393, 28.501801720205837, 0.0 ], [ 77.358058651506539, 28.501783033314016, 0.0 ], [ 77.358048851846931, 28.501755344670858, 0.0 ], [ 77.3576575503279, 28.501106600648235, 0.0 ], [ 77.357527054195543, 28.500893410227832, 0.0 ], [ 77.357130305338188, 28.50050147875956, 0.0 ], [ 77.356601503808776, 28.499969730834444, 0.0 ], [ 77.356571330025275, 28.499923354906255, 0.0 ], [ 77.35653057882439, 28.499885978791646, 0.0 ], [ 77.355620744429885, 28.499201107826774, 0.0 ], [ 77.355351965215576, 28.499141600622359, 0.0 ], [ 77.354751528475447, 28.49904906735572, 0.0 ], [ 77.354325646989963, 28.499051179500363, 0.0 ], [ 77.354246652426255, 28.499049868950753, 0.0 ], [ 77.354097229922701, 28.499047390785481, 0.0 ], [ 77.353323846942757, 28.499273116280762, 0.0 ], [ 77.352818746161688, 28.499454505380513, 0.0 ], [ 77.352811003285439, 28.499457285379986, 0.0 ], [ 77.352800619669281, 28.499457113016145, 0.0 ], [ 77.352465255220508, 28.499598350223209, 0.0 ], [ 77.351637060939296, 28.500078529731486, 0.0 ], [ 77.351634488713898, 28.500080021101486, 0.0 ], [ 77.351328618049493, 28.500379386737759, 0.0 ], [ 77.350085815114582, 28.501595733992232, 0.0 ], [ 77.349495870519831, 28.502052718034914, 0.0 ], [ 77.349494418429146, 28.502053842627969, 0.0 ], [ 77.348746325580748, 28.503041505685925, 0.0 ], [ 77.348503394930091, 28.503328522774495, 0.0 ], [ 77.348501266101252, 28.503331038063106, 0.0 ], [ 77.348151336765739, 28.503723338985861, 0.0 ], [ 77.347740756430028, 28.504183631673214, 0.0 ], [ 77.34773512847616, 28.504189940465423, 0.0 ], [ 77.34728540618552, 28.505797286509591, 0.0 ], [ 77.347285845201412, 28.506751508198739, 0.0 ], [ 77.347431281391835, 28.508212768031214, 0.0 ], [ 77.347494827689616, 28.509617611378054, 0.0 ], [ 77.347577724686332, 28.510114444163285, 0.0 ], [ 77.34761150508831, 28.510460325237776, 0.0 ], [ 77.347611830733655, 28.510463663019557, 0.0 ], [ 77.347129598740807, 28.510964064958543, 0.0 ], [ 77.346889523862572, 28.511213183413577, 0.0 ], [ 77.346617068642843, 28.511544443278108, 0.0 ], [ 77.346100407644371, 28.512172611216901, 0.0 ], [ 77.345576332356103, 28.512926689422002, 0.0 ], [ 77.345572795978384, 28.512931777733012, 0.0 ], [ 77.345570129716734, 28.512935616212243, 0.0 ], [ 77.345570025805827, 28.51293576403511, 0.0 ], [ 77.345568558750557, 28.512937874638077, 0.0 ], [ 77.345564597952006, 28.512943576114193, 0.0 ], [ 77.345546578492204, 28.512981287259016, 0.0 ], [ 77.345521271970284, 28.513034253474768, 0.0 ], [ 77.345453925496813, 28.513175209955548, 0.0 ], [ 77.34543412381916, 28.513216654989971, 0.0 ], [ 77.345433536837859, 28.513244170161535, 0.0 ], [ 77.345444068713078, 28.51325069086619, 0.0 ], [ 77.345426865014389, 28.513629320090899, 0.0 ], [ 77.345426735963514, 28.513632155762664, 0.0 ], [ 77.345429771800184, 28.513644737470255, 0.0 ], [ 77.345588980395206, 28.514304629719891, 0.0 ], [ 77.345735456163766, 28.514986016244048, 0.0 ], [ 77.346004778969146, 28.515752019654357, 0.0 ], [ 77.346436231582246, 28.516465668541688, 0.0 ], [ 77.346814791058847, 28.517224311087869, 0.0 ], [ 77.347408110499629, 28.518385631963955, 0.0 ], [ 77.347570469572361, 28.519053514061195, 0.0 ], [ 77.347569027345898, 28.519608571915654, 0.0 ], [ 77.347512426628299, 28.520070964161199, 0.0 ], [ 77.347379153948069, 28.520523012559543, 0.0 ], [ 77.347372456546651, 28.520545731019759, 0.0 ], [ 77.347044285629295, 28.520833870855384, 0.0 ], [ 77.346640770878608, 28.521001483318102, 0.0 ], [ 77.345634765331965, 28.521168246457016, 0.0 ], [ 77.344360919885602, 28.521472755529118, 0.0 ], [ 77.343502287748791, 28.521597318469325, 0.0 ], [ 77.343339721468226, 28.52162090151278, 0.0 ], [ 77.342067041286271, 28.521870363381261, 0.0 ], [ 77.342004358818897, 28.521881425097899, 0.0 ], [ 77.34163951491351, 28.521945813451371, 0.0 ], [ 77.3415852798652, 28.521961208699711, 0.0 ], [ 77.341059453574729, 28.522110470180507, 0.0 ], [ 77.340845494232028, 28.522157366054621, 0.0 ], [ 77.340046278634418, 28.522368827133938, 0.0 ], [ 77.339339121767495, 28.522540437517016, 0.0 ], [ 77.339179561127011, 28.522579159092917, 0.0 ], [ 77.338337919077716, 28.52283119067171, 0.0 ], [ 77.337923805373208, 28.523007778860997, 0.0 ], [ 77.337620593578677, 28.523099055067732, 0.0 ], [ 77.337579870045388, 28.523122337298993, 0.0 ], [ 77.337168366512444, 28.52335757964331, 0.0 ], [ 77.33677844501517, 28.523617142229462, 0.0 ], [ 77.335953142825474, 28.524075868642463, 0.0 ], [ 77.335689506321572, 28.524271404304493, 0.0 ], [ 77.335414787256227, 28.524475159420039, 0.0 ], [ 77.335412820253595, 28.524476152308225, 0.0 ], [ 77.335036716597884, 28.524666104154896, 0.0 ], [ 77.334551654368099, 28.525002057405441, 0.0 ], [ 77.333992227115885, 28.525414753076593, 0.0 ], [ 77.333652643854592, 28.525748547271853, 0.0 ], [ 77.333131096308648, 28.526574741885309, 0.0 ], [ 77.332844300874896, 28.527111261071337, 0.0 ], [ 77.332648509229287, 28.527763987802199, 0.0 ], [ 77.332024929196905, 28.529196732183269, 0.0 ], [ 77.331998356600991, 28.529257784397142, 0.0 ], [ 77.331316285367762, 28.530301477395081, 0.0 ], [ 77.331028862979522, 28.531108636854064, 0.0 ], [ 77.330670235821657, 28.531602662371164, 0.0 ], [ 77.330167370975119, 28.532282355686039, 0.0 ], [ 77.329483565844953, 28.532679187928284, 0.0 ], [ 77.328391085197637, 28.533238907492553, 0.0 ], [ 77.327707821831069, 28.533360425961515, 0.0 ], [ 77.327706778959893, 28.533360610335507, 0.0 ], [ 77.327259542572776, 28.533440150986909, 0.0 ], [ 77.326846856846089, 28.533547921942461, 0.0 ], [ 77.326558301416313, 28.533680708005356, 0.0 ], [ 77.325978727716858, 28.5340609220159, 0.0 ], [ 77.325598825953691, 28.534253655701214, 0.0 ], [ 77.325479799665629, 28.534314039048294, 0.0 ], [ 77.325274045050179, 28.534477941476947, 0.0 ], [ 77.324724027367253, 28.534916076079991, 0.0 ], [ 77.324382323258831, 28.535346145187344, 0.0 ], [ 77.323948132012688, 28.535728789375536, 0.0 ], [ 77.323482486395363, 28.536124665579258, 0.0 ], [ 77.323160559226494, 28.53660093749696, 0.0 ], [ 77.323134226124125, 28.536645318514353, 0.0 ], [ 77.322783247283994, 28.537236835702231, 0.0 ], [ 77.322322573832935, 28.537771879974258, 0.0 ], [ 77.322277097790959, 28.537824696683195, 0.0 ], [ 77.321938261602725, 28.538603445614257, 0.0 ], [ 77.321343940878762, 28.539666905412531, 0.0 ], [ 77.321135412035744, 28.540424900050031, 0.0 ], [ 77.320896651447015, 28.54089797372491, 0.0 ], [ 77.32067187196094, 28.541055398678939, 0.0 ], [ 77.319694074987169, 28.541740193378267, 0.0 ], [ 77.318869237388157, 28.542409846117447, 0.0 ], [ 77.318091865219017, 28.542805053289182, 0.0 ], [ 77.317952397343674, 28.543009137973627, 0.0 ], [ 77.316441851638501, 28.543676424593514, 0.0 ], [ 77.314878176204957, 28.544390658736802, 0.0 ], [ 77.314804872776122, 28.544424139762789, 0.0 ], [ 77.314234558607623, 28.544532326821887, 0.0 ], [ 77.314116308149622, 28.544554757918668, 0.0 ], [ 77.313647087452566, 28.54487255796635, 0.0 ], [ 77.313297747576115, 28.545412563978093, 0.0 ], [ 77.313089810718523, 28.545899902948772, 0.0 ], [ 77.312364471937599, 28.546529908969504, 0.0 ], [ 77.311547530331353, 28.54707120860553, 0.0 ], [ 77.310829552164421, 28.547600409990864, 0.0 ], [ 77.310079018858701, 28.548193280636902, 0.0 ], [ 77.309447988178121, 28.54854503689161, 0.0 ], [ 77.30885780603414, 28.548929591257025, 0.0 ], [ 77.308235865892499, 28.549341130103784, 0.0 ], [ 77.307602640604671, 28.549793761179306, 0.0 ], [ 77.306480667571932, 28.550504202500267, 0.0 ], [ 77.306032079216791, 28.550826913479423, 0.0 ], [ 77.30518203481445, 28.551454776544656, 0.0 ], [ 77.30440356995733, 28.551895767107219, 0.0 ], [ 77.304153415774152, 28.552171364090757, 0.0 ], [ 77.303794495886876, 28.55243136094013, 0.0 ], [ 77.303524684237757, 28.552894701187732, 0.0 ], [ 77.303335073895965, 28.553360400796883, 0.0 ], [ 77.303174172369424, 28.553755586749695, 0.0 ], [ 77.30312957979325, 28.553865107235698, 0.0 ], [ 77.303078379659439, 28.554020008447814, 0.0 ], [ 77.303029076570098, 28.554169168192345, 0.0 ], [ 77.303026313194664, 28.554177527114458, 0.0 ], [ 77.302951656529942, 28.554403394251789, 0.0 ], [ 77.302682258985016, 28.555086926234804, 0.0 ], [ 77.302461888229445, 28.55566577910194, 0.0 ], [ 77.302106104976204, 28.556499227221881, 0.0 ], [ 77.301658223625083, 28.557266895249924, 0.0 ], [ 77.301198755418682, 28.558089410682989, 0.0 ], [ 77.301001017346991, 28.558342950957393, 0.0 ], [ 77.300893859378334, 28.558492516736226, 0.0 ], [ 77.300626611263681, 28.558836623545464, 0.0 ], [ 77.300363659645399, 28.559222088074304, 0.0 ], [ 77.299972771183434, 28.559756765280031, 0.0 ], [ 77.300085081949533, 28.560327477528194, 0.0 ], [ 77.300087747021237, 28.560328018955417, 0.0 ], [ 77.300602372354632, 28.560432559355807, 0.0 ], [ 77.301445205358959, 28.560859659792182, 0.0 ], [ 77.301446687279295, 28.560865354606431, 0.0 ], [ 77.301509296459471, 28.561105948488134, 0.0 ], [ 77.301579492012067, 28.561375695431867, 0.0 ], [ 77.301578400378077, 28.561383191680651, 0.0 ], [ 77.301542857256976, 28.561627370453142, 0.0 ], [ 77.301386229757085, 28.562168923415133, 0.0 ], [ 77.301233918299232, 28.562695547837638, 0.0 ], [ 77.301230517840665, 28.562697191247189, 0.0 ], [ 77.300582808557451, 28.56301022585405, 0.0 ], [ 77.29990383554123, 28.563411586624312, 0.0 ], [ 77.299157237404415, 28.563816385985376, 0.0 ], [ 77.29854527879094, 28.564241810646582, 0.0 ], [ 77.297953594833174, 28.564690510910847, 0.0 ], [ 77.29755008491297, 28.565087348951618, 0.0 ], [ 77.297274232388546, 28.565587266137491, 0.0 ], [ 77.297094460198664, 28.565969542372105, 0.0 ], [ 77.297095305592848, 28.565978794282962, 0.0 ], [ 77.297106102384987, 28.566096967677417, 0.0 ], [ 77.297120627522631, 28.566255942612461, 0.0 ], [ 77.297133210726344, 28.566393673672518, 0.0 ], [ 77.297144832323255, 28.566520854504649, 0.0 ], [ 77.297145677385288, 28.566523427525112, 0.0 ], [ 77.297393391482728, 28.567277355840851, 0.0 ], [ 77.297530463466288, 28.567714298950566, 0.0 ], [ 77.297582910273221, 28.567881480731042, 0.0 ], [ 77.297650462945839, 28.568359687011018, 0.0 ], [ 77.297771443689584, 28.568973314094261, 0.0 ], [ 77.297788563188092, 28.569060146467972, 0.0 ], [ 77.297829326752222, 28.569274117673601, 0.0 ], [ 77.298228900114154, 28.570494418389167, 0.0 ], [ 77.298488809843263, 28.571166707998703, 0.0 ], [ 77.29848999192582, 28.571168551843201, 0.0 ], [ 77.298490225811051, 28.571166683345766, 0.0 ], [ 77.298507833060881, 28.571194164602854, 0.0 ], [ 77.298701818934617, 28.57149693311715, 0.0 ], [ 77.299131964927611, 28.57271220060553, 0.0 ], [ 77.299292811643056, 28.573143480189227, 0.0 ], [ 77.299463006810328, 28.573599822634783, 0.0 ], [ 77.29970878532572, 28.574326483288015, 0.0 ], [ 77.299970187651667, 28.575066412306171, 0.0 ], [ 77.300052498159218, 28.57579584427873, 0.0 ], [ 77.30007321643528, 28.576278200479234, 0.0 ], [ 77.299968570910139, 28.577105539451612, 0.0 ], [ 77.299904802556313, 28.577463011917054, 0.0 ], [ 77.299809592069934, 28.578019514857566, 0.0 ], [ 77.299796716652665, 28.578216747742115, 0.0 ], [ 77.29978659489521, 28.578371784060877, 0.0 ], [ 77.299730197049158, 28.578598304549917, 0.0 ], [ 77.299522009272948, 28.578895068676744, 0.0 ], [ 77.299072621509254, 28.579380883660139, 0.0 ], [ 77.298518299759351, 28.579976746579558, 0.0 ], [ 77.298384838453501, 28.580143229122104, 0.0 ], [ 77.298378980133165, 28.580150537108711, 0.0 ], [ 77.298975128504011, 28.580537424421568, 0.0 ], [ 77.300093362349003, 28.581195154498825, 0.0 ], [ 77.300786493130161, 28.58157587689842, 0.0 ], [ 77.300792614013488, 28.581579117029239, 0.0 ], [ 77.301339724592779, 28.581868744812674, 0.0 ], [ 77.30152128539271, 28.581991979242598, 0.0 ], [ 77.301908481834843, 28.58240495512074, 0.0 ], [ 77.302752640906817, 28.583383102367804, 0.0 ], [ 77.303170794638518, 28.583809083161096, 0.0 ], [ 77.303196899596387, 28.583838174740954, 0.0 ], [ 77.303196187754082, 28.583838984705515, 0.0 ], [ 77.30370367168463, 28.584404541174521, 0.0 ], [ 77.304173809238648, 28.584870235822589, 0.0 ], [ 77.304814820970563, 28.585671369901601, 0.0 ], [ 77.305342941110624, 28.586217277637481, 0.0 ], [ 77.305664916699158, 28.586525187855141, 0.0 ], [ 77.305880595425307, 28.586731442418639, 0.0 ], [ 77.306645617399056, 28.587359029536355, 0.0 ], [ 77.307212757934252, 28.587818550794317, 0.0 ], [ 77.307844660673581, 28.588434862355918, 0.0 ], [ 77.308580629089249, 28.589135112153883, 0.0 ], [ 77.308894378197451, 28.589459091318446, 0.0 ], [ 77.309612665714326, 28.590051365298589, 0.0 ], [ 77.3101684311995, 28.59045693198647, 0.0 ], [ 77.310507467581843, 28.590867947014495, 0.0 ], [ 77.310509709001607, 28.590870663565767, 0.0 ], [ 77.310683860910984, 28.591354910851479, 0.0 ], [ 77.311057499561983, 28.592079365454218, 0.0 ], [ 77.311805187801696, 28.593546308433329, 0.0 ], [ 77.312303370773847, 28.594588932907911, 0.0 ], [ 77.312607844087225, 28.595188247195175, 0.0 ], [ 77.312932265069236, 28.595764663338869, 0.0 ], [ 77.313189574245698, 28.596310644636691, 0.0 ], [ 77.313293147741803, 28.596452949446491, 0.0 ], [ 77.313298707993113, 28.596453321002286, 0.0 ], [ 77.313397922918227, 28.596588045401951, 0.0 ], [ 77.313399259663768, 28.596588236699269, 0.0 ], [ 77.313581535864259, 28.596614272094925, 0.0 ], [ 77.313752671480714, 28.596638716201728, 0.0 ], [ 77.31481758312151, 28.596790819419791, 0.0 ], [ 77.315600495571346, 28.596877375594975, 0.0 ], [ 77.315998221882253, 28.596992505649762, 0.0 ], [ 77.316189301206578, 28.597047817515531, 0.0 ], [ 77.316677910274379, 28.596803749209311, 0.0 ], [ 77.317393185840317, 28.596893747372444, 0.0 ], [ 77.317490343762671, 28.596935174369694, 0.0 ], [ 77.318098718538366, 28.597194577281726, 0.0 ], [ 77.318326424711785, 28.597239684172983, 0.0 ], [ 77.318808817754302, 28.597150859932597, 0.0 ], [ 77.318874310262629, 28.597138800166217, 0.0 ], [ 77.319340465089923, 28.597453951086717, 0.0 ], [ 77.319373674275866, 28.597476905724683, 0.0 ], [ 77.319775746588817, 28.597754821355878, 0.0 ], [ 77.320490010097487, 28.597669099050187, 0.0 ], [ 77.320546936202447, 28.597662266985523, 0.0 ], [ 77.321579334680507, 28.597748394361055, 0.0 ], [ 77.322146208319182, 28.597614109603786, 0.0 ], [ 77.322284562105793, 28.597581334361443, 0.0 ], [ 77.322692322152818, 28.597624241831291, 0.0 ], [ 77.323321663962531, 28.597690463873132, 0.0 ], [ 77.325169315205187, 28.598051687038698, 0.0 ], [ 77.326272849378768, 28.598455472516033, 0.0 ], [ 77.32691869977387, 28.598874520725985, 0.0 ], [ 77.327427285469653, 28.599355889730909, 0.0 ], [ 77.327703130236912, 28.599616969773649, 0.0 ], [ 77.328356821711878, 28.600155402276751, 0.0 ], [ 77.32848492299037, 28.600075182382653, 0.0 ], [ 77.328699256438284, 28.599940961090152, 0.0 ], [ 77.328881991082682, 28.600018883294677, 0.0 ], [ 77.328910232487786, 28.60003092581562, 0.0 ], [ 77.329141302740013, 28.600129458072296, 0.0 ], [ 77.32921427442686, 28.600160574449173, 0.0 ], [ 77.329656388356369, 28.600417476975327, 0.0 ], [ 77.32979947172096, 28.600500618779972, 0.0 ], [ 77.331078431636826, 28.600723826474351, 0.0 ], [ 77.332339841948638, 28.601038468819603, 0.0 ], [ 77.332572067228213, 28.601115738526186, 0.0 ], [ 77.332721163384448, 28.6011916197942, 0.0 ], [ 77.332801518117236, 28.601218025093956, 0.0 ], [ 77.334088838693205, 28.601641041692144, 0.0 ], [ 77.33456779928494, 28.601846274143817, 0.0 ], [ 77.335115883160938, 28.601792379358553, 0.0 ], [ 77.335752685091435, 28.601729757668057, 0.0 ], [ 77.335801038651525, 28.601725002659386, 0.0 ], [ 77.335843856743708, 28.601720791908022, 0.0 ], [ 77.335932499677668, 28.601729758894397, 0.0 ], [ 77.336766996507251, 28.601814169981886, 0.0 ], [ 77.337651405987771, 28.602260085847725, 0.0 ], [ 77.338269276088084, 28.60277494378342, 0.0 ], [ 77.338670798324273, 28.603199041018144, 0.0 ], [ 77.338738243107528, 28.603204752270752, 0.0 ], [ 77.339125364525785, 28.603330462779134, 0.0 ], [ 77.339459717299746, 28.603587398657901, 0.0 ], [ 77.339662273340238, 28.603743053194265, 0.0 ], [ 77.340110074846379, 28.604190852415115, 0.0 ], [ 77.340127721966454, 28.604217063955854, 0.0 ], [ 77.340451140535507, 28.604697429087203, 0.0 ], [ 77.340578561552192, 28.604886683899633, 0.0 ], [ 77.340877325850144, 28.60512805266027, 0.0 ], [ 77.340880009221038, 28.605130221063494, 0.0 ], [ 77.341213906695742, 28.605557771336311, 0.0 ], [ 77.341389154739858, 28.605746730112465, 0.0 ], [ 77.341676229054315, 28.606056261647851, 0.0 ], [ 77.341806908240997, 28.606507947659786, 0.0 ], [ 77.341906433436876, 28.606883319090979, 0.0 ], [ 77.34196082232765, 28.607088451099877, 0.0 ], [ 77.342045721802208, 28.607493504797443, 0.0 ], [ 77.341954115948553, 28.607712518309768, 0.0 ], [ 77.341914259442319, 28.60780780812086, 0.0 ], [ 77.341981004895914, 28.607951032753707, 0.0 ], [ 77.342271218572435, 28.60857378250719, 0.0 ], [ 77.342416204279758, 28.608884893015738, 0.0 ], [ 77.342208969105343, 28.60946897059388, 0.0 ], [ 77.342178374993324, 28.609555196778629, 0.0 ], [ 77.342807670904477, 28.610024351637517, 0.0 ], [ 77.343691078293318, 28.61027756391551, 0.0 ], [ 77.344836243891876, 28.610443388989495, 0.0 ], [ 77.346161696629864, 28.610442489671193, 0.0 ], [ 77.347270777606511, 28.610350835967083, 0.0 ], [ 77.348197497710572, 28.610035979350208, 0.0 ], [ 77.348406507391559, 28.609984408577329, 0.0 ], [ 77.3487027868414, 28.610227842713979, 0.0 ], [ 77.349143560430491, 28.61027644163519, 0.0 ], [ 77.351241523665905, 28.610123199389818, 0.0 ], [ 77.352577342911459, 28.609879317899576, 0.0 ], [ 77.352985747152076, 28.609739311786225, 0.0 ], [ 77.355113640329463, 28.610866231327321, 0.0 ], [ 77.356753651276136, 28.610494336827234, 0.0 ], [ 77.357680058025892, 28.609459292321016, 0.0 ], [ 77.358252222603326, 28.608950450843167, 0.0 ], [ 77.359821075297816, 28.608256270708107, 0.0 ], [ 77.360501013211717, 28.608056518654518, 0.0 ], [ 77.36158976557364, 28.607941495536711, 0.0 ], [ 77.363055533705861, 28.60769508711596, 0.0 ], [ 77.363823933156993, 28.607735295864952, 0.0 ], [ 77.364684108328646, 28.607859579307636, 0.0 ], [ 77.365524909363245, 28.608162424435019, 0.0 ], [ 77.365988262290387, 28.608371887553901, 0.0 ], [ 77.366392083366762, 28.608447350066086, 0.0 ], [ 77.366708835920733, 28.608461747931095, 0.0 ], [ 77.366713885141735, 28.608223317787779, 0.0 ], [ 77.366758732219012, 28.608223286040936, 0.0 ], [ 77.366760320630846, 28.608223285638108, 0.0 ], [ 77.367514337906442, 28.608222756216442, 0.0 ], [ 77.36816129633587, 28.608352678196752, 0.0 ], [ 77.368563468762659, 28.608506084446404, 0.0 ], [ 77.368859395966467, 28.608767823431783, 0.0 ], [ 77.369046458185167, 28.609261692070746, 0.0 ], [ 77.369017287522126, 28.609903363254357, 0.0 ], [ 77.369135878424004, 28.610194285883185, 0.0 ], [ 77.368320609923799, 28.610648703769726, 0.0 ], [ 77.366874245130589, 28.611450480654383, 0.0 ], [ 77.360683921921151, 28.614866337652469, 0.0 ], [ 77.359894962059883, 28.615302798111045, 0.0 ], [ 77.358835834872053, 28.616711764577961, 0.0 ], [ 77.358422934799847, 28.617796581463196, 0.0 ], [ 77.361777527427179, 28.621874599221243, 0.0 ], [ 77.363844824622475, 28.624646999835822, 0.0 ], [ 77.367518143667539, 28.624492019174014, 0.0 ], [ 77.36852612275851, 28.624270124976881, 0.0 ], [ 77.370138194574736, 28.623750864290326, 0.0 ], [ 77.371358286510215, 28.623330629791447, 0.0 ], [ 77.372260937207031, 28.622680413922581, 0.0 ], [ 77.372844950437056, 28.622102924435424, 0.0 ], [ 77.373180622150983, 28.621961672283707, 0.0 ], [ 77.373422045243743, 28.622098657300317, 0.0 ], [ 77.373433178907248, 28.622309829226435, 0.0 ], [ 77.373431333736335, 28.622312328890999, 0.0 ], [ 77.373245877888621, 28.622563603467302, 0.0 ], [ 77.373104376269453, 28.622863997813621, 0.0 ], [ 77.37324432067031, 28.623375423276102, 0.0 ], [ 77.373559302300492, 28.623967701158996, 0.0 ], [ 77.373780103858479, 28.624342854059424, 0.0 ], [ 77.374171294150827, 28.625018943319688, 0.0 ], [ 77.375163911709038, 28.626755264722405, 0.0 ], [ 77.375947615421254, 28.627800143473063, 0.0 ], [ 77.376555999039255, 28.628777923905236, 0.0 ], [ 77.374958195423119, 28.631081684591738, 0.0 ], [ 77.37385514346542, 28.631618533070728, 0.0 ], [ 77.373823768779886, 28.631627190305583, 0.0 ], [ 77.374770725362012, 28.632573844881694, 0.0 ], [ 77.376812933237545, 28.634093466090626, 0.0 ], [ 77.378221495437444, 28.635093543285905, 0.0 ], [ 77.379743115693827, 28.636650439121816, 0.0 ], [ 77.380165047730074, 28.636902165394698, 0.0 ], [ 77.380241141839718, 28.636947564235168, 0.0 ], [ 77.380320021119033, 28.636905027090478, 0.0 ], [ 77.380893210065892, 28.636595917892624, 0.0 ], [ 77.381648827636567, 28.636264312123867, 0.0 ], [ 77.382730213431373, 28.636016014458125, 0.0 ], [ 77.383369929693998, 28.636003563618587, 0.0 ], [ 77.384237749173323, 28.635774688939655, 0.0 ], [ 77.384933775227466, 28.635556756884757, 0.0 ], [ 77.385557608583156, 28.635557796970026, 0.0 ], [ 77.386318291842414, 28.635726191772562, 0.0 ], [ 77.387185704726676, 28.636010992965129, 0.0 ], [ 77.389314896626558, 28.636714309850976, 0.0 ], [ 77.389757274230647, 28.635851232561386, 0.0 ], [ 77.39019700295718, 28.635211708626773, 0.0 ], [ 77.390539427713989, 28.634749469900427, 0.0 ], [ 77.391073656739309, 28.634313297005892, 0.0 ], [ 77.392021143352181, 28.634746152629134, 0.0 ], [ 77.398596510060401, 28.636784342661198, 0.0 ], [ 77.398704384625916, 28.636598048710326, 0.0 ], [ 77.398795997038206, 28.636443597583913, 0.0 ], [ 77.399880307796522, 28.634562405582479, 0.0 ], [ 77.399880543093474, 28.634561992951777, 0.0 ], [ 77.400517040502507, 28.633449052205496, 0.0 ], [ 77.401080738811856, 28.63259594392866, 0.0 ], [ 77.403076535363013, 28.631623939889217, 0.0 ], [ 77.405255145977719, 28.63060901465974, 0.0 ], [ 77.405255452851364, 28.630608957268556, 0.0 ], [ 77.406278026882163, 28.630419232135697, 0.0 ], [ 77.40684148189807, 28.630322889846532, 0.0 ], [ 77.407273644198838, 28.630040949166943, 0.0 ], [ 77.408216809805396, 28.629684740657407, 0.0 ], [ 77.410194030094416, 28.629349886363332, 0.0 ], [ 77.411783041849475, 28.629682949994173, 0.0 ], [ 77.413183215362224, 28.629847821190353, 0.0 ], [ 77.41380230155724, 28.629825741442467, 0.0 ], [ 77.414745445782756, 28.629469494236002, 0.0 ], [ 77.415867241867559, 28.628701983120269, 0.0 ], [ 77.419285830456602, 28.626364390646067, 0.0 ], [ 77.421694611750482, 28.625018129751179, 0.0 ], [ 77.422373749391525, 28.625107066136433, 0.0 ], [ 77.425525237205633, 28.625295501943729, 0.0 ], [ 77.427406503532737, 28.625321231349453, 0.0 ], [ 77.428106074028889, 28.625176553023739, 0.0 ], [ 77.428244410762687, 28.625022834646451, 0.0 ], [ 77.42833436531312, 28.624946310652877, 0.0 ], [ 77.428987903734551, 28.625016459979008, 0.0 ], [ 77.42959905117786, 28.624622672680363, 0.0 ], [ 77.430069886800027, 28.624226625421443, 0.0 ], [ 77.43040445763954, 28.624135688868481, 0.0 ], [ 77.43065493448114, 28.62408926574809, 0.0 ], [ 77.430845691472825, 28.624165720693629, 0.0 ], [ 77.431117602599926, 28.624339800614663, 0.0 ], [ 77.431319416631297, 28.624384326358609, 0.0 ], [ 77.431450278075843, 28.624340564247955, 0.0 ], [ 77.431680726611333, 28.62425712419617, 0.0 ], [ 77.431804591315952, 28.624300396368191, 0.0 ], [ 77.431925533012389, 28.624233542013407, 0.0 ], [ 77.432067829132265, 28.62413951023504, 0.0 ], [ 77.432169322369106, 28.623755862565492, 0.0 ], [ 77.43251514703978, 28.623371557123573, 0.0 ], [ 77.433004483194082, 28.623085877768823, 0.0 ], [ 77.433310149570403, 28.622632123903522, 0.0 ], [ 77.433735429204646, 28.622175706020371, 0.0 ], [ 77.433977676618042, 28.622275918350116, 0.0 ], [ 77.434690628548339, 28.622489185938086, 0.0 ], [ 77.435445823368724, 28.622418755373907, 0.0 ], [ 77.436012429900543, 28.622418680234471, 0.0 ], [ 77.436457339266099, 28.622774409837547, 0.0 ], [ 77.436720940624767, 28.623099707419467, 0.0 ], [ 77.436913777449718, 28.62332754884995, 0.0 ], [ 77.437171997371678, 28.623409665897793, 0.0 ], [ 77.437399699098378, 28.623459187104309, 0.0 ], [ 77.437717538789144, 28.623423006446203, 0.0 ], [ 77.438074020891762, 28.623277366631282, 0.0 ], [ 77.438340083150322, 28.622978915044911, 0.0 ], [ 77.43902791024793, 28.622645947721633, 0.0 ], [ 77.439840544625369, 28.622310391057923, 0.0 ], [ 77.439924549319883, 28.622270471008967, 0.0 ], [ 77.440127772533799, 28.622498462477807, 0.0 ], [ 77.44150637573081, 28.623203968163445, 0.0 ], [ 77.442431761915344, 28.623957241444174, 0.0 ], [ 77.443340239537463, 28.624522187417984, 0.0 ], [ 77.443543116779438, 28.625020792100809, 0.0 ], [ 77.444836952336772, 28.626311996754247, 0.0 ], [ 77.445923323498278, 28.627581522980552, 0.0 ], [ 77.447030748877836, 28.628333090430406, 0.0 ], [ 77.449740560905937, 28.629784472955251, 0.0 ], [ 77.450558229174973, 28.630471757984555, 0.0 ], [ 77.452525935072089, 28.63287900956546, 0.0 ], [ 77.452823629410716, 28.633319482376574, 0.0 ], [ 77.453333306182913, 28.634070633818936, 0.0 ], [ 77.453348428414913, 28.634093808704254, 0.0 ], [ 77.455650150560174, 28.636951226928858, 0.0 ], [ 77.456592761209265, 28.637888136227801, 0.0 ], [ 77.458253413836175, 28.638033821769987, 0.0 ], [ 77.45952485610475, 28.637127568022457, 0.0 ], [ 77.464484503899754, 28.633560070805679, 0.0 ], [ 77.473564908985225, 28.627246057915357, 0.0 ], [ 77.47387309881438, 28.627172960980708, 0.0 ], [ 77.477550329377053, 28.627331989588978, 0.0 ], [ 77.477775358334625, 28.627514420581225, 0.0 ], [ 77.477690058202668, 28.62787541561821, 0.0 ], [ 77.477093799815449, 28.628310897303724, 0.0 ], [ 77.476931941712778, 28.628601882172003, 0.0 ], [ 77.477264336168616, 28.628873155976841, 0.0 ], [ 77.477957636365474, 28.629035464427975, 0.0 ], [ 77.478241693158012, 28.629127094036495, 0.0 ], [ 77.478301603081391, 28.630017837890193, 0.0 ], [ 77.478571351396809, 28.630558727463708, 0.0 ], [ 77.479905139459234, 28.631951165150429, 0.0 ], [ 77.480807713398576, 28.632818505582993, 0.0 ], [ 77.481322764367206, 28.633055957084995, 0.0 ], [ 77.48310603552541, 28.633517007584956, 0.0 ], [ 77.48317418219861, 28.633534626287311, 0.0 ], [ 77.483259686052833, 28.633556765669272, 0.0 ], [ 77.483494817623551, 28.633617650039543, 0.0 ], [ 77.485199988183226, 28.63361698897755, 0.0 ], [ 77.486121549293401, 28.634833173847035, 0.0 ], [ 77.485914232193522, 28.63531608418036, 0.0 ], [ 77.485994979349911, 28.63569345084224, 0.0 ], [ 77.486055216862553, 28.636056735686516, 0.0 ], [ 77.486179302658428, 28.636347640150472, 0.0 ], [ 77.487002677517253, 28.636507366762331, 0.0 ], [ 77.487800354224078, 28.636909770261003, 0.0 ], [ 77.489301515623197, 28.637488345208723, 0.0 ], [ 77.490347004425118, 28.637977188359798, 0.0 ], [ 77.49081653726266, 28.638411110147164, 0.0 ], [ 77.491372947124802, 28.638919781793913, 0.0 ], [ 77.495789924409038, 28.643667316915646, 0.0 ], [ 77.496589140181968, 28.644771425761636, 0.0 ], [ 77.497163677219703, 28.645931631225892, 0.0 ], [ 77.498124997529885, 28.647249243617171, 0.0 ], [ 77.498759899956937, 28.647736176026193, 0.0 ], [ 77.499897988978475, 28.648455995437214, 0.0 ], [ 77.500562601075757, 28.648826154733172, 0.0 ], [ 77.500795417090188, 28.648630013583769, 0.0 ], [ 77.50114849696098, 28.648348242980333, 0.0 ], [ 77.501424748798996, 28.648143147086582, 0.0 ], [ 77.502077100444168, 28.647705805329078, 0.0 ], [ 77.502691041517593, 28.64723914804809, 0.0 ], [ 77.50294938967626, 28.646993317823171, 0.0 ], [ 77.503251300066111, 28.646799535331628, 0.0 ], [ 77.503553166507544, 28.646519893408566, 0.0 ], [ 77.503780817300409, 28.646321555907981, 0.0 ], [ 77.50408270593897, 28.646102821102492, 0.0 ], [ 77.504379392307513, 28.645884188746564, 0.0 ], [ 77.504995896317084, 28.645480671994907, 0.0 ], [ 77.505379552791197, 28.645311644841129, 0.0 ], [ 77.505737638664328, 28.645111030436176, 0.0 ], [ 77.506026692524216, 28.644966758563537, 0.0 ], [ 77.506474217905804, 28.644754971372009, 0.0 ], [ 77.506875846866507, 28.644581359479325, 0.0 ], [ 77.507213380466652, 28.644394270918575, 0.0 ], [ 77.507591939274363, 28.644157646092037, 0.0 ], [ 77.508024206037646, 28.643939011733838, 0.0 ], [ 77.508308233263634, 28.643697699424518, 0.0 ], [ 77.508561407806582, 28.643449669453044, 0.0 ], [ 77.50950773450208, 28.643003485733988, 0.0 ], [ 77.510016775582343, 28.642730730259338, 0.0 ], [ 77.51066116519705, 28.642464760240685, 0.0 ], [ 77.510926329914298, 28.642354921629838, 0.0 ], [ 77.511003917500801, 28.642322782740621, 0.0 ], [ 77.511079260485033, 28.642376867392915, 0.0 ], [ 77.511359207193934, 28.64257782443913, 0.0 ], [ 77.51182691437414, 28.64294120431715, 0.0 ], [ 77.511399754512141, 28.64338310669859, 0.0 ], [ 77.511798534347804, 28.643662947563822, 0.0 ], [ 77.512079653016997, 28.643888669635302, 0.0 ], [ 77.51239150564119, 28.644116611796019, 0.0 ], [ 77.512667546935006, 28.644346748267651, 0.0 ], [ 77.512941027901945, 28.644590511902607, 0.0 ], [ 77.513265641551882, 28.644892860386644, 0.0 ], [ 77.513615779539364, 28.645177258748465, 0.0 ], [ 77.513907149515219, 28.645488627814586, 0.0 ], [ 77.514155131400685, 28.645739055013575, 0.0 ], [ 77.514464390481393, 28.646102344466012, 0.0 ], [ 77.514972972229501, 28.646648430254857, 0.0 ], [ 77.515443224002283, 28.647239599298658, 0.0 ], [ 77.515629732893913, 28.647465217628159, 0.0 ], [ 77.515918565293163, 28.647742786186306, 0.0 ], [ 77.516227878128348, 28.64805186026058, 0.0 ], [ 77.516808051012703, 28.648643082174214, 0.0 ], [ 77.517166000118223, 28.648891359554625, 0.0 ], [ 77.517467560012363, 28.649146373842431, 0.0 ], [ 77.517776944007096, 28.649358487603337, 0.0 ], [ 77.518035061436009, 28.64958640767377, 0.0 ], [ 77.518405905613562, 28.649428617318282, 0.0 ], [ 77.51870778233598, 28.649245997878111, 0.0 ], [ 77.519037654712378, 28.649155906950348, 0.0 ], [ 77.519275466588425, 28.64905189840777, 0.0 ], [ 77.519362533354482, 28.649013819593296, 0.0 ], [ 77.519429861009854, 28.649000985038761, 0.0 ], [ 77.51970511719145, 28.64894850879821, 0.0 ], [ 77.519973870766435, 28.648887548060799, 0.0 ], [ 77.520042726276046, 28.64887192917157, 0.0 ], [ 77.520403306166813, 28.64875928936139, 0.0 ], [ 77.520761379041232, 28.648626336943408, 0.0 ], [ 77.521111782280855, 28.648450427548923, 0.0 ], [ 77.521482587762506, 28.648299418090282, 0.0 ], [ 77.521868805096801, 28.648105533662719, 0.0 ], [ 77.522267731335461, 28.647936520362375, 0.0 ], [ 77.52374342867715, 28.647291802794896, 0.0 ], [ 77.52404522378724, 28.64717007927538, 0.0 ], [ 77.524341897124643, 28.647023508172808, 0.0 ], [ 77.52558226820706, 28.646414844229202, 0.0 ], [ 77.525968504408212, 28.646214162794067, 0.0 ], [ 77.526277889246785, 28.646160156457665, 0.0 ], [ 77.526534993080759, 28.645958625428566, 0.0 ], [ 77.526623194416572, 28.645889489797952, 0.0 ], [ 77.526685993054627, 28.645827444834367, 0.0 ], [ 77.52685601346478, 28.645659462654539, 0.0 ], [ 77.527029890289754, 28.645418156126386, 0.0 ], [ 77.527387961953593, 28.645174655315468, 0.0 ], [ 77.528027366000018, 28.644786815413884, 0.0 ], [ 77.528418646609182, 28.644556851632018, 0.0 ], [ 77.528781827296385, 28.644270497430629, 0.0 ], [ 77.529168047552034, 28.64398633242816, 0.0 ], [ 77.529607996276155, 28.643677406096646, 0.0 ], [ 77.529925060347225, 28.643440603030971, 0.0 ], [ 77.530293385845525, 28.643188080822167, 0.0 ], [ 77.530602811766528, 28.642953544012887, 0.0 ], [ 77.530843297746657, 28.642703263063353, 0.0 ], [ 77.531152736111153, 28.642473219958823, 0.0 ], [ 77.531462157212175, 28.642254457680977, 0.0 ], [ 77.531758846486682, 28.642037974647398, 0.0 ], [ 77.53322689464197, 28.64087661061863, 0.0 ], [ 77.533495383082894, 28.640671430628338, 0.0 ], [ 77.533995729896517, 28.640273343759258, 0.0 ], [ 77.534045267012019, 28.640233931267659, 0.0 ], [ 77.534150709070389, 28.640175895032513, 0.0 ], [ 77.534467241719582, 28.64000167349527, 0.0 ], [ 77.534776679651316, 28.639776209054915, 0.0 ], [ 77.535065590164479, 28.639552902875408, 0.0 ], [ 77.535349488008748, 28.639388318242204, 0.0 ], [ 77.535641010952347, 28.639153769425796, 0.0 ], [ 77.535242264511211, 28.638686765392602, 0.0 ], [ 77.535587495234225, 28.638470289636466, 0.0 ], [ 77.535925072072885, 28.638298918587619, 0.0 ], [ 77.536211430165054, 28.63817262045367, 0.0 ], [ 77.536531105847487, 28.638012529809508, 0.0 ], [ 77.536868695805083, 28.637829873218163, 0.0 ], [ 77.537162779581053, 28.637617926148611, 0.0 ], [ 77.537528400428343, 28.637374333215877, 0.0 ], [ 77.537871145687262, 28.637114976071043, 0.0 ], [ 77.538175432828325, 28.636860162084727, 0.0 ], [ 77.538482331698617, 28.636625659983626, 0.0 ], [ 77.53905786415352, 28.635436992263749, 0.0 ], [ 77.539418406959342, 28.635281377782551, 0.0 ], [ 77.53971497600989, 28.635100926094815, 0.0 ], [ 77.540318492432874, 28.634735595228992, 0.0 ], [ 77.540668856882462, 28.634458277729745, 0.0 ], [ 77.540944983879939, 28.634275583328371, 0.0 ], [ 77.541282483178293, 28.63411768232638, 0.0 ], [ 77.541622558890609, 28.634255375695325, 0.0 ], [ 77.541801515108617, 28.634023025437045, 0.0 ], [ 77.541911565723353, 28.633799796258725, 0.0 ], [ 77.54201847210112, 28.633578077946186, 0.0 ], [ 77.542049690042717, 28.633513338293987, 0.0 ], [ 77.542117959619844, 28.633579609329445, 0.0 ], [ 77.54240755685889, 28.633860724007526, 0.0 ], [ 77.542893204610365, 28.634381886373156, 0.0 ], [ 77.54347091823891, 28.634916571473909, 0.0 ], [ 77.544051294799573, 28.635453496429758, 0.0 ], [ 77.544278759753809, 28.635697142648148, 0.0 ], [ 77.545178643129219, 28.636387485545963, 0.0 ], [ 77.545774344917945, 28.636712374907084, 0.0 ], [ 77.546076022824977, 28.636899644041886, 0.0 ], [ 77.546482547496836, 28.63686360233562, 0.0 ], [ 77.546832808743261, 28.636838802666983, 0.0 ], [ 77.547134586084525, 28.636820871982941, 0.0 ], [ 77.547525665317607, 28.637409638004112, 0.0 ], [ 77.547832380336132, 28.638032238474402, 0.0 ], [ 77.547837469709393, 28.638327686479531, 0.0 ], [ 77.547494858733288, 28.638528451201672, 0.0 ], [ 77.547047334605352, 28.638697608111205, 0.0 ], [ 77.546727672383014, 28.638968254488173, 0.0 ], [ 77.546845292470977, 28.639288545736459, 0.0 ], [ 77.546967935486805, 28.639744215482835, 0.0 ], [ 77.54720064189766, 28.640028481423876, 0.0 ], [ 77.547341125966199, 28.640439017497538, 0.0 ], [ 77.547422905976518, 28.640784166950898, 0.0 ], [ 77.5474663797403, 28.641178903665011, 0.0 ], [ 77.547479088848192, 28.641530788849753, 0.0 ], [ 77.547558327137338, 28.641783434880047, 0.0 ], [ 77.547502067082675, 28.642078948005707, 0.0 ], [ 77.547146540151857, 28.642369865553157, 0.0 ], [ 77.546829455239347, 28.642699165016335, 0.0 ], [ 77.546980219263276, 28.643073625606366, 0.0 ], [ 77.547133684734249, 28.643416571711295, 0.0 ], [ 77.546893255742447, 28.643502223349863, 0.0 ], [ 77.546550629831572, 28.643671338012187, 0.0 ], [ 77.546269320468056, 28.643894688401414, 0.0 ], [ 77.54648918649319, 28.644192423687784, 0.0 ], [ 77.546783145549185, 28.644476710955928, 0.0 ], [ 77.54703376117584, 28.644733823156731, 0.0 ], [ 77.547220383954453, 28.644977476929519, 0.0 ], [ 77.547453041438544, 28.645243668726582, 0.0 ], [ 77.547603837934588, 28.645548230591274, 0.0 ], [ 77.547289300791974, 28.645911416304791, 0.0 ], [ 77.547087208900038, 28.646145981484128, 0.0 ], [ 77.546887762630249, 28.646473049091405, 0.0 ], [ 77.546639665257501, 28.646788821088148, 0.0 ], [ 77.546399278949494, 28.647109022255986, 0.0 ], [ 77.546158784372821, 28.647381980334927, 0.0 ], [ 77.5458876874373, 28.647693269608883, 0.0 ], [ 77.54532252630969, 28.648209730933203, 0.0 ], [ 77.545054010068696, 28.648469139135408, 0.0 ], [ 77.544764964524148, 28.648699154334796, 0.0 ], [ 77.544115401638692, 28.649339705185454, 0.0 ], [ 77.543875018308555, 28.649490754369243, 0.0 ], [ 77.543609030665479, 28.64965345230523, 0.0 ], [ 77.543557875250571, 28.649684743641714, 0.0 ], [ 77.543528606638134, 28.64971850886586, 0.0 ], [ 77.543284185133061, 28.650000482313249, 0.0 ], [ 77.542475965226473, 28.650875611009653, 0.0 ], [ 77.542061601606335, 28.651326682129405, 0.0 ], [ 77.541909269383552, 28.651610142552681, 0.0 ], [ 77.541874937866055, 28.651674026183397, 0.0 ], [ 77.541907769957518, 28.651686000206837, 0.0 ], [ 77.542419544950334, 28.651872650407093, 0.0 ], [ 77.543135539214461, 28.652202050765474, 0.0 ], [ 77.544815474741128, 28.652790995866638, 0.0 ], [ 77.545069567399409, 28.65286747736765, 0.0 ], [ 77.545152989730212, 28.65289258765559, 0.0 ], [ 77.545222612126608, 28.652889887778951, 0.0 ], [ 77.545559584623462, 28.652876821233459, 0.0 ], [ 77.546068558217542, 28.652658073862046, 0.0 ], [ 77.546137580149917, 28.652949086421479, 0.0 ] ] ] ] } },
{ "type": "Feature", "properties": { "DISTRICT": "GHAZIABAD", "DIST_LGD": "140", "STATE_UT": "UTTAR PRADESH" }, "geometry": { "type": "Polygon", "coordinates": [ [ [ 77.456929721491704, 28.926012280856593, 0.0 ], [ 77.458696845819333, 28.925352795688759, 0.0 ], [ 77.458087831857512, 28.923448216436697, 0.0 ], [ 77.458327481177207, 28.922915405976447, 0.0 ], [ 77.458832170454542, 28.922470646050929, 0.0 ], [ 77.459352473530359, 28.922193823965618, 0.0 ], [ 77.458414888845127, 28.921441102370153, 0.0 ], [ 77.459460296404686, 28.920652764814445, 0.0 ], [ 77.458876497224693, 28.920308118159074, 0.0 ], [ 77.459648269469923, 28.919850822426913, 0.0 ], [ 77.459109110548411, 28.919188266808238, 0.0 ], [ 77.458247764642266, 28.918436748922808, 0.0 ], [ 77.459005969946801, 28.917710930928461, 0.0 ], [ 77.458856824842144, 28.916618555307469, 0.0 ], [ 77.458873661792808, 28.915797123332464, 0.0 ], [ 77.459392061093212, 28.914681796746542, 0.0 ], [ 77.459816560167695, 28.91349790241749, 0.0 ], [ 77.460147849159924, 28.912211906054871, 0.0 ], [ 77.460267150073946, 28.911039933325515, 0.0 ], [ 77.460016901163371, 28.910231026000609, 0.0 ], [ 77.459593468974347, 28.909503218026206, 0.0 ], [ 77.458814236183358, 28.908467909869589, 0.0 ], [ 77.458044444577595, 28.907902295489414, 0.0 ], [ 77.457299357395499, 28.907991084131019, 0.0 ], [ 77.456800567379162, 28.908150859646351, 0.0 ], [ 77.456577563197101, 28.906844148062017, 0.0 ], [ 77.456562383494287, 28.906755197325385, 0.0 ], [ 77.457406848540742, 28.90646675445964, 0.0 ], [ 77.460060189594373, 28.906257316466785, 0.0 ], [ 77.462568997977868, 28.905659843209893, 0.0 ], [ 77.464581415136124, 28.905104779873859, 0.0 ], [ 77.466725118933127, 28.904652387012401, 0.0 ], [ 77.468812337795143, 28.90416553187444, 0.0 ], [ 77.4708042847884, 28.903677146174068, 0.0 ], [ 77.473064640220144, 28.903109121913026, 0.0 ], [ 77.474035911338049, 28.903141216715959, 0.0 ], [ 77.475038525044283, 28.902570088251608, 0.0 ], [ 77.475901628986477, 28.902298610271696, 0.0 ], [ 77.477311752014202, 28.902304062270257, 0.0 ], [ 77.47970438855117, 28.901788336257468, 0.0 ], [ 77.481634332960752, 28.901533615655826, 0.0 ], [ 77.48391263049048, 28.901016028879944, 0.0 ], [ 77.485463564144283, 28.899715580074314, 0.0 ], [ 77.486341238548832, 28.898723172574776, 0.0 ], [ 77.487390012337912, 28.897750212879021, 0.0 ], [ 77.48856838824419, 28.896963747029414, 0.0 ], [ 77.489723965500986, 28.896361383182398, 0.0 ], [ 77.491718077939638, 28.895755378003241, 0.0 ], [ 77.493116194198379, 28.895408335199416, 0.0 ], [ 77.493972171559548, 28.896427927671649, 0.0 ], [ 77.494787268626538, 28.896641921610982, 0.0 ], [ 77.496143656857015, 28.897417779311404, 0.0 ], [ 77.497523510272927, 28.897975984896306, 0.0 ], [ 77.498766309638739, 28.89929590376569, 0.0 ], [ 77.5004757067437, 28.900972881192899, 0.0 ], [ 77.500558457866191, 28.901054062439762, 0.0 ], [ 77.501133998682221, 28.901113837175057, 0.0 ], [ 77.502364575168826, 28.900425364713008, 0.0 ], [ 77.503116186039577, 28.899786813148552, 0.0 ], [ 77.504526638249672, 28.898795153265851, 0.0 ], [ 77.504857843269761, 28.898532575751464, 0.0 ], [ 77.505335636057922, 28.898540020888813, 0.0 ], [ 77.506076893604984, 28.898140331491664, 0.0 ], [ 77.506483940703347, 28.897888467761835, 0.0 ], [ 77.507026481232529, 28.897380509364261, 0.0 ], [ 77.507895688405185, 28.896829861295348, 0.0 ], [ 77.508869975925961, 28.896223392203826, 0.0 ], [ 77.508929819335521, 28.896186140345261, 0.0 ], [ 77.509993366520675, 28.895695811219486, 0.0 ], [ 77.511090851465525, 28.895139068459581, 0.0 ], [ 77.512001349158311, 28.89469420886001, 0.0 ], [ 77.512551737170355, 28.895268314775866, 0.0 ], [ 77.513047930576207, 28.894903112461776, 0.0 ], [ 77.51356732108124, 28.89446170527383, 0.0 ], [ 77.51413129137525, 28.893963588453886, 0.0 ], [ 77.514451440626473, 28.893710354676646, 0.0 ], [ 77.514806487427521, 28.893878436424924, 0.0 ], [ 77.515280899681741, 28.893512886559986, 0.0 ], [ 77.516019211309029, 28.893345542730955, 0.0 ], [ 77.51666754524615, 28.892973060417049, 0.0 ], [ 77.517063339692115, 28.8927400655718, 0.0 ], [ 77.517631230959609, 28.892586301207015, 0.0 ], [ 77.517964995858534, 28.892734973403755, 0.0 ], [ 77.518678866936298, 28.893434553178455, 0.0 ], [ 77.518904956173557, 28.893533691948541, 0.0 ], [ 77.519484243339889, 28.893273826129747, 0.0 ], [ 77.519744760367743, 28.893287397703947, 0.0 ], [ 77.520183431162053, 28.893619332610527, 0.0 ], [ 77.520407641774014, 28.893958397249467, 0.0 ], [ 77.520707036077056, 28.893512734609072, 0.0 ], [ 77.521312113678803, 28.8931300279087, 0.0 ], [ 77.522246622320054, 28.892570682934267, 0.0 ], [ 77.523072208533762, 28.89202881133118, 0.0 ], [ 77.523585708564866, 28.891629457440569, 0.0 ], [ 77.523774475181, 28.891421943449281, 0.0 ], [ 77.524119268767748, 28.891561145977803, 0.0 ], [ 77.524423023710881, 28.891585006416811, 0.0 ], [ 77.524874676806562, 28.891266848721013, 0.0 ], [ 77.525273310886334, 28.890890469829394, 0.0 ], [ 77.525756798180922, 28.890611037099781, 0.0 ], [ 77.526380562225924, 28.890381632892115, 0.0 ], [ 77.527154952778943, 28.890221488392108, 0.0 ], [ 77.527765404559901, 28.89011611688808, 0.0 ], [ 77.528482471663494, 28.889899331786101, 0.0 ], [ 77.528941997218098, 28.889734225245562, 0.0 ], [ 77.529259300136957, 28.889493530875118, 0.0 ], [ 77.529559680376281, 28.889265672876924, 0.0 ], [ 77.53001074210475, 28.888976098674952, 0.0 ], [ 77.530550101232492, 28.888621040609507, 0.0 ], [ 77.53089224579287, 28.888349038812265, 0.0 ], [ 77.53118791448172, 28.888229263295507, 0.0 ], [ 77.531526632168735, 28.888129313871318, 0.0 ], [ 77.531770305112033, 28.888439048853304, 0.0 ], [ 77.532162527191176, 28.888378159744239, 0.0 ], [ 77.532784557217056, 28.888234710834773, 0.0 ], [ 77.533425779063975, 28.888215891042172, 0.0 ], [ 77.533576512226688, 28.88828514903788, 0.0 ], [ 77.533708324447858, 28.888755820435978, 0.0 ], [ 77.53413746714206, 28.888829181816305, 0.0 ], [ 77.534832678364268, 28.888830351710528, 0.0 ], [ 77.535575969447777, 28.888593124368853, 0.0 ], [ 77.536375713265244, 28.888251682014523, 0.0 ], [ 77.536816405317978, 28.887942856837672, 0.0 ], [ 77.537007052143565, 28.888184832371426, 0.0 ], [ 77.537587376663836, 28.889044848280296, 0.0 ], [ 77.537689934152041, 28.889352495335526, 0.0 ], [ 77.538346271166787, 28.889123545499672, 0.0 ], [ 77.539164175338371, 28.888706722743148, 0.0 ], [ 77.539448264764843, 28.889170101014891, 0.0 ], [ 77.539445229701656, 28.88932308859728, 0.0 ], [ 77.540272260697606, 28.889249697112714, 0.0 ], [ 77.541613059386819, 28.889012084352625, 0.0 ], [ 77.541752104013526, 28.889119390599987, 0.0 ], [ 77.54218315530396, 28.889843225171088, 0.0 ], [ 77.542783411901453, 28.889699496127704, 0.0 ], [ 77.543139708252582, 28.889600710131699, 0.0 ], [ 77.543479974791822, 28.889969306806726, 0.0 ], [ 77.543966393839568, 28.891191323486009, 0.0 ], [ 77.544702109920166, 28.892436230843263, 0.0 ], [ 77.545206848808732, 28.893275980767605, 0.0 ], [ 77.545912996742501, 28.894268364113419, 0.0 ], [ 77.546499808873733, 28.895357940999514, 0.0 ], [ 77.547046386589699, 28.895184674925879, 0.0 ], [ 77.548076606199032, 28.894722283142865, 0.0 ], [ 77.548524344848104, 28.894604805067409, 0.0 ], [ 77.549165470998048, 28.895140562423435, 0.0 ], [ 77.550369642467174, 28.896325669171869, 0.0 ], [ 77.550743768438281, 28.896548700139373, 0.0 ], [ 77.550977441180649, 28.89626537221077, 0.0 ], [ 77.551412853169282, 28.895669528165126, 0.0 ], [ 77.551833652603321, 28.895264727548643, 0.0 ], [ 77.552319738203394, 28.89485138702133, 0.0 ], [ 77.553714134657184, 28.893937352395564, 0.0 ], [ 77.554915430654987, 28.893066384369011, 0.0 ], [ 77.555652964293202, 28.892570774595768, 0.0 ], [ 77.556340968682704, 28.892182600146171, 0.0 ], [ 77.556974388517745, 28.892010533623445, 0.0 ], [ 77.557830245114062, 28.891574116908849, 0.0 ], [ 77.55850397535778, 28.891010676455092, 0.0 ], [ 77.559189663165512, 28.890389922481319, 0.0 ], [ 77.559332676275091, 28.890296467571247, 0.0 ], [ 77.560029513239783, 28.89076609842353, 0.0 ], [ 77.560777007764528, 28.890318477680154, 0.0 ], [ 77.562139016159264, 28.889328958699686, 0.0 ], [ 77.562952154941584, 28.888853627096669, 0.0 ], [ 77.563662332422879, 28.888644465643395, 0.0 ], [ 77.564545296836357, 28.888485792249142, 0.0 ], [ 77.565212413487771, 28.888256805080808, 0.0 ], [ 77.565985614096974, 28.888153855194378, 0.0 ], [ 77.567627419791464, 28.88786430095923, 0.0 ], [ 77.568717265572317, 28.88768004836059, 0.0 ], [ 77.569241074045536, 28.887554131039224, 0.0 ], [ 77.570038097368894, 28.8873462598701, 0.0 ], [ 77.57068099436394, 28.8872412165992, 0.0 ], [ 77.571416797787492, 28.887148124906894, 0.0 ], [ 77.572319159417816, 28.887104502311931, 0.0 ], [ 77.573087588018282, 28.887250023078984, 0.0 ], [ 77.573970891049697, 28.887626786321714, 0.0 ], [ 77.575023358592247, 28.88824514801793, 0.0 ], [ 77.576155683586492, 28.889218642422527, 0.0 ], [ 77.576775982970659, 28.889715740924711, 0.0 ], [ 77.577985890109176, 28.890372405880207, 0.0 ], [ 77.579479648221408, 28.891198306853592, 0.0 ], [ 77.580552531708889, 28.891883962696149, 0.0 ], [ 77.581469102167475, 28.892545059616573, 0.0 ], [ 77.582050105376624, 28.892831201219611, 0.0 ], [ 77.582615040471211, 28.892830103786796, 0.0 ], [ 77.583041156365368, 28.892702667009701, 0.0 ], [ 77.584184139504714, 28.892021870249604, 0.0 ], [ 77.585130677415506, 28.8913858726164, 0.0 ], [ 77.585810639151347, 28.890929324230154, 0.0 ], [ 77.586204731398738, 28.890589221866076, 0.0 ], [ 77.586723958272799, 28.889766871813347, 0.0 ], [ 77.586876127876039, 28.888650249910885, 0.0 ], [ 77.586806563779149, 28.887759879735704, 0.0 ], [ 77.586771172460587, 28.886783833807485, 0.0 ], [ 77.586628789884031, 28.885170469278712, 0.0 ], [ 77.586450331996957, 28.884297524846453, 0.0 ], [ 77.586439914108212, 28.883714020446515, 0.0 ], [ 77.586504967417341, 28.883160350469257, 0.0 ], [ 77.58657835195595, 28.88274067867308, 0.0 ], [ 77.586793415730313, 28.882294441879395, 0.0 ], [ 77.587513418846527, 28.880997658831681, 0.0 ], [ 77.588073637239077, 28.880116676150703, 0.0 ], [ 77.589498910990599, 28.878240089410923, 0.0 ], [ 77.590450086685408, 28.87680078957386, 0.0 ], [ 77.59100915047145, 28.875977173900193, 0.0 ], [ 77.591591809714686, 28.875531414209011, 0.0 ], [ 77.59216305652123, 28.875195696307348, 0.0 ], [ 77.5928738485227, 28.87494817539234, 0.0 ], [ 77.59390668789203, 28.874896765163019, 0.0 ], [ 77.594546346659044, 28.874954242090578, 0.0 ], [ 77.595040072161183, 28.875258106286726, 0.0 ], [ 77.595482217035922, 28.8754177850345, 0.0 ], [ 77.595974196580926, 28.875252972742832, 0.0 ], [ 77.596404955557048, 28.875441178019116, 0.0 ], [ 77.596657134583225, 28.875598459044433, 0.0 ], [ 77.596938253351283, 28.87566008015494, 0.0 ], [ 77.597145303098031, 28.875624951481512, 0.0 ], [ 77.597614879844897, 28.875498034138403, 0.0 ], [ 77.598015265383879, 28.875571070377728, 0.0 ], [ 77.598906535433088, 28.876100767808218, 0.0 ], [ 77.599953644012231, 28.876432078707875, 0.0 ], [ 77.60072906702446, 28.876768848109865, 0.0 ], [ 77.601368287753473, 28.876854990863656, 0.0 ], [ 77.602637244421601, 28.876386279744644, 0.0 ], [ 77.603558767219795, 28.875912266939746, 0.0 ], [ 77.604828683425055, 28.875587145337338, 0.0 ], [ 77.605546326973908, 28.875550016155611, 0.0 ], [ 77.606098770345241, 28.875625215121442, 0.0 ], [ 77.606622540107566, 28.876063456258855, 0.0 ], [ 77.607618816407452, 28.877340600949541, 0.0 ], [ 77.608233834994905, 28.878114880045143, 0.0 ], [ 77.608934887001652, 28.877809742880711, 0.0 ], [ 77.610122494493268, 28.877052850107994, 0.0 ], [ 77.611156744440407, 28.876360687767502, 0.0 ], [ 77.612604203749925, 28.875399966665704, 0.0 ], [ 77.613435571191971, 28.876225226139724, 0.0 ], [ 77.614264088252838, 28.877193846568943, 0.0 ], [ 77.615355461061242, 28.878498029911679, 0.0 ], [ 77.615706741950092, 28.878866642098391, 0.0 ], [ 77.616176940918351, 28.87870153610239, 0.0 ], [ 77.617081155418745, 28.879690429450484, 0.0 ], [ 77.618076229470532, 28.88094501582863, 0.0 ], [ 77.618720807947966, 28.880753797010705, 0.0 ], [ 77.619988822207063, 28.880332711438829, 0.0 ], [ 77.621146182908859, 28.880015233442276, 0.0 ], [ 77.621679899488299, 28.879840693432197, 0.0 ], [ 77.622703879324902, 28.87974192739598, 0.0 ], [ 77.623994410052504, 28.879840858392036, 0.0 ], [ 77.625615182615903, 28.879782196892805, 0.0 ], [ 77.627001307895384, 28.879720041356418, 0.0 ], [ 77.628291222536774, 28.879780509326512, 0.0 ], [ 77.630145556895016, 28.879787246782769, 0.0 ], [ 77.632283376658421, 28.879694817045696, 0.0 ], [ 77.633291281569129, 28.879771796294403, 0.0 ], [ 77.634207614415274, 28.879723264006167, 0.0 ], [ 77.634921444991448, 28.87979937049759, 0.0 ], [ 77.635788152200789, 28.879894879331044, 0.0 ], [ 77.636349019349012, 28.880027312423593, 0.0 ], [ 77.637012000095766, 28.879726902708754, 0.0 ], [ 77.637820903075109, 28.879159800102315, 0.0 ], [ 77.638057123029881, 28.879080578367201, 0.0 ], [ 77.638289800245602, 28.879187348328657, 0.0 ], [ 77.638600462102104, 28.878902456370444, 0.0 ], [ 77.639108849502861, 28.879323581155173, 0.0 ], [ 77.639794073451, 28.879085472005986, 0.0 ], [ 77.64039748259043, 28.87944591684559, 0.0 ], [ 77.641450633793895, 28.880847002825014, 0.0 ], [ 77.64230938308404, 28.881887799073414, 0.0 ], [ 77.643522460871537, 28.880483324995836, 0.0 ], [ 77.643803102769908, 28.880769135190079, 0.0 ], [ 77.645132829598268, 28.879869481260272, 0.0 ], [ 77.645963854877877, 28.879265618949042, 0.0 ], [ 77.646441945713278, 28.878902026444941, 0.0 ], [ 77.647058531486721, 28.879222386754641, 0.0 ], [ 77.64763500840219, 28.878993648704689, 0.0 ], [ 77.64861779184433, 28.878637464256919, 0.0 ], [ 77.64923306377149, 28.878142463770157, 0.0 ], [ 77.649864713411233, 28.877662464498716, 0.0 ], [ 77.650417240916354, 28.877438040701794, 0.0 ], [ 77.650861111659523, 28.877103548625961, 0.0 ], [ 77.651624602897883, 28.876773834795898, 0.0 ], [ 77.652187836690487, 28.87635214699268, 0.0 ], [ 77.651401726257177, 28.875213890667151, 0.0 ], [ 77.652472160797899, 28.874666227185774, 0.0 ], [ 77.65320143826969, 28.874194703757752, 0.0 ], [ 77.654291633153292, 28.873499049120063, 0.0 ], [ 77.65354853314652, 28.872746907573966, 0.0 ], [ 77.652344153879497, 28.871483957347479, 0.0 ], [ 77.652100040753709, 28.871249583558594, 0.0 ], [ 77.652976745841556, 28.870269119465405, 0.0 ], [ 77.653323819050954, 28.870600454240158, 0.0 ], [ 77.653802698822332, 28.870192283707699, 0.0 ], [ 77.653032538644368, 28.869098727885874, 0.0 ], [ 77.654352237002584, 28.868443659819622, 0.0 ], [ 77.655217417982385, 28.868070852039047, 0.0 ], [ 77.655790809826584, 28.868894686739441, 0.0 ], [ 77.656366104526185, 28.868725132192658, 0.0 ], [ 77.656613672013009, 28.868980823988672, 0.0 ], [ 77.65717377362283, 28.86872219172843, 0.0 ], [ 77.657270870382291, 28.868931117423376, 0.0 ], [ 77.658284103814751, 28.868738437662728, 0.0 ], [ 77.65914044252554, 28.868518976322189, 0.0 ], [ 77.659838857302745, 28.86844326987918, 0.0 ], [ 77.659951946127208, 28.86857219466442, 0.0 ], [ 77.661172633944943, 28.868182820114004, 0.0 ], [ 77.66113227194306, 28.868793097443746, 0.0 ], [ 77.662309244442028, 28.869192103604369, 0.0 ], [ 77.662712077704725, 28.869274275345763, 0.0 ], [ 77.663291176799476, 28.869206440177816, 0.0 ], [ 77.664044523008329, 28.869090164432475, 0.0 ], [ 77.664999628924008, 28.870529480036694, 0.0 ], [ 77.666039967371646, 28.872046319850647, 0.0 ], [ 77.666966853453545, 28.873459807302019, 0.0 ], [ 77.667614386945388, 28.874069009426279, 0.0 ], [ 77.668474166867668, 28.874437853440725, 0.0 ], [ 77.669297824918672, 28.875188067499892, 0.0 ], [ 77.669495293625047, 28.875445390536381, 0.0 ], [ 77.670529341555664, 28.875765870275352, 0.0 ], [ 77.671517914547039, 28.876228263694738, 0.0 ], [ 77.673100241845546, 28.876582097581096, 0.0 ], [ 77.674020242063577, 28.876824515945259, 0.0 ], [ 77.675722475653231, 28.876951108623413, 0.0 ], [ 77.677482887979451, 28.87705303680842, 0.0 ], [ 77.6791572336451, 28.877128208054479, 0.0 ], [ 77.680168182369314, 28.877142860695653, 0.0 ], [ 77.680751964619773, 28.87682039977064, 0.0 ], [ 77.681406441115271, 28.875078912834162, 0.0 ], [ 77.681849669862729, 28.874550852782185, 0.0 ], [ 77.682952000549406, 28.874312271441486, 0.0 ], [ 77.68483415560793, 28.874084961618841, 0.0 ], [ 77.685562832132362, 28.87373917784441, 0.0 ], [ 77.686623960191696, 28.872609084109886, 0.0 ], [ 77.686776486299436, 28.872055076290845, 0.0 ], [ 77.686887322017981, 28.870882083887626, 0.0 ], [ 77.686924236784776, 28.870449915428004, 0.0 ], [ 77.687243785560085, 28.868664394784215, 0.0 ], [ 77.687342383762839, 28.86647689862291, 0.0 ], [ 77.687454171081768, 28.865129414815225, 0.0 ], [ 77.687417248941188, 28.86400892438467, 0.0 ], [ 77.687257251079274, 28.863293962222791, 0.0 ], [ 77.687160263827678, 28.86231692764698, 0.0 ], [ 77.687314661350115, 28.861784577080659, 0.0 ], [ 77.687932044110013, 28.861208115602746, 0.0 ], [ 77.688811707415155, 28.860508073261865, 0.0 ], [ 77.689771837772298, 28.860140115123176, 0.0 ], [ 77.690450783292192, 28.85936087482774, 0.0 ], [ 77.691303469201671, 28.858558646079299, 0.0 ], [ 77.69191655584396, 28.858211159366359, 0.0 ], [ 77.693137563253799, 28.858039869184879, 0.0 ], [ 77.693577369899813, 28.857689877963967, 0.0 ], [ 77.695351706586891, 28.857028177912902, 0.0 ], [ 77.696576893716042, 28.856384047453126, 0.0 ], [ 77.697573945471305, 28.855583858312851, 0.0 ], [ 77.699488351715729, 28.853600493564834, 0.0 ], [ 77.699902007034765, 28.853097434172888, 0.0 ], [ 77.699802040705961, 28.850703274018709, 0.0 ], [ 77.699666443191319, 28.84875928176379, 0.0 ], [ 77.699692940837224, 28.847897528203614, 0.0 ], [ 77.699068453586008, 28.846999274316339, 0.0 ], [ 77.698422475485629, 28.845985535990817, 0.0 ], [ 77.697847250707568, 28.845189307227713, 0.0 ], [ 77.696909691067788, 28.843888936328536, 0.0 ], [ 77.696748178313243, 28.84363545245229, 0.0 ], [ 77.695702775198157, 28.843034547830353, 0.0 ], [ 77.694743756618806, 28.842459546875197, 0.0 ], [ 77.695691417289936, 28.841290933071935, 0.0 ], [ 77.696115169441043, 28.840646528366658, 0.0 ], [ 77.696865494140113, 28.839234448227224, 0.0 ], [ 77.697554812747498, 28.837915657728512, 0.0 ], [ 77.697849759993744, 28.837375854199461, 0.0 ], [ 77.698161025474889, 28.836551283964617, 0.0 ], [ 77.698132016559086, 28.836195167387878, 0.0 ], [ 77.697786207855998, 28.834997466632156, 0.0 ], [ 77.697786760176442, 28.834327889619118, 0.0 ], [ 77.697634632049187, 28.833630988392102, 0.0 ], [ 77.697487521315679, 28.83324181024739, 0.0 ], [ 77.696270702054363, 28.831611220032411, 0.0 ], [ 77.6957498009765, 28.830729005692927, 0.0 ], [ 77.695146678352089, 28.829565032651928, 0.0 ], [ 77.69459896112609, 28.828445864623323, 0.0 ], [ 77.693794764058154, 28.827009416691496, 0.0 ], [ 77.693372193808955, 28.826216625898635, 0.0 ], [ 77.692246937883368, 28.824241897934073, 0.0 ], [ 77.692030899687452, 28.823765661438703, 0.0 ], [ 77.692634747249215, 28.823207721774917, 0.0 ], [ 77.693554536523351, 28.822456284447952, 0.0 ], [ 77.694548543857749, 28.821744418546913, 0.0 ], [ 77.695295194433584, 28.821232537019622, 0.0 ], [ 77.696446638969022, 28.820451407858542, 0.0 ], [ 77.697795549833089, 28.819464056210421, 0.0 ], [ 77.698727055633555, 28.818751262956955, 0.0 ], [ 77.700057091583488, 28.817769119635678, 0.0 ], [ 77.70110631249085, 28.817107515635893, 0.0 ], [ 77.701919975036333, 28.81668458727264, 0.0 ], [ 77.703091938247539, 28.816140264552939, 0.0 ], [ 77.704490035842923, 28.815527658266276, 0.0 ], [ 77.705113173882609, 28.815272525300102, 0.0 ], [ 77.704637152023793, 28.814666033836801, 0.0 ], [ 77.705443074704789, 28.813984403817411, 0.0 ], [ 77.705923789196447, 28.813661207104357, 0.0 ], [ 77.70568501707767, 28.813399212807116, 0.0 ], [ 77.70636739487675, 28.812979877949246, 0.0 ], [ 77.706778291238479, 28.812716193963002, 0.0 ], [ 77.707125112693348, 28.812539615103343, 0.0 ], [ 77.707425473819214, 28.812510909345171, 0.0 ], [ 77.707799758889905, 28.812538278028153, 0.0 ], [ 77.708507103220398, 28.81279597934796, 0.0 ], [ 77.708921448063222, 28.81302197329136, 0.0 ], [ 77.709206885922384, 28.813125087371954, 0.0 ], [ 77.709419211259629, 28.813128127016022, 0.0 ], [ 77.709527810110416, 28.812997646082785, 0.0 ], [ 77.709229222544593, 28.81259176097663, 0.0 ], [ 77.708807059329658, 28.81211258571296, 0.0 ], [ 77.70847907924049, 28.81160724847383, 0.0 ], [ 77.708067329089147, 28.811579345410941, 0.0 ], [ 77.707859068450972, 28.811356300955566, 0.0 ], [ 77.708089365573102, 28.81106251709506, 0.0 ], [ 77.707770732246459, 28.810727861021284, 0.0 ], [ 77.707575369845841, 28.810482994901541, 0.0 ], [ 77.707388129335101, 28.810474809213993, 0.0 ], [ 77.707242522991777, 28.810241658144033, 0.0 ], [ 77.70721333159797, 28.810131209792125, 0.0 ], [ 77.707334520531546, 28.8099954071177, 0.0 ], [ 77.707804656411511, 28.809567521589507, 0.0 ], [ 77.707683317457409, 28.809373229677252, 0.0 ], [ 77.707892744764564, 28.80919467927929, 0.0 ], [ 77.707754757258598, 28.808549020963923, 0.0 ], [ 77.707393238816167, 28.807493043145094, 0.0 ], [ 77.70728743973298, 28.807133925436094, 0.0 ], [ 77.70746462451045, 28.80700992899704, 0.0 ], [ 77.707374770164478, 28.806463985031623, 0.0 ], [ 77.707251310236629, 28.805708499895811, 0.0 ], [ 77.70720004038732, 28.805102591030355, 0.0 ], [ 77.707167054040923, 28.804183353584101, 0.0 ], [ 77.70710827593193, 28.803307757109351, 0.0 ], [ 77.706834696671478, 28.802902219145576, 0.0 ], [ 77.70738115998877, 28.802398400981051, 0.0 ], [ 77.707600680967829, 28.802010932679625, 0.0 ], [ 77.707720264077849, 28.801792581897161, 0.0 ], [ 77.707764534902964, 28.801424608291313, 0.0 ], [ 77.707610005769254, 28.80099876854965, 0.0 ], [ 77.707442784583449, 28.800583750872548, 0.0 ], [ 77.707961720017636, 28.800217076367868, 0.0 ], [ 77.708605739953967, 28.799841187621663, 0.0 ], [ 77.70874425593577, 28.799612103047735, 0.0 ], [ 77.708484107260276, 28.798986693073157, 0.0 ], [ 77.708217994722702, 28.798515240105086, 0.0 ], [ 77.707551963239268, 28.797377859723543, 0.0 ], [ 77.70730367634809, 28.796956175132436, 0.0 ], [ 77.707022083991205, 28.796985149023236, 0.0 ], [ 77.706424393273281, 28.79620634941935, 0.0 ], [ 77.706137428584427, 28.795850127333939, 0.0 ], [ 77.705822195009929, 28.795333951441844, 0.0 ], [ 77.705356904849211, 28.794826625216334, 0.0 ], [ 77.705035400669104, 28.794480908342795, 0.0 ], [ 77.705400630632312, 28.794150545373927, 0.0 ], [ 77.705551153881061, 28.793778590767477, 0.0 ], [ 77.705699745331245, 28.793511137848412, 0.0 ], [ 77.705871380455633, 28.793348548685998, 0.0 ], [ 77.70609839660591, 28.793230767402466, 0.0 ], [ 77.706206981554601, 28.79310028355625, 0.0 ], [ 77.706356079018363, 28.792805330128797, 0.0 ], [ 77.706425936594144, 28.792404708302524, 0.0 ], [ 77.706553919235787, 28.791900386988878, 0.0 ], [ 77.706782105845235, 28.791380996035411, 0.0 ], [ 77.707011408383977, 28.790801102238422, 0.0 ], [ 77.707305427272715, 28.790436701908174, 0.0 ], [ 77.707618277175499, 28.790067068452714, 0.0 ], [ 77.707736427524765, 28.789925717260772, 0.0 ], [ 77.707988335287254, 28.789643236373447, 0.0 ], [ 77.707642195876588, 28.789110111543344, 0.0 ], [ 77.707189713027859, 28.788586463680666, 0.0 ], [ 77.706226941090264, 28.787626361804435, 0.0 ], [ 77.705693811018818, 28.787074043449632, 0.0 ], [ 77.705148505503786, 28.786505040975804, 0.0 ], [ 77.704915664407494, 28.786600731787523, 0.0 ], [ 77.704138755919885, 28.787073737444185, 0.0 ], [ 77.703868553372786, 28.787163387946389, 0.0 ], [ 77.703659526056782, 28.786984331622236, 0.0 ], [ 77.703237370702567, 28.786510621574834, 0.0 ], [ 77.702721565997948, 28.786035564728984, 0.0 ], [ 77.702567105676422, 28.78594531904707, 0.0 ], [ 77.702039595468705, 28.786102793180909, 0.0 ], [ 77.701559221777003, 28.785738276634589, 0.0 ], [ 77.700576256620394, 28.784860371497398, 0.0 ], [ 77.699696589153689, 28.784137993946619, 0.0 ], [ 77.698670762532842, 28.783215444295934, 0.0 ], [ 77.698057441219802, 28.782612425669633, 0.0 ], [ 77.696923544864532, 28.781457230314075, 0.0 ], [ 77.696326809020931, 28.780634368461293, 0.0 ], [ 77.695644514225833, 28.779711238619367, 0.0 ], [ 77.695294253292772, 28.779067981287692, 0.0 ], [ 77.694941955151705, 28.778534727967667, 0.0 ], [ 77.694437575928845, 28.778120322357971, 0.0 ], [ 77.693844367937842, 28.777781660573659, 0.0 ], [ 77.693387283716504, 28.777510981022136, 0.0 ], [ 77.692810452103075, 28.776963479377329, 0.0 ], [ 77.692381003645636, 28.776550148070939, 0.0 ], [ 77.692122682059477, 28.776337349723192, 0.0 ], [ 77.691852283098456, 28.776102369472458, 0.0 ], [ 77.691313335564189, 28.775952918235625, 0.0 ], [ 77.690860767274287, 28.775691924067207, 0.0 ], [ 77.69059139652002, 28.775401938035426, 0.0 ], [ 77.690685550287967, 28.775040173775022, 0.0 ], [ 77.690039352972846, 28.774614076733616, 0.0 ], [ 77.688145380093431, 28.775300578424549, 0.0 ], [ 77.686862591249081, 28.77577719709749, 0.0 ], [ 77.685982216476376, 28.776105577840081, 0.0 ], [ 77.685604354966344, 28.776276170450345, 0.0 ], [ 77.685024264238507, 28.776324168021283, 0.0 ], [ 77.684575840358605, 28.775171915064558, 0.0 ], [ 77.684760695872754, 28.774635407441146, 0.0 ], [ 77.684653861686357, 28.774336759044946, 0.0 ], [ 77.684163456680949, 28.773845493341653, 0.0 ], [ 77.68362352398195, 28.773331501939634, 0.0 ], [ 77.683162615256435, 28.772598575638508, 0.0 ], [ 77.682937089744357, 28.771968092125071, 0.0 ], [ 77.682943659814768, 28.771616066831182, 0.0 ], [ 77.683059725664535, 28.771419679743207, 0.0 ], [ 77.683524564095393, 28.771272360234448, 0.0 ], [ 77.684004554510452, 28.770982208369237, 0.0 ], [ 77.68441250199254, 28.770536959754619, 0.0 ], [ 77.684454267716376, 28.770306483928341, 0.0 ], [ 77.684270883945345, 28.770094755564187, 0.0 ], [ 77.6842506327595, 28.769841374113362, 0.0 ], [ 77.684354414408503, 28.769633804458362, 0.0 ], [ 77.684620505138255, 28.769428584204483, 0.0 ], [ 77.684725515910074, 28.769155008147745, 0.0 ], [ 77.684785303970614, 28.768627688457556, 0.0 ], [ 77.684695678678935, 28.768076198329158, 0.0 ], [ 77.68455283226784, 28.767699998804094, 0.0 ], [ 77.68424480587386, 28.767475461157595, 0.0 ], [ 77.683742707246878, 28.767110565418697, 0.0 ], [ 77.683230878071043, 28.76693259038878, 0.0 ], [ 77.682936368063878, 28.76665322578506, 0.0 ], [ 77.682211455447984, 28.76601549899932, 0.0 ], [ 77.681806433356968, 28.765635495710676, 0.0 ], [ 77.681406550563565, 28.764980467932705, 0.0 ], [ 77.681118829672712, 28.764338067551282, 0.0 ], [ 77.68081328514964, 28.763981510854435, 0.0 ], [ 77.680285276526931, 28.763500683858467, 0.0 ], [ 77.679602821012651, 28.762764521135512, 0.0 ], [ 77.680321807638876, 28.762213749414613, 0.0 ], [ 77.681575449328193, 28.761285586867729, 0.0 ], [ 77.68234870839018, 28.760669568115127, 0.0 ], [ 77.682654598024669, 28.760338379237503, 0.0 ], [ 77.682797469220958, 28.760043341550514, 0.0 ], [ 77.682790835709028, 28.759729630823273, 0.0 ], [ 77.682589072535009, 28.759165502598023, 0.0 ], [ 77.682390884144397, 28.758744476921287, 0.0 ], [ 77.68227731515158, 28.758473231654182, 0.0 ], [ 77.682280394868812, 28.758308216065593, 0.0 ], [ 77.682422136115022, 28.758073683806845, 0.0 ], [ 77.682770582888935, 28.757803631850965, 0.0 ], [ 77.683520780610991, 28.757418355714602, 0.0 ], [ 77.683667117085932, 28.757271920615956, 0.0 ], [ 77.683700482843633, 28.757156861665734, 0.0 ], [ 77.683665903189947, 28.757002304445056, 0.0 ], [ 77.68329263074547, 28.756595247663814, 0.0 ], [ 77.683151937369857, 28.756439152458167, 0.0 ], [ 77.68311674372103, 28.75631759818376, 0.0 ], [ 77.683252443736293, 28.756071972575622, 0.0 ], [ 77.683665663926348, 28.755676310443778, 0.0 ], [ 77.684106516772559, 28.755137992266096, 0.0 ], [ 77.684191150179217, 28.754952148394757, 0.0 ], [ 77.68417478327676, 28.754825364133602, 0.0 ], [ 77.684048216750995, 28.754581440635359, 0.0 ], [ 77.683547051205764, 28.754001967797471, 0.0 ], [ 77.683438903405005, 28.753774816487606, 0.0 ], [ 77.683808114917412, 28.753395020158464, 0.0 ], [ 77.684516332223481, 28.752915594481379, 0.0 ], [ 77.685140221630775, 28.752605506919796, 0.0 ], [ 77.685796546562898, 28.752229862542293, 0.0 ], [ 77.685993118532679, 28.7520676443031, 0.0 ], [ 77.686199517259681, 28.751712997300508, 0.0 ], [ 77.686252731055333, 28.751537700153499, 0.0 ], [ 77.686571481569544, 28.751184678435767, 0.0 ], [ 77.687304642170474, 28.750705597233797, 0.0 ], [ 77.688030428993159, 28.750286930722815, 0.0 ], [ 77.688266081713579, 28.750037242426032, 0.0 ], [ 77.68906394197441, 28.749405080477434, 0.0 ], [ 77.688925840364405, 28.749268688955151, 0.0 ], [ 77.689424879578439, 28.748752134719762, 0.0 ], [ 77.689808807164965, 28.74830324915964, 0.0 ], [ 77.690054542772629, 28.748066422747446, 0.0 ], [ 77.689859966271442, 28.747606243325645, 0.0 ], [ 77.689788368059055, 28.74719791528636, 0.0 ], [ 77.689662945640322, 28.746796422066364, 0.0 ], [ 77.689429965756247, 28.746370169820192, 0.0 ], [ 77.689250780349099, 28.746011461852483, 0.0 ], [ 77.689463227454169, 28.74581294855161, 0.0 ], [ 77.689826718986367, 28.745567092342466, 0.0 ], [ 77.689788306851739, 28.745506190626021, 0.0 ], [ 77.68950416526711, 28.745262624428314, 0.0 ], [ 77.688823366171789, 28.744687376953095, 0.0 ], [ 77.689882983406406, 28.743694860870018, 0.0 ], [ 77.69014397115788, 28.743415147330587, 0.0 ], [ 77.689862495170715, 28.743324962687428, 0.0 ], [ 77.689442711865027, 28.743302388232884, 0.0 ], [ 77.689033165996079, 28.743428719239489, 0.0 ], [ 77.688528960879609, 28.74383248716893, 0.0 ], [ 77.687822597515975, 28.743239255457407, 0.0 ], [ 77.687090593244008, 28.743419705645739, 0.0 ], [ 77.686251089120688, 28.742661842738134, 0.0 ], [ 77.685572853447397, 28.742118165767327, 0.0 ], [ 77.684672010357716, 28.741157268566177, 0.0 ], [ 77.684385324267325, 28.740721881801274, 0.0 ], [ 77.683917042817569, 28.73993012598304, 0.0 ], [ 77.683551100687126, 28.739548891391006, 0.0 ], [ 77.682698791321357, 28.738660127457496, 0.0 ], [ 77.682435245511144, 28.738278997231124, 0.0 ], [ 77.682217693452301, 28.737931550968156, 0.0 ], [ 77.682110275087183, 28.737381179420236, 0.0 ], [ 77.682248503204747, 28.736693221370984, 0.0 ], [ 77.682752689201862, 28.735838328166089, 0.0 ], [ 77.683256873561561, 28.735256372434279, 0.0 ], [ 77.683267172276246, 28.734642863812496, 0.0 ], [ 77.682998401350019, 28.734123993635382, 0.0 ], [ 77.682279354430079, 28.733266865236175, 0.0 ], [ 77.682136042137714, 28.732917190710005, 0.0 ], [ 77.682136078033423, 28.732452474773396, 0.0 ], [ 77.682525135776729, 28.731426234689316, 0.0 ], [ 77.682850132744178, 28.730821686233757, 0.0 ], [ 77.683351793176044, 28.729966746824893, 0.0 ], [ 77.683855947394406, 28.729078089908587, 0.0 ], [ 77.683850815026432, 28.728728398256877, 0.0 ], [ 77.683779220182146, 28.727501314572059, 0.0 ], [ 77.683577047236852, 28.726581049712475, 0.0 ], [ 77.683131825211561, 28.726581017302522, 0.0 ], [ 77.683024270671311, 28.726328342330927, 0.0 ], [ 77.683095993757959, 28.725852369982714, 0.0 ], [ 77.682737725483392, 28.725597528203195, 0.0 ], [ 77.683180475349815, 28.724837387328712, 0.0 ], [ 77.682737761806735, 28.72450804038797, 0.0 ], [ 77.682581660142162, 28.724264382178063, 0.0 ], [ 77.682233658160726, 28.724106447156565, 0.0 ], [ 77.681849859392628, 28.724562119273866, 0.0 ], [ 77.681309816630204, 28.725132829171301, 0.0 ], [ 77.680685457419713, 28.725577121088701, 0.0 ], [ 77.67985885828783, 28.726053052113603, 0.0 ], [ 77.679636199822752, 28.72594700700536, 0.0 ], [ 77.679242101229619, 28.726073264902286, 0.0 ], [ 77.678269643218684, 28.726876236647033, 0.0 ], [ 77.677046547209329, 28.725491175079927, 0.0 ], [ 77.675715713139397, 28.726706870697566, 0.0 ], [ 77.675528915682008, 28.726580613836433, 0.0 ], [ 77.674881560807265, 28.726073001758827, 0.0 ], [ 77.674282887731124, 28.72532176543125, 0.0 ], [ 77.672105456759411, 28.723724576004166, 0.0 ], [ 77.670687828828235, 28.723047698552737, 0.0 ], [ 77.670222233624571, 28.72268670686212, 0.0 ], [ 77.669991904747363, 28.72293483544906, 0.0 ], [ 77.669357154130239, 28.723642982930659, 0.0 ], [ 77.668246301435772, 28.725314352374404, 0.0 ], [ 77.667071305968093, 28.727175083589557, 0.0 ], [ 77.666387955170464, 28.727914882834973, 0.0 ], [ 77.665870957125264, 28.728273462454389, 0.0 ], [ 77.665476744121804, 28.728548537927935, 0.0 ], [ 77.665062102159837, 28.729035725546705, 0.0 ], [ 77.663838559666587, 28.730242337753893, 0.0 ], [ 77.662062307541746, 28.731678855915707, 0.0 ], [ 77.661504256474799, 28.732166044804128, 0.0 ], [ 77.660810627982954, 28.732470386542381, 0.0 ], [ 77.659694788970839, 28.732882913392942, 0.0 ], [ 77.659131705112173, 28.733167055832009, 0.0 ], [ 77.657787994350642, 28.733633737420924, 0.0 ], [ 77.65605004045085, 28.734330332993817, 0.0 ], [ 77.655773833216386, 28.733897152433372, 0.0 ], [ 77.654821630895128, 28.734431547265196, 0.0 ], [ 77.654409698452596, 28.734000590845355, 0.0 ], [ 77.654123235049084, 28.733576427112748, 0.0 ], [ 77.649984896650594, 28.733850590969148, 0.0 ], [ 77.649371074430036, 28.732855634398753, 0.0 ], [ 77.648365800203166, 28.731630581696006, 0.0 ], [ 77.647795409745399, 28.730766490104788, 0.0 ], [ 77.648263849588844, 28.730425964832815, 0.0 ], [ 77.647915960311067, 28.729961262435474, 0.0 ], [ 77.647521798884924, 28.730121283836404, 0.0 ], [ 77.647329965188788, 28.729877616862581, 0.0 ], [ 77.646500829945339, 28.730078099739611, 0.0 ], [ 77.645639091050143, 28.728320619485419, 0.0 ], [ 77.644948540501716, 28.727325699076552, 0.0 ], [ 77.644313688859228, 28.727706686411118, 0.0 ], [ 77.643413550258146, 28.726089129882727, 0.0 ], [ 77.643306271449248, 28.725782317756199, 0.0 ], [ 77.642016850837578, 28.724924745919605, 0.0 ], [ 77.641512951019351, 28.724502756447844, 0.0 ], [ 77.640865819554833, 28.723897969689613, 0.0 ], [ 77.64046893842621, 28.724448186768914, 0.0 ], [ 77.640085297105415, 28.723994673974904, 0.0 ], [ 77.639527183068324, 28.724542599585476, 0.0 ], [ 77.638705479888628, 28.725146886840989, 0.0 ], [ 77.638446888574151, 28.725394919279843, 0.0 ], [ 77.638285505703152, 28.725701617335556, 0.0 ], [ 77.638103554856542, 28.726351212660735, 0.0 ], [ 77.637806324414356, 28.727208214579701, 0.0 ], [ 77.637573202902558, 28.727812660361508, 0.0 ], [ 77.637281158086211, 28.728358455427369, 0.0 ], [ 77.638516911811777, 28.729067147813858, 0.0 ], [ 77.638667755225129, 28.729304075459062, 0.0 ], [ 77.637738497486097, 28.729899244876467, 0.0 ], [ 77.637380144015083, 28.730194591754689, 0.0 ], [ 77.637103554789377, 28.73048545926234, 0.0 ], [ 77.636533128221743, 28.730043214284745, 0.0 ], [ 77.635586722198667, 28.729045848264445, 0.0 ], [ 77.634788660280819, 28.728373323696754, 0.0 ], [ 77.632957260433685, 28.726692125351601, 0.0 ], [ 77.632670738389109, 28.726477670486119, 0.0 ], [ 77.631057866318301, 28.72778759957912, 0.0 ], [ 77.63055356171499, 28.728184407348294, 0.0 ], [ 77.630100399653756, 28.728490990979125, 0.0 ], [ 77.629823916421756, 28.728628408770696, 0.0 ], [ 77.628510651638308, 28.729453448926577, 0.0 ], [ 77.627566052393334, 28.730010177762832, 0.0 ], [ 77.626936289959232, 28.730458857602052, 0.0 ], [ 77.626017204866656, 28.731024578455106, 0.0 ], [ 77.625784278389801, 28.731207208345474, 0.0 ], [ 77.625139960044521, 28.730130897386548, 0.0 ], [ 77.624564589181603, 28.729372758870987, 0.0 ], [ 77.623685880523936, 28.72818142974446, 0.0 ], [ 77.623580903538894, 28.728104753970669, 0.0 ], [ 77.623312204079951, 28.727949244613814, 0.0 ], [ 77.622969117358707, 28.72768999971138, 0.0 ], [ 77.622649072951134, 28.727455583824909, 0.0 ], [ 77.622370032444991, 28.727302304386896, 0.0 ], [ 77.622201105109539, 28.727169279995401, 0.0 ], [ 77.621881124314044, 28.726937065371875, 0.0 ], [ 77.621704444868911, 28.726790535444966, 0.0 ], [ 77.621499593825206, 28.72663725582278, 0.0 ], [ 77.621282055359643, 28.726565140733133, 0.0 ], [ 77.620962070879258, 28.726344204059068, 0.0 ], [ 77.620767539031476, 28.726195480241067, 0.0 ], [ 77.620554999788624, 28.726057953444663, 0.0 ], [ 77.619897082594534, 28.72554849019858, 0.0 ], [ 77.619687156825378, 28.725399627305833, 0.0 ], [ 77.619484893103916, 28.725241890057546, 0.0 ], [ 77.619072688008259, 28.724903647346085, 0.0 ], [ 77.618903767173364, 28.724797766885199, 0.0 ], [ 77.618768107375388, 28.724655695384815, 0.0 ], [ 77.618442927258201, 28.724407710916932, 0.0 ], [ 77.617593020985737, 28.723753858458767, 0.0 ], [ 77.617393349230511, 28.723645683441983, 0.0 ], [ 77.61722953736583, 28.723501448027005, 0.0 ], [ 77.616799436669979, 28.723120375174513, 0.0 ], [ 77.616656138905554, 28.723154282782236, 0.0 ], [ 77.616019133328365, 28.723362060634596, 0.0 ], [ 77.615568874687412, 28.723619397432753, 0.0 ], [ 77.615463836963698, 28.723470533142745, 0.0 ], [ 77.61523086123708, 28.723265372942897, 0.0 ], [ 77.615087492909524, 28.723172893996491, 0.0 ], [ 77.61478286278826, 28.722841470977315, 0.0 ], [ 77.615092360719899, 28.722561676450397, 0.0 ], [ 77.615401886705214, 28.722356261800989, 0.0 ], [ 77.615670514288169, 28.722216273996171, 0.0 ], [ 77.615918650869048, 28.722038009444045, 0.0 ], [ 77.616302349621549, 28.721843880811846, 0.0 ], [ 77.616496709712891, 28.721588871022742, 0.0 ], [ 77.616302039742578, 28.721279909603659, 0.0 ], [ 77.615987145614696, 28.72095750641758, 0.0 ], [ 77.615505882358747, 28.720499815447091, 0.0 ], [ 77.615311236024553, 28.720222403117962, 0.0 ], [ 77.615065398374824, 28.719917996418104, 0.0 ], [ 77.614842669680684, 28.719656397107897, 0.0 ], [ 77.615042125363018, 28.719374407778623, 0.0 ], [ 77.615013828225159, 28.719065358259023, 0.0 ], [ 77.614773102735086, 28.718803765959301, 0.0 ], [ 77.61450426635659, 28.718483605011144, 0.0 ], [ 77.61427647799988, 28.718203953109018, 0.0 ], [ 77.614076713741497, 28.717960397065674, 0.0 ], [ 77.61393840375932, 28.717734909311847, 0.0 ], [ 77.614263298672043, 28.717497991679821, 0.0 ], [ 77.614536970518685, 28.717279019029142, 0.0 ], [ 77.614516374732091, 28.716969991592062, 0.0 ], [ 77.61453669166437, 28.716627179815717, 0.0 ], [ 77.614887279710359, 28.716726238416765, 0.0 ], [ 77.615253142362519, 28.716766733423611, 0.0 ], [ 77.615286307949759, 28.716464468799735, 0.0 ], [ 77.615163260864321, 28.716002119149604, 0.0 ], [ 77.614881707096885, 28.715808154074963, 0.0 ], [ 77.614446630756078, 28.71569334275021, 0.0 ], [ 77.613937410424853, 28.715587513032439, 0.0 ], [ 77.613607245367731, 28.715454546480416, 0.0 ], [ 77.613297534171309, 28.715350866480019, 0.0 ], [ 77.613159472547864, 28.71554040314367, 0.0 ], [ 77.612883114670012, 28.715357794109622, 0.0 ], [ 77.61256827070109, 28.715218083664311, 0.0 ], [ 77.612169067720913, 28.715055833635979, 0.0 ], [ 77.611803003608429, 28.714852987416414, 0.0 ], [ 77.6114524509929, 28.714665873303332, 0.0 ], [ 77.611081291947002, 28.714435893340752, 0.0 ], [ 77.610751065418199, 28.71420368022881, 0.0 ], [ 77.610528622116007, 28.714501556873167, 0.0 ], [ 77.610303587151506, 28.714815168830064, 0.0 ], [ 77.609830114347346, 28.714614564828061, 0.0 ], [ 77.609464151602069, 28.714395848314002, 0.0 ], [ 77.609105785897654, 28.714123038464891, 0.0 ], [ 77.608714222142339, 28.713942733587078, 0.0 ], [ 77.608322691695818, 28.713771508235091, 0.0 ], [ 77.60796441234173, 28.713656543979567, 0.0 ], [ 77.6076828549037, 28.713485220399395, 0.0 ], [ 77.607447414570643, 28.713280008187759, 0.0 ], [ 77.607158164758317, 28.713000432118587, 0.0 ], [ 77.606925200861724, 28.712720781095442, 0.0 ], [ 77.606669116839797, 28.712215615717671, 0.0 ], [ 77.606533408593435, 28.711888533648814, 0.0 ], [ 77.606366968880309, 28.711633724321675, 0.0 ], [ 77.606049727414117, 28.711748848578605, 0.0 ], [ 77.605768373675403, 28.711918165853934, 0.0 ], [ 77.60560959739442, 28.711584316920327, 0.0 ], [ 77.605328113894458, 28.711609267268837, 0.0 ], [ 77.605169592102072, 28.711796565611046, 0.0 ], [ 77.605003394749133, 28.712058223754028, 0.0 ], [ 77.604778174364768, 28.711857562667227, 0.0 ], [ 77.604550300361552, 28.711546341100242, 0.0 ], [ 77.604411976407874, 28.71124187287521, 0.0 ], [ 77.604260917723565, 28.710939688927137, 0.0 ], [ 77.604048381506786, 28.71065327657421, 0.0 ], [ 77.603759026615649, 28.710093950546703, 0.0 ], [ 77.603518417982301, 28.709742087773062, 0.0 ], [ 77.603298313750003, 28.709503070462958, 0.0 ], [ 77.602794213589277, 28.709462583069264, 0.0 ], [ 77.602323469212621, 28.709467262360636, 0.0 ], [ 77.601878241232441, 28.709438111297803, 0.0 ], [ 77.601448461552039, 28.709546494298266, 0.0 ], [ 77.601077462881761, 28.709627784451609, 0.0 ], [ 77.600757659151625, 28.709697826363112, 0.0 ], [ 77.600609194852211, 28.70939109199805, 0.0 ], [ 77.600424842432304, 28.709154258248049, 0.0 ], [ 77.600276385152412, 28.7088633897813, 0.0 ], [ 77.600086931309761, 28.708513756656263, 0.0 ], [ 77.599943469509483, 28.70822287178056, 0.0 ], [ 77.599800098034294, 28.707927401134945, 0.0 ], [ 77.599533984261313, 28.707706398239072, 0.0 ], [ 77.599242429312326, 28.707956813730519, 0.0 ], [ 77.599004373913672, 28.707866656429545, 0.0 ], [ 77.598871278628991, 28.707717813981105, 0.0 ], [ 77.598664050814136, 28.707566757664594, 0.0 ], [ 77.598449188095969, 28.707767604717954, 0.0 ], [ 77.598264912941985, 28.70759167018107, 0.0 ], [ 77.598080576863339, 28.707413533207525, 0.0 ], [ 77.597801634051777, 28.707210585474133, 0.0 ], [ 77.597530363888239, 28.707014448923392, 0.0 ], [ 77.5972130553357, 28.706719020852486, 0.0 ], [ 77.596921261599618, 28.706486803172403, 0.0 ], [ 77.59666019529223, 28.706263486069698, 0.0 ], [ 77.596250868963679, 28.706261365737067, 0.0 ], [ 77.595861964992523, 28.706225340434536, 0.0 ], [ 77.595603413696878, 28.7059366627294, 0.0 ], [ 77.595449894801774, 28.705693131564725, 0.0 ], [ 77.595245113100702, 28.705399942405229, 0.0 ], [ 77.595017286045035, 28.705007532719751, 0.0 ], [ 77.594827846379658, 28.70475493003482, 0.0 ], [ 77.594589859149622, 28.704441428376143, 0.0 ], [ 77.594418380717812, 28.704206888872985, 0.0 ], [ 77.594200801839861, 28.703897912656018, 0.0 ], [ 77.593952545762463, 28.703577651163425, 0.0 ], [ 77.593729815849528, 28.703239336975308, 0.0 ], [ 77.593558352852696, 28.702923625445042, 0.0 ], [ 77.593328015612599, 28.702736441262836, 0.0 ], [ 77.593151433190258, 28.702470271280841, 0.0 ], [ 77.592974790710315, 28.702089083669946, 0.0 ], [ 77.592741814664109, 28.70183426212953, 0.0 ], [ 77.592173590661289, 28.700981787283204, 0.0 ], [ 77.591892129751955, 28.700738248663061, 0.0 ], [ 77.591700211486724, 28.700458545626084, 0.0 ], [ 77.591515970867206, 28.700244263449079, 0.0 ], [ 77.591134569117287, 28.699554097744311, 0.0 ], [ 77.590957944302531, 28.699274440351843, 0.0 ], [ 77.590786452251663, 28.699046681878109, 0.0 ], [ 77.590627762309467, 28.698791783570833, 0.0 ], [ 77.590476759214511, 28.698591115813727, 0.0 ], [ 77.590192769138426, 28.698435495587379, 0.0 ], [ 77.589947201396797, 28.698460408485502, 0.0 ], [ 77.589609523712497, 28.698600326262898, 0.0 ], [ 77.589246297845435, 28.698780856756493, 0.0 ], [ 77.588849794646151, 28.698907227032151, 0.0 ], [ 77.588437965635194, 28.699110319103525, 0.0 ], [ 77.588156557032192, 28.699277314908308, 0.0 ], [ 77.587550332709526, 28.699617986254349, 0.0 ], [ 77.587263801807936, 28.699764723724407, 0.0 ], [ 77.586964564392758, 28.699992533611546, 0.0 ], [ 77.58673427852689, 28.700173046933084, 0.0 ], [ 77.586404290107652, 28.700312982090487, 0.0 ], [ 77.586033445398925, 28.700488986372005, 0.0 ], [ 77.585828716089196, 28.70066043722267, 0.0 ], [ 77.584856750340677, 28.701298984421832, 0.0 ], [ 77.584570238224543, 28.701567428325472, 0.0 ], [ 77.584270976842092, 28.70184953038877, 0.0 ], [ 77.583956263880594, 28.701813404873384, 0.0 ], [ 77.583610901749637, 28.70186083055448, 0.0 ], [ 77.583252672552845, 28.701874492361235, 0.0 ], [ 77.582884359837863, 28.701903867434819, 0.0 ], [ 77.582541509102839, 28.701854289278515, 0.0 ], [ 77.582180714489894, 28.701834064353509, 0.0 ], [ 77.581819976192506, 28.701800264934075, 0.0 ], [ 77.581423415960288, 28.701741616740705, 0.0 ], [ 77.581070394177218, 28.701669501811192, 0.0 ], [ 77.580622681882957, 28.701619983893298, 0.0 ], [ 77.58027208837315, 28.701615501467003, 0.0 ], [ 77.579873059935991, 28.701550116462414, 0.0 ], [ 77.579599230805556, 28.701514051220087, 0.0 ], [ 77.579246209225047, 28.701484765392813, 0.0 ], [ 77.57890600065987, 28.701635995099245, 0.0 ], [ 77.578547832723785, 28.701753289800138, 0.0 ], [ 77.578164070625888, 28.701870655283294, 0.0 ], [ 77.577713840243106, 28.702062405908197, 0.0 ], [ 77.577455364216434, 28.701809834904196, 0.0 ], [ 77.577296680074141, 28.701609130664309, 0.0 ], [ 77.576992290301192, 28.701491884079523, 0.0 ], [ 77.576672422545244, 28.701394855685933, 0.0 ], [ 77.576370571017279, 28.701318186564247, 0.0 ], [ 77.576081417787691, 28.701273169427388, 0.0 ], [ 77.575779508267743, 28.701370124129831, 0.0 ], [ 77.575559549706867, 28.701505560001408, 0.0 ], [ 77.575262786706631, 28.701749161091556, 0.0 ], [ 77.574771564572259, 28.701882315445626, 0.0 ], [ 77.574459468555929, 28.701909404979411, 0.0 ], [ 77.57408853676796, 28.701875616786527, 0.0 ], [ 77.573963122699595, 28.701622950498962, 0.0 ], [ 77.573586989646969, 28.701647782885999, 0.0 ], [ 77.573356772163976, 28.702031347459194, 0.0 ], [ 77.573154735229224, 28.70242606887496, 0.0 ], [ 77.572806806502541, 28.70245545518641, 0.0 ], [ 77.572405172646199, 28.702432936898994, 0.0 ], [ 77.572108340471686, 28.702200595831087, 0.0 ], [ 77.57181921850318, 28.701956997092584, 0.0 ], [ 77.571478957898549, 28.701977325058706, 0.0 ], [ 77.571148881066534, 28.702008905206572, 0.0 ], [ 77.570836783924264, 28.702035988576604, 0.0 ], [ 77.569984859059574, 28.702042849180319, 0.0 ], [ 77.569677783619937, 28.701839789687799, 0.0 ], [ 77.569478245504271, 28.701643592435431, 0.0 ], [ 77.569245387715341, 28.70143835803043, 0.0 ], [ 77.568989529161371, 28.701244330911095, 0.0 ], [ 77.568825758459255, 28.70102785634149, 0.0 ], [ 77.568347396059323, 28.700583439270208, 0.0 ], [ 77.568083825285996, 28.700310596202208, 0.0 ], [ 77.567856107390313, 28.700071501014346, 0.0 ], [ 77.567646300138932, 28.699836897178908, 0.0 ], [ 77.567354680900223, 28.699514372675949, 0.0 ], [ 77.566942750743721, 28.699115079043828, 0.0 ], [ 77.566351700518595, 28.698524111867449, 0.0 ], [ 77.566062589542426, 28.698142920391817, 0.0 ], [ 77.565793948146862, 28.697874489389989, 0.0 ], [ 77.565540705518714, 28.69762188584226, 0.0 ], [ 77.565213226405419, 28.697394014850509, 0.0 ], [ 77.565292586470221, 28.697060167682995, 0.0 ], [ 77.565474215296362, 28.696715036769497, 0.0 ], [ 77.56566348823624, 28.696415057754084, 0.0 ], [ 77.565420422088962, 28.696126377783315, 0.0 ], [ 77.565223403805504, 28.695871419425998, 0.0 ], [ 77.565026439762178, 28.695603068450797, 0.0 ], [ 77.564563341571983, 28.69505036237204, 0.0 ], [ 77.564299878269281, 28.694666896408656, 0.0 ], [ 77.564133603678442, 28.694382686162914, 0.0 ], [ 77.564358650713118, 28.694109759458264, 0.0 ], [ 77.564297268304784, 28.693685713117539, 0.0 ], [ 77.56407729747427, 28.69334959502763, 0.0 ], [ 77.56385725589756, 28.693128585564601, 0.0 ], [ 77.563547705418827, 28.692756338135389, 0.0 ], [ 77.563800983143807, 28.692481183029773, 0.0 ], [ 77.563997981114554, 28.69226460389719, 0.0 ], [ 77.564284487475106, 28.691912724094536, 0.0 ], [ 77.564486535495007, 28.69151800724136, 0.0 ], [ 77.564241008312052, 28.691265332075229, 0.0 ], [ 77.564010663143108, 28.690890898177354, 0.0 ], [ 77.563824010709766, 28.690638294234247, 0.0 ], [ 77.563657629824419, 28.690290882780079, 0.0 ], [ 77.563511870456409, 28.690011201822635, 0.0 ], [ 77.56334041743105, 28.689911912336438, 0.0 ], [ 77.562954201605407, 28.689460804055805, 0.0 ], [ 77.562637021565152, 28.688969014217268, 0.0 ], [ 77.562424638082291, 28.68861264459537, 0.0 ], [ 77.562253212331868, 28.688278820976599, 0.0 ], [ 77.562066517920471, 28.687981085005898, 0.0 ], [ 77.561895173031616, 28.687669733785494, 0.0 ], [ 77.561626564725358, 28.687311128427542, 0.0 ], [ 77.561419384097022, 28.68713516167621, 0.0 ], [ 77.561130310379923, 28.686934372791928, 0.0 ], [ 77.560843773910563, 28.686837450698793, 0.0 ], [ 77.560580257861048, 28.686733634428581, 0.0 ], [ 77.560037959028307, 28.686487793409714, 0.0 ], [ 77.559754103367169, 28.686397515130142, 0.0 ], [ 77.559480375086764, 28.686257678447973, 0.0 ], [ 77.559178500775133, 28.686221605083567, 0.0 ], [ 77.558943150047412, 28.686537388220795, 0.0 ], [ 77.558710361064954, 28.686796800827665, 0.0 ], [ 77.558469934388526, 28.687058480143307, 0.0 ], [ 77.557569464718767, 28.686661411024097, 0.0 ], [ 77.557334124028216, 28.686399706414871, 0.0 ], [ 77.556909494808011, 28.68620573398891, 0.0 ], [ 77.556543767182518, 28.68612676387928, 0.0 ], [ 77.556103780152981, 28.686126731548839, 0.0 ], [ 77.555684294756503, 28.686099677485611, 0.0 ], [ 77.555320982838168, 28.686088340920858, 0.0 ], [ 77.554881056346844, 28.686106375461598, 0.0 ], [ 77.554418050936377, 28.685912359241758, 0.0 ], [ 77.554198085255493, 28.685704817747077, 0.0 ], [ 77.553952505499879, 28.685535682322495, 0.0 ], [ 77.553320700987427, 28.685731835785575, 0.0 ], [ 77.553023937144744, 28.685853686110534, 0.0 ], [ 77.552681108477486, 28.685731855582929, 0.0 ], [ 77.552371698648571, 28.685587423127679, 0.0 ], [ 77.552151710664347, 28.685418218326436, 0.0 ], [ 77.551957248814617, 28.685246836995503, 0.0 ], [ 77.551655463402241, 28.685095639728381, 0.0 ], [ 77.551345967070162, 28.684971566191603, 0.0 ], [ 77.550975033348905, 28.684935429463575, 0.0 ], [ 77.550673157533637, 28.685036925606834, 0.0 ], [ 77.55027928637503, 28.685140680392887, 0.0 ], [ 77.549908329072295, 28.685237631246849, 0.0 ], [ 77.549504173256494, 28.68529848274299, 0.0 ], [ 77.549125590527709, 28.685386417719297, 0.0 ], [ 77.548734228510213, 28.685447280088688, 0.0 ], [ 77.548396564801891, 28.685454023710943, 0.0 ], [ 77.547964201413436, 28.685415654155612, 0.0 ], [ 77.547557546618066, 28.685429134443428, 0.0 ], [ 77.547214680911068, 28.685356913364657, 0.0 ], [ 77.546754261860656, 28.68523280682972, 0.0 ], [ 77.546362985934422, 28.685068027051276, 0.0 ], [ 77.545989538610698, 28.68477474145487, 0.0 ], [ 77.546094439173288, 28.684461284284385, 0.0 ], [ 77.546232626359583, 28.684147695176776, 0.0 ], [ 77.546329903218307, 28.683840999673428, 0.0 ], [ 77.546501373333612, 28.683495818210687, 0.0 ], [ 77.546652245017967, 28.683150779598044, 0.0 ], [ 77.546721363317459, 28.682821454009506, 0.0 ], [ 77.546859603996069, 28.682431183959, 0.0 ], [ 77.547002926234711, 28.682083827183213, 0.0 ], [ 77.546880140189714, 28.681738713004165, 0.0 ], [ 77.54671390799227, 28.681465760477991, 0.0 ], [ 77.54653488390116, 28.68117701824746, 0.0 ], [ 77.546274017265816, 28.680892797207296, 0.0 ], [ 77.545997790506505, 28.680680710251441, 0.0 ], [ 77.545757386535968, 28.680371670239499, 0.0 ], [ 77.545552809485017, 28.680091889566381, 0.0 ], [ 77.545312439004064, 28.679870811847369, 0.0 ], [ 77.545223003850978, 28.679591056017667, 0.0 ], [ 77.545064444640786, 28.67924594142897, 0.0 ], [ 77.544921220620324, 28.678930136690937, 0.0 ], [ 77.544660407001061, 28.678596289286833, 0.0 ], [ 77.544371440894579, 28.678066087628245, 0.0 ], [ 77.544599099716123, 28.677761668599558, 0.0 ], [ 77.54477059504201, 28.677441344148338, 0.0 ], [ 77.545023823329217, 28.67710081114118, 0.0 ], [ 77.545581483311736, 28.676539130094753, 0.0 ], [ 77.545829685205277, 28.676221173972088, 0.0 ], [ 77.545865592724937, 28.675724855826921, 0.0 ], [ 77.545686519480299, 28.67548123732788, 0.0 ], [ 77.546581905175117, 28.674960327061989, 0.0 ], [ 77.547062766834159, 28.674658049005224, 0.0 ], [ 77.546827502699685, 28.673904680583743, 0.0 ], [ 77.546221615496933, 28.672190216113304, 0.0 ], [ 77.546538867611176, 28.671935415049234, 0.0 ], [ 77.546884141776573, 28.671694069417825, 0.0 ], [ 77.546799757085992, 28.671353482255654, 0.0 ], [ 77.546648885318476, 28.670972250488692, 0.0 ], [ 77.546523645539693, 28.670667727031425, 0.0 ], [ 77.546388139968414, 28.670340572138787, 0.0 ], [ 77.546209161829367, 28.670013483872719, 0.0 ], [ 77.546523821346071, 28.669636832458963, 0.0 ], [ 77.547280877193955, 28.669393276244541, 0.0 ], [ 77.546812899650092, 28.668775201438638, 0.0 ], [ 77.546646744553726, 28.668441337739079, 0.0 ], [ 77.546470293650628, 28.668139053345229, 0.0 ], [ 77.546304125369659, 28.667848025296937, 0.0 ], [ 77.546125092364591, 28.667518640687678, 0.0 ], [ 77.545836203658737, 28.667180323427253, 0.0 ], [ 77.54578507505822, 28.666751729187492, 0.0 ], [ 77.546360648334257, 28.666307353767444, 0.0 ], [ 77.546731473691281, 28.666045759886092, 0.0 ], [ 77.547419550078118, 28.66559696343203, 0.0 ], [ 77.54777759660783, 28.66540304664872, 0.0 ], [ 77.548038539085994, 28.665186450756703, 0.0 ], [ 77.548465648578841, 28.664870772854261, 0.0 ], [ 77.54893118101117, 28.664663277446511, 0.0 ], [ 77.549301921925704, 28.665064761952969, 0.0 ], [ 77.549565334164868, 28.665403142727957, 0.0 ], [ 77.550005173184019, 28.665755143449694, 0.0 ], [ 77.550173951128656, 28.666093448047771, 0.0 ], [ 77.550759686141248, 28.665755155334104, 0.0 ], [ 77.551391413812183, 28.66541013563241, 0.0 ], [ 77.551900350268468, 28.665105608575182, 0.0 ], [ 77.552506534295361, 28.664789911788233, 0.0 ], [ 77.553015438395178, 28.66452372267586, 0.0 ], [ 77.553675382181126, 28.664160596220512, 0.0 ], [ 77.553949004094576, 28.664038846425832, 0.0 ], [ 77.554266199034743, 28.663869607362606, 0.0 ], [ 77.554567940141041, 28.663698203883296, 0.0 ], [ 77.554844201350079, 28.663542646116582, 0.0 ], [ 77.555243092149738, 28.663407309062727, 0.0 ], [ 77.555519299117279, 28.663619295112458, 0.0 ], [ 77.555959274358074, 28.663547141974721, 0.0 ], [ 77.556232875473739, 28.663389247955038, 0.0 ], [ 77.556534657723674, 28.663231416727388, 0.0 ], [ 77.55689269882842, 28.663026105945654, 0.0 ], [ 77.557181707326407, 28.662904310648234, 0.0 ], [ 77.557552545350163, 28.662793855043482, 0.0 ], [ 77.557841548728135, 28.662624636205773, 0.0 ], [ 77.55821239600607, 28.662455474655246, 0.0 ], [ 77.5585986000182, 28.662261505783842, 0.0 ], [ 77.558941319447754, 28.662078796656747, 0.0 ], [ 77.559463021618384, 28.661837455178002, 0.0 ], [ 77.56049368272835, 28.661309627487228, 0.0 ], [ 77.561250665669007, 28.660885577773335, 0.0 ], [ 77.561854187452084, 28.660533662435121, 0.0 ], [ 77.562513973395653, 28.660229109369034, 0.0 ], [ 77.563201997198917, 28.659926911458271, 0.0 ], [ 77.563547246124998, 28.659757713392025, 0.0 ], [ 77.563861726915761, 28.659502831632892, 0.0 ], [ 77.564040801892489, 28.658914019433219, 0.0 ], [ 77.564053484393867, 28.658235068359346, 0.0 ], [ 77.564659634112559, 28.65782227498617, 0.0 ], [ 77.564534284724544, 28.657495193358557, 0.0 ], [ 77.564301621784921, 28.657289938858813, 0.0 ], [ 77.564109789071026, 28.656938086449376, 0.0 ], [ 77.563971644613744, 28.65665382760783, 0.0 ], [ 77.563792671119458, 28.65615531432163, 0.0 ], [ 77.564012615591651, 28.655900456554562, 0.0 ], [ 77.564232519034974, 28.655573317999433, 0.0 ], [ 77.564467739610933, 28.655271086158599, 0.0 ], [ 77.564769448590951, 28.65484475219877, 0.0 ], [ 77.565140306677691, 28.654492853149264, 0.0 ], [ 77.565636419929035, 28.653856763988067, 0.0 ], [ 77.566019912156079, 28.653236386418502, 0.0 ], [ 77.566211673398314, 28.652938625420113, 0.0 ], [ 77.565909940772727, 28.652485206122158, 0.0 ], [ 77.565482926396086, 28.651903292587193, 0.0 ], [ 77.565124826490958, 28.65138672794501, 0.0 ], [ 77.564876762452201, 28.651145372832421, 0.0 ], [ 77.564700312493926, 28.650879240270964, 0.0 ], [ 77.564534133925122, 28.650635554720235, 0.0 ], [ 77.564273248012, 28.6503694198381, 0.0 ], [ 77.563833395290246, 28.649859676991383, 0.0 ], [ 77.563493297424358, 28.64943327546289, 0.0 ], [ 77.563204350356074, 28.649516742992585, 0.0 ], [ 77.562902682931096, 28.649681470033215, 0.0 ], [ 77.562641851057279, 28.64953485398118, 0.0 ], [ 77.562503715567274, 28.649340851460217, 0.0 ], [ 77.562186653332276, 28.64904982245006, 0.0 ], [ 77.561457832320926, 28.64837091738157, 0.0 ], [ 77.560578274496009, 28.647594951677529, 0.0 ], [ 77.560478753866633, 28.647640091679904, 0.0 ], [ 77.560225332394566, 28.647755039276298, 0.0 ], [ 77.560020828602973, 28.647901707607872, 0.0 ], [ 77.559729245368587, 28.648034754480594, 0.0 ], [ 77.559386656174183, 28.648228753289011, 0.0 ], [ 77.559110469335991, 28.648303144974967, 0.0 ], [ 77.558780577945356, 28.648485871431532, 0.0 ], [ 77.558435340171215, 28.648666343624409, 0.0 ], [ 77.558243608949766, 28.648946026656652, 0.0 ], [ 77.557885528092115, 28.649203169990518, 0.0 ], [ 77.557568448084012, 28.64934756399575, 0.0 ], [ 77.557182360769843, 28.649579877742831, 0.0 ], [ 77.556540465727366, 28.649949813654029, 0.0 ], [ 77.556113451869706, 28.650058033067438, 0.0 ], [ 77.555975363097033, 28.649936215318323, 0.0 ], [ 77.555824535796603, 28.649584331894815, 0.0 ], [ 77.555714563498029, 28.649412860759401, 0.0 ], [ 77.555438315790468, 28.649548244050052, 0.0 ], [ 77.555108521454414, 28.649730872452025, 0.0 ], [ 77.554778609152066, 28.6499722948627, 0.0 ], [ 77.55466860216832, 28.65025194022294, 0.0 ], [ 77.554377118338877, 28.650495602038401, 0.0 ], [ 77.554019108525438, 28.650653395451855, 0.0 ], [ 77.553717292572969, 28.650824891558294, 0.0 ], [ 77.553331120498527, 28.651066183632686, 0.0 ], [ 77.55297309507381, 28.651298549757062, 0.0 ], [ 77.552712283185897, 28.651542126880873, 0.0 ], [ 77.552400347528064, 28.651255652402543, 0.0 ], [ 77.551766137933797, 28.651582666084021, 0.0 ], [ 77.551285342220197, 28.651765356266409, 0.0 ], [ 77.550541281721564, 28.651133685786245, 0.0 ], [ 77.550086124837009, 28.651255399980101, 0.0 ], [ 77.549479998885801, 28.651571185162037, 0.0 ], [ 77.548459639249131, 28.652153044224871, 0.0 ], [ 77.548053007581998, 28.652281550460472, 0.0 ], [ 77.547267822975456, 28.652743911815492, 0.0 ], [ 77.546868913753684, 28.652865654925836, 0.0 ], [ 77.546482790126362, 28.652829546293983, 0.0 ], [ 77.546137580149917, 28.652949086421479, 0.0 ], [ 77.546068558217542, 28.652658073862046, 0.0 ], [ 77.545559584623462, 28.652876821233459, 0.0 ], [ 77.545222612126608, 28.652889887778951, 0.0 ], [ 77.545152989730212, 28.65289258765559, 0.0 ], [ 77.545069567399409, 28.65286747736765, 0.0 ], [ 77.544815474741128, 28.652790995866638, 0.0 ], [ 77.543135539214461, 28.652202050765474, 0.0 ], [ 77.542419544950334, 28.651872650407093, 0.0 ], [ 77.541907769957518, 28.651686000206837, 0.0 ], [ 77.541874937866055, 28.651674026183397, 0.0 ], [ 77.541909269383552, 28.651610142552681, 0.0 ], [ 77.542061601606335, 28.651326682129405, 0.0 ], [ 77.542475965226473, 28.650875611009653, 0.0 ], [ 77.543284185133061, 28.650000482313249, 0.0 ], [ 77.543528606638134, 28.64971850886586, 0.0 ], [ 77.543557875250571, 28.649684743641714, 0.0 ], [ 77.543609030665479, 28.64965345230523, 0.0 ], [ 77.543875018308555, 28.649490754369243, 0.0 ], [ 77.544115401638692, 28.649339705185454, 0.0 ], [ 77.544764964524148, 28.648699154334796, 0.0 ], [ 77.545054010068696, 28.648469139135408, 0.0 ], [ 77.54532252630969, 28.648209730933203, 0.0 ], [ 77.5458876874373, 28.647693269608883, 0.0 ], [ 77.546158784372821, 28.647381980334927, 0.0 ], [ 77.546399278949494, 28.647109022255986, 0.0 ], [ 77.546639665257501, 28.646788821088148, 0.0 ], [ 77.546887762630249, 28.646473049091405, 0.0 ], [ 77.547087208900038, 28.646145981484128, 0.0 ], [ 77.547289300791974, 28.645911416304791, 0.0 ], [ 77.547603837934588, 28.645548230591274, 0.0 ], [ 77.547453041438544, 28.645243668726582, 0.0 ], [ 77.547220383954453, 28.644977476929519, 0.0 ], [ 77.54703376117584, 28.644733823156731, 0.0 ], [ 77.546783145549185, 28.644476710955928, 0.0 ], [ 77.54648918649319, 28.644192423687784, 0.0 ], [ 77.546269320468056, 28.643894688401414, 0.0 ], [ 77.546550629831572, 28.643671338012187, 0.0 ], [ 77.546893255742447, 28.643502223349863, 0.0 ], [ 77.547133684734249, 28.643416571711295, 0.0 ], [ 77.546980219263276, 28.643073625606366, 0.0 ], [ 77.546829455239347, 28.642699165016335, 0.0 ], [ 77.547146540151857, 28.642369865553157, 0.0 ], [ 77.547502067082675, 28.642078948005707, 0.0 ], [ 77.547558327137338, 28.641783434880047, 0.0 ], [ 77.547479088848192, 28.641530788849753, 0.0 ], [ 77.5474663797403, 28.641178903665011, 0.0 ], [ 77.547422905976518, 28.640784166950898, 0.0 ], [ 77.547341125966199, 28.640439017497538, 0.0 ], [ 77.54720064189766, 28.640028481423876, 0.0 ], [ 77.546967935486805, 28.639744215482835, 0.0 ], [ 77.546845292470977, 28.639288545736459, 0.0 ], [ 77.546727672383014, 28.638968254488173, 0.0 ], [ 77.547047334605352, 28.638697608111205, 0.0 ], [ 77.547494858733288, 28.638528451201672, 0.0 ], [ 77.547837469709393, 28.638327686479531, 0.0 ], [ 77.547832380336132, 28.638032238474402, 0.0 ], [ 77.547525665317607, 28.637409638004112, 0.0 ], [ 77.547134586084525, 28.636820871982941, 0.0 ], [ 77.546832808743261, 28.636838802666983, 0.0 ], [ 77.546482547496836, 28.63686360233562, 0.0 ], [ 77.546076022824977, 28.636899644041886, 0.0 ], [ 77.545774344917945, 28.636712374907084, 0.0 ], [ 77.545178643129219, 28.636387485545963, 0.0 ], [ 77.544278759753809, 28.635697142648148, 0.0 ], [ 77.544051294799573, 28.635453496429758, 0.0 ], [ 77.54347091823891, 28.634916571473909, 0.0 ], [ 77.542893204610365, 28.634381886373156, 0.0 ], [ 77.54240755685889, 28.633860724007526, 0.0 ], [ 77.542117959619844, 28.633579609329445, 0.0 ], [ 77.542049690042717, 28.633513338293987, 0.0 ], [ 77.54201847210112, 28.633578077946186, 0.0 ], [ 77.541911565723353, 28.633799796258725, 0.0 ], [ 77.541801515108617, 28.634023025437045, 0.0 ], [ 77.541622558890609, 28.634255375695325, 0.0 ], [ 77.541282483178293, 28.63411768232638, 0.0 ], [ 77.540944983879939, 28.634275583328371, 0.0 ], [ 77.540668856882462, 28.634458277729745, 0.0 ], [ 77.540318492432874, 28.634735595228992, 0.0 ], [ 77.53971497600989, 28.635100926094815, 0.0 ], [ 77.539418406959342, 28.635281377782551, 0.0 ], [ 77.53905786415352, 28.635436992263749, 0.0 ], [ 77.538482331698617, 28.636625659983626, 0.0 ], [ 77.538175432828325, 28.636860162084727, 0.0 ], [ 77.537871145687262, 28.637114976071043, 0.0 ], [ 77.537528400428343, 28.637374333215877, 0.0 ], [ 77.537162779581053, 28.637617926148611, 0.0 ], [ 77.536868695805083, 28.637829873218163, 0.0 ], [ 77.536531105847487, 28.638012529809508, 0.0 ], [ 77.536211430165054, 28.63817262045367, 0.0 ], [ 77.535925072072885, 28.638298918587619, 0.0 ], [ 77.535587495234225, 28.638470289636466, 0.0 ], [ 77.535242264511211, 28.638686765392602, 0.0 ], [ 77.535641010952347, 28.639153769425796, 0.0 ], [ 77.535349488008748, 28.639388318242204, 0.0 ], [ 77.535065590164479, 28.639552902875408, 0.0 ], [ 77.534776679651316, 28.639776209054915, 0.0 ], [ 77.534467241719582, 28.64000167349527, 0.0 ], [ 77.534150709070389, 28.640175895032513, 0.0 ], [ 77.534045267012019, 28.640233931267659, 0.0 ], [ 77.533995729896517, 28.640273343759258, 0.0 ], [ 77.533495383082894, 28.640671430628338, 0.0 ], [ 77.53322689464197, 28.64087661061863, 0.0 ], [ 77.531758846486682, 28.642037974647398, 0.0 ], [ 77.531462157212175, 28.642254457680977, 0.0 ], [ 77.531152736111153, 28.642473219958823, 0.0 ], [ 77.530843297746657, 28.642703263063353, 0.0 ], [ 77.530602811766528, 28.642953544012887, 0.0 ], [ 77.530293385845525, 28.643188080822167, 0.0 ], [ 77.529925060347225, 28.643440603030971, 0.0 ], [ 77.529607996276155, 28.643677406096646, 0.0 ], [ 77.529168047552034, 28.64398633242816, 0.0 ], [ 77.528781827296385, 28.644270497430629, 0.0 ], [ 77.528418646609182, 28.644556851632018, 0.0 ], [ 77.528027366000018, 28.644786815413884, 0.0 ], [ 77.527387961953593, 28.645174655315468, 0.0 ], [ 77.527029890289754, 28.645418156126386, 0.0 ], [ 77.52685601346478, 28.645659462654539, 0.0 ], [ 77.526685993054627, 28.645827444834367, 0.0 ], [ 77.526623194416572, 28.645889489797952, 0.0 ], [ 77.526534993080759, 28.645958625428566, 0.0 ], [ 77.526277889246785, 28.646160156457665, 0.0 ], [ 77.525968504408212, 28.646214162794067, 0.0 ], [ 77.52558226820706, 28.646414844229202, 0.0 ], [ 77.524341897124643, 28.647023508172808, 0.0 ], [ 77.52404522378724, 28.64717007927538, 0.0 ], [ 77.52374342867715, 28.647291802794896, 0.0 ], [ 77.522267731335461, 28.647936520362375, 0.0 ], [ 77.521868805096801, 28.648105533662719, 0.0 ], [ 77.521482587762506, 28.648299418090282, 0.0 ], [ 77.521111782280855, 28.648450427548923, 0.0 ], [ 77.520761379041232, 28.648626336943408, 0.0 ], [ 77.520403306166813, 28.64875928936139, 0.0 ], [ 77.520042726276046, 28.64887192917157, 0.0 ], [ 77.519973870766435, 28.648887548060799, 0.0 ], [ 77.51970511719145, 28.64894850879821, 0.0 ], [ 77.519429861009854, 28.649000985038761, 0.0 ], [ 77.519362533354482, 28.649013819593296, 0.0 ], [ 77.519275466588425, 28.64905189840777, 0.0 ], [ 77.519037654712378, 28.649155906950348, 0.0 ], [ 77.51870778233598, 28.649245997878111, 0.0 ], [ 77.518405905613562, 28.649428617318282, 0.0 ], [ 77.518035061436009, 28.64958640767377, 0.0 ], [ 77.517776944007096, 28.649358487603337, 0.0 ], [ 77.517467560012363, 28.649146373842431, 0.0 ], [ 77.517166000118223, 28.648891359554625, 0.0 ], [ 77.516808051012703, 28.648643082174214, 0.0 ], [ 77.516227878128348, 28.64805186026058, 0.0 ], [ 77.515918565293163, 28.647742786186306, 0.0 ], [ 77.515629732893913, 28.647465217628159, 0.0 ], [ 77.515443224002283, 28.647239599298658, 0.0 ], [ 77.514972972229501, 28.646648430254857, 0.0 ], [ 77.514464390481393, 28.646102344466012, 0.0 ], [ 77.514155131400685, 28.645739055013575, 0.0 ], [ 77.513907149515219, 28.645488627814586, 0.0 ], [ 77.513615779539364, 28.645177258748465, 0.0 ], [ 77.513265641551882, 28.644892860386644, 0.0 ], [ 77.512941027901945, 28.644590511902607, 0.0 ], [ 77.512667546935006, 28.644346748267651, 0.0 ], [ 77.51239150564119, 28.644116611796019, 0.0 ], [ 77.512079653016997, 28.643888669635302, 0.0 ], [ 77.511798534347804, 28.643662947563822, 0.0 ], [ 77.511399754512141, 28.64338310669859, 0.0 ], [ 77.51182691437414, 28.64294120431715, 0.0 ], [ 77.511359207193934, 28.64257782443913, 0.0 ], [ 77.511079260485033, 28.642376867392915, 0.0 ], [ 77.511003917500801, 28.642322782740621, 0.0 ], [ 77.510926329914298, 28.642354921629838, 0.0 ], [ 77.51066116519705, 28.642464760240685, 0.0 ], [ 77.510016775582343, 28.642730730259338, 0.0 ], [ 77.50950773450208, 28.643003485733988, 0.0 ], [ 77.508561407806582, 28.643449669453044, 0.0 ], [ 77.508308233263634, 28.643697699424518, 0.0 ], [ 77.508024206037646, 28.643939011733838, 0.0 ], [ 77.507591939274363, 28.644157646092037, 0.0 ], [ 77.507213380466652, 28.644394270918575, 0.0 ], [ 77.506875846866507, 28.644581359479325, 0.0 ], [ 77.506474217905804, 28.644754971372009, 0.0 ], [ 77.506026692524216, 28.644966758563537, 0.0 ], [ 77.505737638664328, 28.645111030436176, 0.0 ], [ 77.505379552791197, 28.645311644841129, 0.0 ], [ 77.504995896317084, 28.645480671994907, 0.0 ], [ 77.504379392307513, 28.645884188746564, 0.0 ], [ 77.50408270593897, 28.646102821102492, 0.0 ], [ 77.503780817300409, 28.646321555907981, 0.0 ], [ 77.503553166507544, 28.646519893408566, 0.0 ], [ 77.503251300066111, 28.646799535331628, 0.0 ], [ 77.50294938967626, 28.646993317823171, 0.0 ], [ 77.502691041517593, 28.64723914804809, 0.0 ], [ 77.502077100444168, 28.647705805329078, 0.0 ], [ 77.501424748798996, 28.648143147086582, 0.0 ], [ 77.50114849696098, 28.648348242980333, 0.0 ], [ 77.500795417090188, 28.648630013583769, 0.0 ], [ 77.500562601075757, 28.648826154733172, 0.0 ], [ 77.499897988978475, 28.648455995437214, 0.0 ], [ 77.498759899956937, 28.647736176026193, 0.0 ], [ 77.498124997529885, 28.647249243617171, 0.0 ], [ 77.497163677219703, 28.645931631225892, 0.0 ], [ 77.496589140181968, 28.644771425761636, 0.0 ], [ 77.495789924409038, 28.643667316915646, 0.0 ], [ 77.491372947124802, 28.638919781793913, 0.0 ], [ 77.49081653726266, 28.638411110147164, 0.0 ], [ 77.490347004425118, 28.637977188359798, 0.0 ], [ 77.489301515623197, 28.637488345208723, 0.0 ], [ 77.487800354224078, 28.636909770261003, 0.0 ], [ 77.487002677517253, 28.636507366762331, 0.0 ], [ 77.486179302658428, 28.636347640150472, 0.0 ], [ 77.486055216862553, 28.636056735686516, 0.0 ], [ 77.485994979349911, 28.63569345084224, 0.0 ], [ 77.485914232193522, 28.63531608418036, 0.0 ], [ 77.486121549293401, 28.634833173847035, 0.0 ], [ 77.485199988183226, 28.63361698897755, 0.0 ], [ 77.483494817623551, 28.633617650039543, 0.0 ], [ 77.483259686052833, 28.633556765669272, 0.0 ], [ 77.48317418219861, 28.633534626287311, 0.0 ], [ 77.48310603552541, 28.633517007584956, 0.0 ], [ 77.481322764367206, 28.633055957084995, 0.0 ], [ 77.480807713398576, 28.632818505582993, 0.0 ], [ 77.479905139459234, 28.631951165150429, 0.0 ], [ 77.478571351396809, 28.630558727463708, 0.0 ], [ 77.478301603081391, 28.630017837890193, 0.0 ], [ 77.478241693158012, 28.629127094036495, 0.0 ], [ 77.477957636365474, 28.629035464427975, 0.0 ], [ 77.477264336168616, 28.628873155976841, 0.0 ], [ 77.476931941712778, 28.628601882172003, 0.0 ], [ 77.477093799815449, 28.628310897303724, 0.0 ], [ 77.477690058202668, 28.62787541561821, 0.0 ], [ 77.477775358334625, 28.627514420581225, 0.0 ], [ 77.477550329377053, 28.627331989588978, 0.0 ], [ 77.47387309881438, 28.627172960980708, 0.0 ], [ 77.473564908985225, 28.627246057915357, 0.0 ], [ 77.464484503899754, 28.633560070805679, 0.0 ], [ 77.45952485610475, 28.637127568022457, 0.0 ], [ 77.458253413836175, 28.638033821769987, 0.0 ], [ 77.456592761209265, 28.637888136227801, 0.0 ], [ 77.455650150560174, 28.636951226928858, 0.0 ], [ 77.453348428414913, 28.634093808704254, 0.0 ], [ 77.453333306182913, 28.634070633818936, 0.0 ], [ 77.452823629410716, 28.633319482376574, 0.0 ], [ 77.452525935072089, 28.63287900956546, 0.0 ], [ 77.450558229174973, 28.630471757984555, 0.0 ], [ 77.449740560905937, 28.629784472955251, 0.0 ], [ 77.447030748877836, 28.628333090430406, 0.0 ], [ 77.445923323498278, 28.627581522980552, 0.0 ], [ 77.444836952336772, 28.626311996754247, 0.0 ], [ 77.443543116779438, 28.625020792100809, 0.0 ], [ 77.443340239537463, 28.624522187417984, 0.0 ], [ 77.442431761915344, 28.623957241444174, 0.0 ], [ 77.44150637573081, 28.623203968163445, 0.0 ], [ 77.440127772533799, 28.622498462477807, 0.0 ], [ 77.439924549319883, 28.622270471008967, 0.0 ], [ 77.439840544625369, 28.622310391057923, 0.0 ], [ 77.43902791024793, 28.622645947721633, 0.0 ], [ 77.438340083150322, 28.622978915044911, 0.0 ], [ 77.438074020891762, 28.623277366631282, 0.0 ], [ 77.437717538789144, 28.623423006446203, 0.0 ], [ 77.437399699098378, 28.623459187104309, 0.0 ], [ 77.437171997371678, 28.623409665897793, 0.0 ], [ 77.436913777449718, 28.62332754884995, 0.0 ], [ 77.436720940624767, 28.623099707419467, 0.0 ], [ 77.436457339266099, 28.622774409837547, 0.0 ], [ 77.436012429900543, 28.622418680234471, 0.0 ], [ 77.435445823368724, 28.622418755373907, 0.0 ], [ 77.434690628548339, 28.622489185938086, 0.0 ], [ 77.433977676618042, 28.622275918350116, 0.0 ], [ 77.433735429204646, 28.622175706020371, 0.0 ], [ 77.433310149570403, 28.622632123903522, 0.0 ], [ 77.433004483194082, 28.623085877768823, 0.0 ], [ 77.43251514703978, 28.623371557123573, 0.0 ], [ 77.432169322369106, 28.623755862565492, 0.0 ], [ 77.432067829132265, 28.62413951023504, 0.0 ], [ 77.431925533012389, 28.624233542013407, 0.0 ], [ 77.431804591315952, 28.624300396368191, 0.0 ], [ 77.431680726611333, 28.62425712419617, 0.0 ], [ 77.431450278075843, 28.624340564247955, 0.0 ], [ 77.431319416631297, 28.624384326358609, 0.0 ], [ 77.431117602599926, 28.624339800614663, 0.0 ], [ 77.430845691472825, 28.624165720693629, 0.0 ], [ 77.43065493448114, 28.62408926574809, 0.0 ], [ 77.43040445763954, 28.624135688868481, 0.0 ], [ 77.430069886800027, 28.624226625421443, 0.0 ], [ 77.42959905117786, 28.624622672680363, 0.0 ], [ 77.428987903734551, 28.625016459979008, 0.0 ], [ 77.42833436531312, 28.624946310652877, 0.0 ], [ 77.428244410762687, 28.625022834646451, 0.0 ], [ 77.428106074028889, 28.625176553023739, 0.0 ], [ 77.427406503532737, 28.625321231349453, 0.0 ], [ 77.425525237205633, 28.625295501943729, 0.0 ], [ 77.422373749391525, 28.625107066136433, 0.0 ], [ 77.421694611750482, 28.625018129751179, 0.0 ], [ 77.419285830456602, 28.626364390646067, 0.0 ], [ 77.415867241867559, 28.628701983120269, 0.0 ], [ 77.414745445782756, 28.629469494236002, 0.0 ], [ 77.41380230155724, 28.629825741442467, 0.0 ], [ 77.413183215362224, 28.629847821190353, 0.0 ], [ 77.411783041849475, 28.629682949994173, 0.0 ], [ 77.410194030094416, 28.629349886363332, 0.0 ], [ 77.408216809805396, 28.629684740657407, 0.0 ], [ 77.407273644198838, 28.630040949166943, 0.0 ], [ 77.40684148189807, 28.630322889846532, 0.0 ], [ 77.406278026882163, 28.630419232135697, 0.0 ], [ 77.405255452851364, 28.630608957268556, 0.0 ], [ 77.405255145977719, 28.63060901465974, 0.0 ], [ 77.403076535363013, 28.631623939889217, 0.0 ], [ 77.401080738811856, 28.63259594392866, 0.0 ], [ 77.400517040502507, 28.633449052205496, 0.0 ], [ 77.399880543093474, 28.634561992951777, 0.0 ], [ 77.399880307796522, 28.634562405582479, 0.0 ], [ 77.398795997038206, 28.636443597583913, 0.0 ], [ 77.398704384625916, 28.636598048710326, 0.0 ], [ 77.398596510060401, 28.636784342661198, 0.0 ], [ 77.392021143352181, 28.634746152629134, 0.0 ], [ 77.391073656739309, 28.634313297005892, 0.0 ], [ 77.390539427713989, 28.634749469900427, 0.0 ], [ 77.39019700295718, 28.635211708626773, 0.0 ], [ 77.389757274230647, 28.635851232561386, 0.0 ], [ 77.389314896626558, 28.636714309850976, 0.0 ], [ 77.387185704726676, 28.636010992965129, 0.0 ], [ 77.386318291842414, 28.635726191772562, 0.0 ], [ 77.385557608583156, 28.635557796970026, 0.0 ], [ 77.384933775227466, 28.635556756884757, 0.0 ], [ 77.384237749173323, 28.635774688939655, 0.0 ], [ 77.383369929693998, 28.636003563618587, 0.0 ], [ 77.382730213431373, 28.636016014458125, 0.0 ], [ 77.381648827636567, 28.636264312123867, 0.0 ], [ 77.380893210065892, 28.636595917892624, 0.0 ], [ 77.380320021119033, 28.636905027090478, 0.0 ], [ 77.380241141839718, 28.636947564235168, 0.0 ], [ 77.380165047730074, 28.636902165394698, 0.0 ], [ 77.379743115693827, 28.636650439121816, 0.0 ], [ 77.378221495437444, 28.635093543285905, 0.0 ], [ 77.376812933237545, 28.634093466090626, 0.0 ], [ 77.374770725362012, 28.632573844881694, 0.0 ], [ 77.373823768779886, 28.631627190305583, 0.0 ], [ 77.37385514346542, 28.631618533070728, 0.0 ], [ 77.374958195423119, 28.631081684591738, 0.0 ], [ 77.376555999039255, 28.628777923905236, 0.0 ], [ 77.375947615421254, 28.627800143473063, 0.0 ], [ 77.375163911709038, 28.626755264722405, 0.0 ], [ 77.374171294150827, 28.625018943319688, 0.0 ], [ 77.373780103858479, 28.624342854059424, 0.0 ], [ 77.373559302300492, 28.623967701158996, 0.0 ], [ 77.37324432067031, 28.623375423276102, 0.0 ], [ 77.373104376269453, 28.622863997813621, 0.0 ], [ 77.373245877888621, 28.622563603467302, 0.0 ], [ 77.373431333736335, 28.622312328890999, 0.0 ], [ 77.373433178907248, 28.622309829226435, 0.0 ], [ 77.373422045243743, 28.622098657300317, 0.0 ], [ 77.373180622150983, 28.621961672283707, 0.0 ], [ 77.372844950437056, 28.622102924435424, 0.0 ], [ 77.372260937207031, 28.622680413922581, 0.0 ], [ 77.371358286510215, 28.623330629791447, 0.0 ], [ 77.370138194574736, 28.623750864290326, 0.0 ], [ 77.36852612275851, 28.624270124976881, 0.0 ], [ 77.367518143667539, 28.624492019174014, 0.0 ], [ 77.363844824622475, 28.624646999835822, 0.0 ], [ 77.361777527427179, 28.621874599221243, 0.0 ], [ 77.358422934799847, 28.617796581463196, 0.0 ], [ 77.358835834872053, 28.616711764577961, 0.0 ], [ 77.359894962059883, 28.615302798111045, 0.0 ], [ 77.360683921921151, 28.614866337652469, 0.0 ], [ 77.366874245130589, 28.611450480654383, 0.0 ], [ 77.368320609923799, 28.610648703769726, 0.0 ], [ 77.369135878424004, 28.610194285883185, 0.0 ], [ 77.369017287522126, 28.609903363254357, 0.0 ], [ 77.369046458185167, 28.609261692070746, 0.0 ], [ 77.368859395966467, 28.608767823431783, 0.0 ], [ 77.368563468762659, 28.608506084446404, 0.0 ], [ 77.36816129633587, 28.608352678196752, 0.0 ], [ 77.367514337906442, 28.608222756216442, 0.0 ], [ 77.366760320630846, 28.608223285638108, 0.0 ], [ 77.366758732219012, 28.608223286040936, 0.0 ], [ 77.366713885141735, 28.608223317787779, 0.0 ], [ 77.366708835920733, 28.608461747931095, 0.0 ], [ 77.366392083366762, 28.608447350066086, 0.0 ], [ 77.365988262290387, 28.608371887553901, 0.0 ], [ 77.365524909363245, 28.608162424435019, 0.0 ], [ 77.364684108328646, 28.607859579307636, 0.0 ], [ 77.363823933156993, 28.607735295864952, 0.0 ], [ 77.363055533705861, 28.60769508711596, 0.0 ], [ 77.36158976557364, 28.607941495536711, 0.0 ], [ 77.360501013211717, 28.608056518654518, 0.0 ], [ 77.359821075297816, 28.608256270708107, 0.0 ], [ 77.358252222603326, 28.608950450843167, 0.0 ], [ 77.357680058025892, 28.609459292321016, 0.0 ], [ 77.356753651276136, 28.610494336827234, 0.0 ], [ 77.355113640329463, 28.610866231327321, 0.0 ], [ 77.352985747152076, 28.609739311786225, 0.0 ], [ 77.352577342911459, 28.609879317899576, 0.0 ], [ 77.351241523665905, 28.610123199389818, 0.0 ], [ 77.349143560430491, 28.61027644163519, 0.0 ], [ 77.3487027868414, 28.610227842713979, 0.0 ], [ 77.348406507391559, 28.609984408577329, 0.0 ], [ 77.348197497710572, 28.610035979350208, 0.0 ], [ 77.347270777606511, 28.610350835967083, 0.0 ], [ 77.346161696629864, 28.610442489671193, 0.0 ], [ 77.344836243891876, 28.610443388989495, 0.0 ], [ 77.343691078293318, 28.61027756391551, 0.0 ], [ 77.342807670904477, 28.610024351637517, 0.0 ], [ 77.342178374993324, 28.609555196778629, 0.0 ], [ 77.342135593835096, 28.610243746708861, 0.0 ], [ 77.342130831139599, 28.61032040179008, 0.0 ], [ 77.342129662853381, 28.610325985571233, 0.0 ], [ 77.342020836116433, 28.610846053799428, 0.0 ], [ 77.341971527110474, 28.61145069023376, 0.0 ], [ 77.341761259312378, 28.612229917028955, 0.0 ], [ 77.341728789305321, 28.612350249126262, 0.0 ], [ 77.341784574907081, 28.613144692805108, 0.0 ], [ 77.341821537830938, 28.613847086620694, 0.0 ], [ 77.341783795070057, 28.614639971122333, 0.0 ], [ 77.341683600298339, 28.615436401528029, 0.0 ], [ 77.341513500609594, 28.616098651872701, 0.0 ], [ 77.341473892102158, 28.616978650713204, 0.0 ], [ 77.341490069370877, 28.61743759581892, 0.0 ], [ 77.341541835602229, 28.617690729724352, 0.0 ], [ 77.341655467532561, 28.618454022766525, 0.0 ], [ 77.341732138981371, 28.61900112197781, 0.0 ], [ 77.341802044204556, 28.619378398947397, 0.0 ], [ 77.341925483670394, 28.619926275897765, 0.0 ], [ 77.342039412874271, 28.620432713418115, 0.0 ], [ 77.342184618674722, 28.620691987214851, 0.0 ], [ 77.342440421836571, 28.621311123577794, 0.0 ], [ 77.342486111030667, 28.62142170843423, 0.0 ], [ 77.342528799874941, 28.621729246414137, 0.0 ], [ 77.342562688904195, 28.621973389747765, 0.0 ], [ 77.342516642587896, 28.62198492673301, 0.0 ], [ 77.340400502293136, 28.622515116556876, 0.0 ], [ 77.340331071080897, 28.622532511384719, 0.0 ], [ 77.340367481326396, 28.62306440917142, 0.0 ], [ 77.340370677378772, 28.623111098204582, 0.0 ], [ 77.340358250235326, 28.623137050096425, 0.0 ], [ 77.340246580669714, 28.62337026310043, 0.0 ], [ 77.340044175489751, 28.623793667381882, 0.0 ], [ 77.339833627397482, 28.624022645658194, 0.0 ], [ 77.339703554735124, 28.624164103611601, 0.0 ], [ 77.339338932929465, 28.624366542907083, 0.0 ], [ 77.339214294480968, 28.624435741317264, 0.0 ], [ 77.339154492628168, 28.624472848244714, 0.0 ], [ 77.338271259537848, 28.625020884720289, 0.0 ], [ 77.337572945468509, 28.625587168687417, 0.0 ], [ 77.33693894746375, 28.62606278820088, 0.0 ], [ 77.335627214215819, 28.626871100980026, 0.0 ], [ 77.334992416836769, 28.627383391205104, 0.0 ], [ 77.3342351274854, 28.628274329320131, 0.0 ], [ 77.332932729764863, 28.629614827783229, 0.0 ], [ 77.332142799621735, 28.630305912293235, 0.0 ], [ 77.331867818702435, 28.630546481842376, 0.0 ], [ 77.331113361861071, 28.6310613422831, 0.0 ], [ 77.330627972370422, 28.631392642662259, 0.0 ], [ 77.33054520482473, 28.631439837120585, 0.0 ], [ 77.329719648154651, 28.631910562485785, 0.0 ], [ 77.329596400016399, 28.631980836462827, 0.0 ], [ 77.329492151189172, 28.63201639619448, 0.0 ], [ 77.328250471256453, 28.632439925137845, 0.0 ], [ 77.327511970760057, 28.632676047266159, 0.0 ], [ 77.326941797915481, 28.63285834618441, 0.0 ], [ 77.325994725749041, 28.633383717422518, 0.0 ], [ 77.325010118869514, 28.634445091192312, 0.0 ], [ 77.324652189368763, 28.634650081623167, 0.0 ], [ 77.323697569297082, 28.63431760876016, 0.0 ], [ 77.321654537772858, 28.636484947171624, 0.0 ], [ 77.32152393512888, 28.63660493033521, 0.0 ], [ 77.319814707150755, 28.638175141498586, 0.0 ], [ 77.318604747615709, 28.639286654567631, 0.0 ], [ 77.316906586915579, 28.640643291722114, 0.0 ], [ 77.316280400563798, 28.641201426889538, 0.0 ], [ 77.316265156722281, 28.641215013948475, 0.0 ], [ 77.316583674782692, 28.642114751801852, 0.0 ], [ 77.317113705441017, 28.643573017624451, 0.0 ], [ 77.317355864602447, 28.644505457633077, 0.0 ], [ 77.317502528515249, 28.645070186195557, 0.0 ], [ 77.317710918389125, 28.645553775361176, 0.0 ], [ 77.318265036554919, 28.646839644533785, 0.0 ], [ 77.319604883157226, 28.650288283619844, 0.0 ], [ 77.319850806791621, 28.651004676136168, 0.0 ], [ 77.319878844574745, 28.651086350003013, 0.0 ], [ 77.319889806837494, 28.65347152388366, 0.0 ], [ 77.319977535887162, 28.655431432228536, 0.0 ], [ 77.320228394997372, 28.657783921287972, 0.0 ], [ 77.32025011191854, 28.657904256602432, 0.0 ], [ 77.320400255066374, 28.658736204361549, 0.0 ], [ 77.320575095121598, 28.661238758376683, 0.0 ], [ 77.320650943476252, 28.662374749156033, 0.0 ], [ 77.320685155271121, 28.66288713936947, 0.0 ], [ 77.320755377393837, 28.663489140110848, 0.0 ], [ 77.321036063296987, 28.66422840023305, 0.0 ], [ 77.321395066167952, 28.665173913412801, 0.0 ], [ 77.32163636147186, 28.666283285763939, 0.0 ], [ 77.321917286446435, 28.666760396395542, 0.0 ], [ 77.322063232447974, 28.666809564964225, 0.0 ], [ 77.322490344132049, 28.666953457573193, 0.0 ], [ 77.322992392744823, 28.667155866996161, 0.0 ], [ 77.323000726930061, 28.667159226323442, 0.0 ], [ 77.323010924476833, 28.667181139498432, 0.0 ], [ 77.323433129478232, 28.668088338405898, 0.0 ], [ 77.32369079099729, 28.668868060450073, 0.0 ], [ 77.323721169700619, 28.668959992562453, 0.0 ], [ 77.323767653866696, 28.669699180375613, 0.0 ], [ 77.323512369433999, 28.670203993489441, 0.0 ], [ 77.323336567885818, 28.671122910891995, 0.0 ], [ 77.32330421998131, 28.671658974472727, 0.0 ], [ 77.323318099430892, 28.671727540185834, 0.0 ], [ 77.323348410614358, 28.671877276396902, 0.0 ], [ 77.323362815675011, 28.671948433927341, 0.0 ], [ 77.323511031894597, 28.672680613445991, 0.0 ], [ 77.323668708503234, 28.673514326201282, 0.0 ], [ 77.323753806449744, 28.67396427563375, 0.0 ], [ 77.323864517775775, 28.674860469062242, 0.0 ], [ 77.323730293962242, 28.675386174779614, 0.0 ], [ 77.323688450615805, 28.675550058047119, 0.0 ], [ 77.32352936017665, 28.676175722854801, 0.0 ], [ 77.323559370401895, 28.67640104935106, 0.0 ], [ 77.323600986292632, 28.676713524196927, 0.0 ], [ 77.323902638432344, 28.677195555547424, 0.0 ], [ 77.324084031686752, 28.677300805871283, 0.0 ], [ 77.324431689332954, 28.677502527391155, 0.0 ], [ 77.325471401848489, 28.677763010129393, 0.0 ], [ 77.326624040929332, 28.677851094903563, 0.0 ], [ 77.328649971506707, 28.677958361717582, 0.0 ], [ 77.330095299108251, 28.678221008141186, 0.0 ], [ 77.330163529963102, 28.678328800387053, 0.0 ], [ 77.330623439897764, 28.679055370505939, 0.0 ], [ 77.332719743875941, 28.681699986598819, 0.0 ], [ 77.332922188680996, 28.681960198381788, 0.0 ], [ 77.332772635359035, 28.68215428878996, 0.0 ], [ 77.33276169491451, 28.682168488704129, 0.0 ], [ 77.332361441054076, 28.682643366686712, 0.0 ], [ 77.33224537306117, 28.682962469647446, 0.0 ], [ 77.332237406419864, 28.683333506473488, 0.0 ], [ 77.332231395058415, 28.683613488745923, 0.0 ], [ 77.332219779788005, 28.684154475329812, 0.0 ], [ 77.332218622635452, 28.68415614466964, 0.0 ], [ 77.331870916747988, 28.684657727376205, 0.0 ], [ 77.331943639113589, 28.684913859168716, 0.0 ], [ 77.332093337657355, 28.685441106951568, 0.0 ], [ 77.332151180158149, 28.685896113052749, 0.0 ], [ 77.33210333922797, 28.685965699367166, 0.0 ], [ 77.331764638237459, 28.686458355588854, 0.0 ], [ 77.331318736914511, 28.687120502596056, 0.0 ], [ 77.331143580189178, 28.68776882584816, 0.0 ], [ 77.331064842930786, 28.688528827764511, 0.0 ], [ 77.33081815401323, 28.689359403436079, 0.0 ], [ 77.330301964152326, 28.690387270136295, 0.0 ], [ 77.329689368381267, 28.691060382824908, 0.0 ], [ 77.329179296402842, 28.691560929449718, 0.0 ], [ 77.328397893042606, 28.692827422851437, 0.0 ], [ 77.327426882914082, 28.693719256609601, 0.0 ], [ 77.326495017647858, 28.694483324119737, 0.0 ], [ 77.325889277000798, 28.695080598756849, 0.0 ], [ 77.325621361973532, 28.695344766990107, 0.0 ], [ 77.325379054768518, 28.695583683467525, 0.0 ], [ 77.324203869742902, 28.697017833513851, 0.0 ], [ 77.323591271146555, 28.697929397623952, 0.0 ], [ 77.323270470389375, 28.698575262238595, 0.0 ], [ 77.324054388213497, 28.699611107072275, 0.0 ], [ 77.324354453250251, 28.69992799080406, 0.0 ], [ 77.324746238639008, 28.700333546398902, 0.0 ], [ 77.32527581964132, 28.701103713090504, 0.0 ], [ 77.325287904317292, 28.701281671620791, 0.0 ], [ 77.325311364790608, 28.701627129426775, 0.0 ], [ 77.325382452190226, 28.701999455553374, 0.0 ], [ 77.325442251215463, 28.702312656943612, 0.0 ], [ 77.325737490751777, 28.702854176306655, 0.0 ], [ 77.325807813840086, 28.703393909921335, 0.0 ], [ 77.325835701485701, 28.703607947120016, 0.0 ], [ 77.325791673070157, 28.704203408332866, 0.0 ], [ 77.32577368144166, 28.704278399429761, 0.0 ], [ 77.325665843516205, 28.704727865198745, 0.0 ], [ 77.325631669180694, 28.704870305827452, 0.0 ], [ 77.325413045591162, 28.705118883945957, 0.0 ], [ 77.324923304256444, 28.705638092620461, 0.0 ], [ 77.324642126360686, 28.706150778219317, 0.0 ], [ 77.324452251417938, 28.706496984338184, 0.0 ], [ 77.324455706173438, 28.707061133964547, 0.0 ], [ 77.325425807051317, 28.708875125478084, 0.0 ], [ 77.325997591197492, 28.709861530742561, 0.0 ], [ 77.326320641313615, 28.710253547354501, 0.0 ], [ 77.326386010785811, 28.710332872231866, 0.0 ], [ 77.326484268443849, 28.710452105942114, 0.0 ], [ 77.326507678197714, 28.710449645980042, 0.0 ], [ 77.327108917279972, 28.710386476205372, 0.0 ], [ 77.327162056815581, 28.710380893180549, 0.0 ], [ 77.327340015493249, 28.710518936054061, 0.0 ], [ 77.328430976660556, 28.711365185957074, 0.0 ], [ 77.328795313119087, 28.711597521109415, 0.0 ], [ 77.329621632372024, 28.712124453618625, 0.0 ], [ 77.32982679051814, 28.712255278959663, 0.0 ], [ 77.330491037007306, 28.712626056829397, 0.0 ], [ 77.330716077711728, 28.712751671245297, 0.0 ], [ 77.330753322090501, 28.712787698639069, 0.0 ], [ 77.330859118416598, 28.712890036157123, 0.0 ], [ 77.331077904285962, 28.713101667950927, 0.0 ], [ 77.330459251663655, 28.713132491393015, 0.0 ], [ 77.329630175332497, 28.713173794752308, 0.0 ], [ 77.328482775733505, 28.713310546441672, 0.0 ], [ 77.327179888667615, 28.713484844803386, 0.0 ], [ 77.327141978030525, 28.713489916678391, 0.0 ], [ 77.326825355257697, 28.713216366569711, 0.0 ], [ 77.326352474713602, 28.712807811978294, 0.0 ], [ 77.326238017173949, 28.71270892378725, 0.0 ], [ 77.325243196860441, 28.713039554802965, 0.0 ], [ 77.324500863235372, 28.713286265785875, 0.0 ], [ 77.324451321829017, 28.713302730342203, 0.0 ], [ 77.324267977010734, 28.713066420036416, 0.0 ], [ 77.324029304622073, 28.712758797907785, 0.0 ], [ 77.323950227901662, 28.712656877523557, 0.0 ], [ 77.323145260757002, 28.713028960143859, 0.0 ], [ 77.323118846787338, 28.713041169696538, 0.0 ], [ 77.323088505674463, 28.713055193743298, 0.0 ], [ 77.323069401415424, 28.713037438436334, 0.0 ], [ 77.322199533445797, 28.712228965482335, 0.0 ], [ 77.322063426008825, 28.712102462776894, 0.0 ], [ 77.320360573495705, 28.712908588269165, 0.0 ], [ 77.320154081244652, 28.713004990703492, 0.0 ], [ 77.320029372145768, 28.71304461594114, 0.0 ], [ 77.31974102888249, 28.713165942499064, 0.0 ], [ 77.319367745797933, 28.713333381873344, 0.0 ], [ 77.31881451102295, 28.713572381493016, 0.0 ], [ 77.318394181516041, 28.713731785029186, 0.0 ], [ 77.317963594136344, 28.713899392164681, 0.0 ], [ 77.317759093793143, 28.713974648270646, 0.0 ], [ 77.317734371427207, 28.713983745706585, 0.0 ], [ 77.316726357271605, 28.712988821964299, 0.0 ], [ 77.316656448594614, 28.712919821118348, 0.0 ], [ 77.316188728208331, 28.71289821019495, 0.0 ], [ 77.315586070371992, 28.712984714114217, 0.0 ], [ 77.315416424603626, 28.713009064174773, 0.0 ], [ 77.314854109599921, 28.713031720819025, 0.0 ], [ 77.314479397693447, 28.713039183173056, 0.0 ], [ 77.314102145119236, 28.71300887605889, 0.0 ], [ 77.313757561189206, 28.712981191947684, 0.0 ], [ 77.313357901530168, 28.712993881414434, 0.0 ], [ 77.313351755746154, 28.712994076182802, 0.0 ], [ 77.313096441438901, 28.713002182394643, 0.0 ], [ 77.312496038291769, 28.713102153443128, 0.0 ], [ 77.311417413932347, 28.713184906787713, 0.0 ], [ 77.310787891977554, 28.713188074139218, 0.0 ], [ 77.310356191817448, 28.713191094311931, 0.0 ], [ 77.310238222490312, 28.713187421945886, 0.0 ], [ 77.309849282743443, 28.713188024533018, 0.0 ], [ 77.309561730452899, 28.713183014739343, 0.0 ], [ 77.309285295960947, 28.713139111917922, 0.0 ], [ 77.309060036449367, 28.713109670815196, 0.0 ], [ 77.308740030064484, 28.713062195452537, 0.0 ], [ 77.308638086935048, 28.71300971995608, 0.0 ], [ 77.308533166295632, 28.712982205741685, 0.0 ], [ 77.308407080117291, 28.712949141692395, 0.0 ], [ 77.308258575627633, 28.712910198470652, 0.0 ], [ 77.30822551965025, 28.712861758506438, 0.0 ], [ 77.308197685762778, 28.712777881878434, 0.0 ], [ 77.308038198776913, 28.712840418365243, 0.0 ], [ 77.307740560298939, 28.712944557184176, 0.0 ], [ 77.307451096051864, 28.713066779375588, 0.0 ], [ 77.307292553459959, 28.713121088932109, 0.0 ], [ 77.307167549374157, 28.713067108572869, 0.0 ], [ 77.307105927334945, 28.712926431677236, 0.0 ], [ 77.307050597312838, 28.712890478201587, 0.0 ], [ 77.306953440182781, 28.712902331268829, 0.0 ], [ 77.306739708826044, 28.713006388116387, 0.0 ], [ 77.306484044523231, 28.713134797070911, 0.0 ], [ 77.306229369231829, 28.713256965039278, 0.0 ], [ 77.306091093231402, 28.713190399746356, 0.0 ], [ 77.305932223686213, 28.713020075855379, 0.0 ], [ 77.305744594565994, 28.712830847367044, 0.0 ], [ 77.305731192167841, 28.712770360416645, 0.0 ], [ 77.305633894271182, 28.71275244395153, 0.0 ], [ 77.305537696160101, 28.712770684219702, 0.0 ], [ 77.305143831368952, 28.712868609632977, 0.0 ], [ 77.304784728015107, 28.712899813346777, 0.0 ], [ 77.304639890211135, 28.712631997327101, 0.0 ], [ 77.30454551519928, 28.712534019029871, 0.0 ], [ 77.304487113550422, 28.712473386512311, 0.0 ], [ 77.304252304044368, 28.71221838099946, 0.0 ], [ 77.304155027765887, 28.712145431042916, 0.0 ], [ 77.304112943402046, 28.712100702973604, 0.0 ], [ 77.30388534991549, 28.711858811763406, 0.0 ], [ 77.303497984568693, 28.711566980161908, 0.0 ], [ 77.303290904476768, 28.711372395512292, 0.0 ], [ 77.302986734825836, 28.711239277356579, 0.0 ], [ 77.302693845990845, 28.711153961742614, 0.0 ], [ 77.302247571527928, 28.711001099722949, 0.0 ], [ 77.30180270871557, 28.710804475929883, 0.0 ], [ 77.301767072513485, 28.710785246426884, 0.0 ], [ 77.300905587915366, 28.710364983547827, 0.0 ], [ 77.300480552721055, 28.710188719094877, 0.0 ], [ 77.300315656025305, 28.710125757341103, 0.0 ], [ 77.299937796357696, 28.709996322670364, 0.0 ], [ 77.299766870780559, 28.709975774318298, 0.0 ], [ 77.299506861986316, 28.709929136100737, 0.0 ], [ 77.299274958191717, 28.709924472055139, 0.0 ], [ 77.299034973261328, 28.709854620957071, 0.0 ], [ 77.299034956963681, 28.709841353100796, 0.0 ], [ 77.299034519212569, 28.70959687637276, 0.0 ], [ 77.29905276750975, 28.709476849220806, 0.0 ], [ 77.299070117261209, 28.709456074846685, 0.0 ], [ 77.299170393544799, 28.709455903189131, 0.0 ], [ 77.299234737421045, 28.709398965525484, 0.0 ], [ 77.299240812887319, 28.709325877703272, 0.0 ], [ 77.299240419819412, 28.709102149066169, 0.0 ], [ 77.299216669476536, 28.708961365181654, 0.0 ], [ 77.299186679598208, 28.708769264596622, 0.0 ], [ 77.299133142520503, 28.708618612337926, 0.0 ], [ 77.299104444150657, 28.708550987579862, 0.0 ], [ 77.298980260613448, 28.708379704256359, 0.0 ], [ 77.298905021275374, 28.708271646737543, 0.0 ], [ 77.298831513257454, 28.708166076584035, 0.0 ], [ 77.298713539043888, 28.707983952683957, 0.0 ], [ 77.298710569958715, 28.707940368366366, 0.0 ], [ 77.298707209614705, 28.707891047542653, 0.0 ], [ 77.298705096761637, 28.707794462228016, 0.0 ], [ 77.298680281394766, 28.70768446029096, 0.0 ], [ 77.298539533055049, 28.707349897516458, 0.0 ], [ 77.298314813122829, 28.706998266851155, 0.0 ], [ 77.298239825953473, 28.706830567773334, 0.0 ], [ 77.298209029399331, 28.706751160278309, 0.0 ], [ 77.298074664405164, 28.706549285636374, 0.0 ], [ 77.297938988023603, 28.706245308837165, 0.0 ], [ 77.297834291184543, 28.706024436208263, 0.0 ], [ 77.297743920236911, 28.705826955555569, 0.0 ], [ 77.297573505496615, 28.705492444071925, 0.0 ], [ 77.297402949232932, 28.705104617850022, 0.0 ], [ 77.297322777484752, 28.704924285187744, 0.0 ], [ 77.297318674963876, 28.704911778198483, 0.0 ], [ 77.297182844038588, 28.704959813505425, 0.0 ], [ 77.297109809102366, 28.704985641800572, 0.0 ], [ 77.296831589623295, 28.704522901365507, 0.0 ], [ 77.296781724826459, 28.704439964063479, 0.0 ], [ 77.295710182562573, 28.70491714001767, 0.0 ], [ 77.295251607320651, 28.70519372146973, 0.0 ], [ 77.294473341208359, 28.705579542176714, 0.0 ], [ 77.293887261075383, 28.705739307294678, 0.0 ], [ 77.293340075141373, 28.705785074890525, 0.0 ], [ 77.292793487311897, 28.705803333961494, 0.0 ], [ 77.292228803157045, 28.705935937789064, 0.0 ], [ 77.291516620652871, 28.706153176926591, 0.0 ], [ 77.291040632012496, 28.706512001116529, 0.0 ], [ 77.290331144749786, 28.707082413086347, 0.0 ], [ 77.289451652569269, 28.707576559872422, 0.0 ], [ 77.288888051142024, 28.708135680916104, 0.0 ], [ 77.288745940906963, 28.70892667020631, 0.0 ], [ 77.288472931858578, 28.709518233780724, 0.0 ], [ 77.288177326320209, 28.709715007947693, 0.0 ], [ 77.287364206033402, 28.710265301195971, 0.0 ], [ 77.287406265228697, 28.710606792719997, 0.0 ], [ 77.287501182912408, 28.711377463899868, 0.0 ], [ 77.287460517105359, 28.711443940617801, 0.0 ], [ 77.287371482889398, 28.711589485069169, 0.0 ], [ 77.287214577111982, 28.711845978733205, 0.0 ], [ 77.286934744938534, 28.712303414934578, 0.0 ], [ 77.28709638699813, 28.713256280155921, 0.0 ], [ 77.287092701214235, 28.713261499830104, 0.0 ], [ 77.286910092917211, 28.713658744110081, 0.0 ], [ 77.286859895676798, 28.713796900431166, 0.0 ], [ 77.286240952228979, 28.714534234434396, 0.0 ], [ 77.289088663664458, 28.716820563629106, 0.0 ], [ 77.288831014668389, 28.719567825610248, 0.0 ], [ 77.290767294310228, 28.722384378139505, 0.0 ], [ 77.289208516646454, 28.723009165348188, 0.0 ], [ 77.287447288038052, 28.724089102932016, 0.0 ], [ 77.286338585188474, 28.72455230827449, 0.0 ], [ 77.28627642749943, 28.724578276290718, 0.0 ], [ 77.286240288577631, 28.724685680292286, 0.0 ], [ 77.285725596191966, 28.726215299489319, 0.0 ], [ 77.285167094169765, 28.726774478044575, 0.0 ], [ 77.282429124589484, 28.729452029444559, 0.0 ], [ 77.2780190013724, 28.734068972829878, 0.0 ], [ 77.277519473246528, 28.734591896357308, 0.0 ], [ 77.27643925203229, 28.735449410409444, 0.0 ], [ 77.275583476854791, 28.735708147726346, 0.0 ], [ 77.274468586033919, 28.736045217834914, 0.0 ], [ 77.273940813352667, 28.73620477830686, 0.0 ], [ 77.272909175596055, 28.736269730235957, 0.0 ], [ 77.272786584106541, 28.736131986142137, 0.0 ], [ 77.272469573316528, 28.735775790493665, 0.0 ], [ 77.272346508539684, 28.735637513229594, 0.0 ], [ 77.272345541733571, 28.73563642729318, 0.0 ], [ 77.272340946476319, 28.735634481484816, 0.0 ], [ 77.27200342677952, 28.735491569030522, 0.0 ], [ 77.271927976865911, 28.735459622518221, 0.0 ], [ 77.271732720055283, 28.735438168913408, 0.0 ], [ 77.270729380951877, 28.735327925885155, 0.0 ], [ 77.269642119545026, 28.735208454193586, 0.0 ], [ 77.269457289127885, 28.73518814444326, 0.0 ], [ 77.267631109577778, 28.734852291041076, 0.0 ], [ 77.266570873881776, 28.734657292411171, 0.0 ], [ 77.265490489330332, 28.734524606905552, 0.0 ], [ 77.265094331848132, 28.734475951804605, 0.0 ], [ 77.26340631195302, 28.734268622111625, 0.0 ], [ 77.261755503442828, 28.734065843923098, 0.0 ], [ 77.260821988825555, 28.734164499565523, 0.0 ], [ 77.259730182493101, 28.735306033572179, 0.0 ], [ 77.257765453170677, 28.736863665079294, 0.0 ], [ 77.255869577988335, 28.738646490741086, 0.0 ], [ 77.255629407148632, 28.738872335158863, 0.0 ], [ 77.255558527632061, 28.739013692284686, 0.0 ], [ 77.255193955209549, 28.739740770085099, 0.0 ], [ 77.254557895857445, 28.743563661895742, 0.0 ], [ 77.254627405730048, 28.743692393536225, 0.0 ], [ 77.254637015232518, 28.743710190352331, 0.0 ], [ 77.254643805489678, 28.743722764962794, 0.0 ], [ 77.254712856638349, 28.743850647602095, 0.0 ], [ 77.254870573512989, 28.743853356219834, 0.0 ], [ 77.255319770566402, 28.743861068008453, 0.0 ], [ 77.256195270174615, 28.743876095727657, 0.0 ], [ 77.256207261509431, 28.74390069748684, 0.0 ], [ 77.258067351397884, 28.74771678766777, 0.0 ], [ 77.258495140333949, 28.748594384264923, 0.0 ], [ 77.258816876607668, 28.749254406589053, 0.0 ], [ 77.259182081040109, 28.750003591181382, 0.0 ], [ 77.259132932405151, 28.750282902945784, 0.0 ], [ 77.259111890121972, 28.751236212967683, 0.0 ], [ 77.259111888676614, 28.751236466997131, 0.0 ], [ 77.259121403038904, 28.752244105675697, 0.0 ], [ 77.259121401532838, 28.752244362455151, 0.0 ], [ 77.25912120823979, 28.752245952251108, 0.0 ], [ 77.259120704952409, 28.752247488122528, 0.0 ], [ 77.259120227508447, 28.752248419110217, 0.0 ], [ 77.258858290393846, 28.752688466877355, 0.0 ], [ 77.258857983182153, 28.752688946787885, 0.0 ], [ 77.258856914953782, 28.752690238177102, 0.0 ], [ 77.258855607248407, 28.752691345696405, 0.0 ], [ 77.258854490837194, 28.752692038270357, 0.0 ], [ 77.258739626127749, 28.752753720540198, 0.0 ], [ 77.258705986537592, 28.752771784992632, 0.0 ], [ 77.257439577721698, 28.753451836535731, 0.0 ], [ 77.257439390186846, 28.753451939709027, 0.0 ], [ 77.257226960292613, 28.753571544070407, 0.0 ], [ 77.256377601211597, 28.754049755606403, 0.0 ], [ 77.256376672331243, 28.754050344072756, 0.0 ], [ 77.256375365609543, 28.754051452504008, 0.0 ], [ 77.256374535762603, 28.754052410450935, 0.0 ], [ 77.256148263005812, 28.754352678949832, 0.0 ], [ 77.256148023545251, 28.754353012354365, 0.0 ], [ 77.256147224772633, 28.754354447755766, 0.0 ], [ 77.256146721439919, 28.754355983612502, 0.0 ], [ 77.256146528125754, 28.754357572482629, 0.0 ], [ 77.256146585742925, 28.754358732760576, 0.0 ], [ 77.256360922122553, 28.756115246532172, 0.0 ], [ 77.256370510328878, 28.756193822449124, 0.0 ], [ 77.256370568847501, 28.756194989159059, 0.0 ], [ 77.256370375553601, 28.756196577107882, 0.0 ], [ 77.256369873276839, 28.756198112061821, 0.0 ], [ 77.256369074535513, 28.756199545626401, 0.0 ], [ 77.25636800627133, 28.756200836074836, 0.0 ], [ 77.256366700587506, 28.756201943603219, 0.0 ], [ 77.256365195708156, 28.756202834015532, 0.0 ], [ 77.256363538018363, 28.756203480593239, 0.0 ], [ 77.256361778942946, 28.756203864041378, 0.0 ], [ 77.25635996974485, 28.756203972399568, 0.0 ], [ 77.256359805403633, 28.756203967744863, 0.0 ], [ 77.256358354409201, 28.756203832784017, 0.0 ], [ 77.255985296246195, 28.756145779320402, 0.0 ], [ 77.254583515225235, 28.755927631961814, 0.0 ], [ 77.254583309897455, 28.755927598169503, 0.0 ], [ 77.252078172699257, 28.755491844133015, 0.0 ], [ 77.250738589321969, 28.755260925707109, 0.0 ], [ 77.250271922075314, 28.755180478897312, 0.0 ], [ 77.250269300650231, 28.755180324666057, 0.0 ], [ 77.250269142248243, 28.755180333864573, 0.0 ], [ 77.249954700771198, 28.755201225494531, 0.0 ], [ 77.249349072540511, 28.755241461733728, 0.0 ], [ 77.248903497372609, 28.755271062331133, 0.0 ], [ 77.248800172867718, 28.755277926585361, 0.0 ], [ 77.248782544217704, 28.755279097994901, 0.0 ], [ 77.248506501977019, 28.755370932225112, 0.0 ], [ 77.247930957856056, 28.755562403948783, 0.0 ], [ 77.245569294762191, 28.756478906974458, 0.0 ], [ 77.244923426380737, 28.756729543476848, 0.0 ], [ 77.243212843701087, 28.757545200962703, 0.0 ], [ 77.2425933417057, 28.757840591162733, 0.0 ], [ 77.240265321088913, 28.758856833916717, 0.0 ], [ 77.240060276298053, 28.758938854646967, 0.0 ], [ 77.239430719622945, 28.759190681799414, 0.0 ], [ 77.238869634900752, 28.759415116915836, 0.0 ], [ 77.238472940918058, 28.759634968082867, 0.0 ], [ 77.237578084077057, 28.760130900132538, 0.0 ], [ 77.237578019795336, 28.760130935707899, 0.0 ], [ 77.237016301225864, 28.760278190357251, 0.0 ], [ 77.236681337552852, 28.760366000122822, 0.0 ], [ 77.236355046116287, 28.760526249049885, 0.0 ], [ 77.235671816733216, 28.760861792753929, 0.0 ], [ 77.235562472670452, 28.760915492491936, 0.0 ], [ 77.235496486044795, 28.761808230006999, 0.0 ], [ 77.235710007628867, 28.762474779366048, 0.0 ], [ 77.235740796432594, 28.762570893358369, 0.0 ], [ 77.236148693303576, 28.763580167764214, 0.0 ], [ 77.235968821306159, 28.76544606697145, 0.0 ], [ 77.236082389036412, 28.766558597523431, 0.0 ], [ 77.236184204789367, 28.768199117347088, 0.0 ], [ 77.236172859717826, 28.768330124653733, 0.0 ], [ 77.236079797964081, 28.769404731090315, 0.0 ], [ 77.236060066587555, 28.769632576018438, 0.0 ], [ 77.235881849741475, 28.770733283594033, 0.0 ], [ 77.235649580268415, 28.770736824300879, 0.0 ], [ 77.235297754979342, 28.770742186088778, 0.0 ], [ 77.234436512094589, 28.770755310211754, 0.0 ], [ 77.233982031585739, 28.770762233681708, 0.0 ], [ 77.233175606833669, 28.770774515510002, 0.0 ], [ 77.231791829764944, 28.770791198400822, 0.0 ], [ 77.231865796764083, 28.771048992257111, 0.0 ], [ 77.231958720673958, 28.771372858188577, 0.0 ], [ 77.232100783884519, 28.771867982120522, 0.0 ], [ 77.232119875967228, 28.771934521588793, 0.0 ], [ 77.232131603066705, 28.772187054313921, 0.0 ], [ 77.232161416937743, 28.772829102716866, 0.0 ], [ 77.232107143157165, 28.77298714845028, 0.0 ], [ 77.232016913285904, 28.773249897183494, 0.0 ], [ 77.231865518820598, 28.773690756222486, 0.0 ], [ 77.231449709942439, 28.774414898023931, 0.0 ], [ 77.230163180863499, 28.774893723997195, 0.0 ], [ 77.228519300531502, 28.775542409330278, 0.0 ], [ 77.227781740835809, 28.775529626250208, 0.0 ], [ 77.226725676764758, 28.776012418759905, 0.0 ], [ 77.225353811565753, 28.776868937334594, 0.0 ], [ 77.224026585737036, 28.777103227357504, 0.0 ], [ 77.221868074082693, 28.77739078448176, 0.0 ], [ 77.222454315744855, 28.777715899956384, 0.0 ], [ 77.222538099464387, 28.777762364303381, 0.0 ], [ 77.222688056899699, 28.777845526804679, 0.0 ], [ 77.22320423602423, 28.778131782439281, 0.0 ], [ 77.229377323924425, 28.781177721110041, 0.0 ], [ 77.232355961875612, 28.782719041449095, 0.0 ], [ 77.233223812491474, 28.783203091909815, 0.0 ], [ 77.23393234964054, 28.783598276913303, 0.0 ], [ 77.234147667756588, 28.783718368914553, 0.0 ], [ 77.233202547808489, 28.784157147822757, 0.0 ], [ 77.232849484263781, 28.784321057531404, 0.0 ], [ 77.232811783693705, 28.784338560393461, 0.0 ], [ 77.231712226822609, 28.784902796294105, 0.0 ], [ 77.228535254850584, 28.786532979817729, 0.0 ], [ 77.226927599418403, 28.786241023335869, 0.0 ], [ 77.224290203694821, 28.785937956369338, 0.0 ], [ 77.221698921907503, 28.785635646726135, 0.0 ], [ 77.21734075021908, 28.785289020751478, 0.0 ], [ 77.216027109818668, 28.785199452472529, 0.0 ], [ 77.215207167319591, 28.785143541136961, 0.0 ], [ 77.214298084666396, 28.785236054630843, 0.0 ], [ 77.21333864517689, 28.785517289532965, 0.0 ], [ 77.211852102294117, 28.786331590416506, 0.0 ], [ 77.211122966960616, 28.786592098831793, 0.0 ], [ 77.210160485711725, 28.786947265258291, 0.0 ], [ 77.209497992369052, 28.787154337411774, 0.0 ], [ 77.209225622357977, 28.787267329170387, 0.0 ], [ 77.208650275162526, 28.78758619440061, 0.0 ], [ 77.208240773994788, 28.787829988875586, 0.0 ], [ 77.207924459195397, 28.788025073415586, 0.0 ], [ 77.207806473711798, 28.788131366834616, 0.0 ], [ 77.207806434382718, 28.788131402832509, 0.0 ], [ 77.207795752079107, 28.788141026691495, 0.0 ], [ 77.207791766277353, 28.788144617302521, 0.0 ], [ 77.207677837563281, 28.788247256123348, 0.0 ], [ 77.207640030262525, 28.788309493511889, 0.0 ], [ 77.20746806378861, 28.788478307444727, 0.0 ], [ 77.207317593095595, 28.788602923880905, 0.0 ], [ 77.207092338117391, 28.788731199334279, 0.0 ], [ 77.206630616530219, 28.78898053472134, 0.0 ], [ 77.206179224948173, 28.789273094808994, 0.0 ], [ 77.205545655038321, 28.789775139466219, 0.0 ], [ 77.205025600609716, 28.790182402639836, 0.0 ], [ 77.204705290945853, 28.790455944554648, 0.0 ], [ 77.204559853564049, 28.790542674891931, 0.0 ], [ 77.204516853066366, 28.790548068787363, 0.0 ], [ 77.204452291563555, 28.790550837923679, 0.0 ], [ 77.204358100474451, 28.790561759437182, 0.0 ], [ 77.204276238496533, 28.790584297966408, 0.0 ], [ 77.204205560263958, 28.790632185593097, 0.0 ], [ 77.204033656198803, 28.790819038752517, 0.0 ], [ 77.203848473268451, 28.791134036691105, 0.0 ], [ 77.203792601359936, 28.791228108221464, 0.0 ], [ 77.203760547294152, 28.79128207731797, 0.0 ], [ 77.203675603346582, 28.79139668813924, 0.0 ], [ 77.203571218202924, 28.791502324348247, 0.0 ], [ 77.203352063666259, 28.791638704380826, 0.0 ], [ 77.203017447949421, 28.791987176869938, 0.0 ], [ 77.202625475870448, 28.792461988568139, 0.0 ], [ 77.20230527756847, 28.792882669527771, 0.0 ], [ 77.20201466254575, 28.793322264363947, 0.0 ], [ 77.201571607219023, 28.793852126956914, 0.0 ], [ 77.201228796688326, 28.794327757541868, 0.0 ], [ 77.200996524968687, 28.794707755449377, 0.0 ], [ 77.20044500135144, 28.795495785319122, 0.0 ], [ 77.200168800613639, 28.795856831713603, 0.0 ], [ 77.199921086416552, 28.796218765971563, 0.0 ], [ 77.199661323441404, 28.796679956773577, 0.0 ], [ 77.19947418999665, 28.797142038077485, 0.0 ], [ 77.199421646545744, 28.797293278088166, 0.0 ], [ 77.1994068886018, 28.797335757533311, 0.0 ], [ 77.199397984157628, 28.797361388680347, 0.0 ], [ 77.199282003439876, 28.797695230604607, 0.0 ], [ 77.199252663831473, 28.797838520150314, 0.0 ], [ 77.199249307946388, 28.797854908676964, 0.0 ], [ 77.199191334793923, 28.798366578550361, 0.0 ], [ 77.199160996801581, 28.798887181192455, 0.0 ], [ 77.199129513122742, 28.799226462905658, 0.0 ], [ 77.199142121915983, 28.799763325983943, 0.0 ], [ 77.199150786307484, 28.799856002864832, 0.0 ], [ 77.199171051553606, 28.800072754418871, 0.0 ], [ 77.199225444739, 28.800297412815262, 0.0 ], [ 77.199338354587198, 28.80062125916222, 0.0 ], [ 77.199346062430664, 28.800642936749149, 0.0 ], [ 77.199512842261157, 28.801111998223593, 0.0 ], [ 77.199670961518279, 28.801520634136246, 0.0 ], [ 77.199818631728064, 28.801870618170341, 0.0 ], [ 77.199899764723568, 28.802090690608654, 0.0 ], [ 77.200009735247008, 28.802557128860929, 0.0 ], [ 77.200028847956702, 28.80326473068601, 0.0 ], [ 77.200032814570903, 28.803411568944707, 0.0 ], [ 77.200043680207884, 28.803520566725783, 0.0 ], [ 77.200117438813407, 28.804260494092155, 0.0 ], [ 77.200153483404605, 28.804508637052855, 0.0 ], [ 77.200155819728508, 28.804554463730661, 0.0 ], [ 77.200181542568117, 28.805058960882555, 0.0 ], [ 77.200163276549333, 28.805324436805392, 0.0 ], [ 77.200154162030003, 28.80545690771519, 0.0 ], [ 77.20012151890306, 28.805560649739036, 0.0 ], [ 77.200106270225774, 28.805712284932135, 0.0 ], [ 77.200121755210276, 28.805956793385519, 0.0 ], [ 77.200168110787445, 28.806359132000658, 0.0 ], [ 77.200180607146933, 28.806602787251645, 0.0 ], [ 77.200194054257423, 28.806779575833822, 0.0 ], [ 77.200220874660261, 28.807080917003233, 0.0 ], [ 77.200238880684992, 28.807849641799276, 0.0 ], [ 77.200239532503232, 28.807911891262449, 0.0 ], [ 77.200244259825283, 28.808363647017526, 0.0 ], [ 77.200246594889393, 28.808586778057375, 0.0 ], [ 77.200295360951898, 28.809386216015053, 0.0 ], [ 77.200342148283951, 28.809660315819009, 0.0 ], [ 77.200552944881792, 28.810895235426113, 0.0 ], [ 77.200574092216442, 28.811019125418962, 0.0 ], [ 77.200851450428985, 28.811996983668308, 0.0 ], [ 77.200864070572379, 28.812232003525928, 0.0 ], [ 77.200864921148678, 28.812247840784185, 0.0 ], [ 77.201019576860432, 28.8124933549066, 0.0 ], [ 77.201254094854789, 28.812865647319658, 0.0 ], [ 77.201301834193742, 28.812941432692877, 0.0 ], [ 77.201621929403416, 28.812812269290003, 0.0 ], [ 77.201721082687087, 28.812772259440226, 0.0 ], [ 77.205596437517343, 28.811208414261401, 0.0 ], [ 77.207684207197204, 28.810676080258233, 0.0 ], [ 77.211566683214485, 28.809629146478663, 0.0 ], [ 77.211917275252858, 28.809534601889201, 0.0 ], [ 77.213438982645087, 28.809124229054493, 0.0 ], [ 77.215602621508694, 28.808633740542245, 0.0 ], [ 77.215618896916709, 28.808631980606371, 0.0 ], [ 77.216894811510201, 28.808494031092479, 0.0 ], [ 77.217760475876076, 28.808400431787707, 0.0 ], [ 77.218963421059726, 28.808238522535156, 0.0 ], [ 77.21899472407712, 28.808690701696378, 0.0 ], [ 77.219008091167083, 28.808883785532366, 0.0 ], [ 77.219009884592367, 28.808909689438355, 0.0 ], [ 77.219016514076387, 28.808999167022435, 0.0 ], [ 77.219037606773853, 28.809283836469131, 0.0 ], [ 77.219072184885192, 28.809750515798715, 0.0 ], [ 77.219104329208378, 28.810184331976984, 0.0 ], [ 77.219432112299742, 28.812025043841199, 0.0 ], [ 77.219541265953183, 28.813259504993958, 0.0 ], [ 77.219581739210156, 28.81371723206302, 0.0 ], [ 77.219638855033239, 28.814363169371916, 0.0 ], [ 77.219726543305697, 28.815354839108313, 0.0 ], [ 77.219921691910585, 28.816233285188016, 0.0 ], [ 77.220005764584116, 28.816611728464114, 0.0 ], [ 77.220005906462802, 28.816612367376802, 0.0 ], [ 77.220005916495282, 28.816612430829025, 0.0 ], [ 77.220007741025483, 28.816624552278402, 0.0 ], [ 77.220142456209118, 28.817531581899225, 0.0 ], [ 77.220166248135357, 28.817691773537298, 0.0 ], [ 77.220177775632507, 28.817876502761294, 0.0 ], [ 77.22017880551185, 28.817893000380575, 0.0 ], [ 77.220256769413851, 28.819142380590165, 0.0 ], [ 77.220322811588588, 28.81919561209547, 0.0 ], [ 77.221788676364454, 28.820377126665878, 0.0 ], [ 77.221888068406116, 28.820457237088789, 0.0 ], [ 77.222319293437437, 28.821114755133493, 0.0 ], [ 77.222599226324419, 28.822065337465972, 0.0 ], [ 77.222647991498192, 28.822230929700329, 0.0 ], [ 77.22272444122757, 28.822289101058786, 0.0 ], [ 77.223179327456691, 28.823101995779655, 0.0 ], [ 77.223682886972313, 28.823644738086141, 0.0 ], [ 77.223889095210097, 28.823977989409261, 0.0 ], [ 77.223889118331542, 28.823978026492849, 0.0 ], [ 77.224133663821362, 28.824491182538743, 0.0 ], [ 77.224258546163398, 28.82489052169602, 0.0 ], [ 77.224267067174623, 28.824917771345969, 0.0 ], [ 77.224393407230238, 28.825321765615989, 0.0 ], [ 77.224283307956711, 28.826118844212015, 0.0 ], [ 77.224238389051564, 28.826199743289177, 0.0 ], [ 77.223754525308408, 28.827071165728942, 0.0 ], [ 77.222871182626861, 28.828748605468913, 0.0 ], [ 77.222564480061166, 28.830083952526603, 0.0 ], [ 77.222696087028226, 28.831074809816872, 0.0 ], [ 77.223015198654252, 28.831933498913827, 0.0 ], [ 77.223058208170414, 28.832760310758122, 0.0 ], [ 77.22299815206415, 28.833382201600962, 0.0 ], [ 77.224278724272153, 28.832510646372469, 0.0 ], [ 77.227016418798229, 28.831122654938028, 0.0 ], [ 77.226024215643903, 28.830103342621285, 0.0 ], [ 77.227604424229014, 28.828207748427396, 0.0 ], [ 77.22905374867841, 28.826661964099962, 0.0 ], [ 77.22891453838578, 28.826009528801873, 0.0 ], [ 77.228756074346137, 28.824842155569581, 0.0 ], [ 77.228649425660308, 28.824109028923083, 0.0 ], [ 77.229297655896701, 28.823314491369224, 0.0 ], [ 77.230681601801479, 28.822627483989752, 0.0 ], [ 77.233484073935728, 28.82245928900279, 0.0 ], [ 77.236029132663703, 28.822801204605192, 0.0 ], [ 77.238084119198419, 28.823053367464226, 0.0 ], [ 77.240076422598477, 28.823358591007512, 0.0 ], [ 77.240867326070884, 28.823751413656115, 0.0 ], [ 77.242473216139942, 28.823454085638485, 0.0 ], [ 77.244937510735284, 28.823279862272223, 0.0 ], [ 77.247059416328113, 28.823289300653435, 0.0 ], [ 77.247491327749188, 28.823229020125108, 0.0 ], [ 77.24861703707667, 28.822740548587475, 0.0 ], [ 77.248799797350571, 28.822701378814273, 0.0 ], [ 77.249026488132998, 28.822652794135241, 0.0 ], [ 77.2507278175339, 28.823639430565237, 0.0 ], [ 77.250615628337073, 28.825264425472863, 0.0 ], [ 77.251561993953572, 28.825532269926288, 0.0 ], [ 77.251548624246766, 28.826135845065732, 0.0 ], [ 77.252375568103105, 28.826636445261869, 0.0 ], [ 77.252235612235253, 28.826935944715704, 0.0 ], [ 77.253061450481539, 28.827486838274258, 0.0 ], [ 77.253403523668212, 28.828381643111438, 0.0 ], [ 77.255003061830394, 28.830119861712987, 0.0 ], [ 77.256447361864574, 28.831989575435063, 0.0 ], [ 77.257914593082177, 28.834547318197252, 0.0 ], [ 77.258372668587114, 28.83450485073411, 0.0 ], [ 77.25890897871335, 28.833507711625511, 0.0 ], [ 77.259568187710968, 28.83298229396085, 0.0 ], [ 77.260455130807742, 28.832494318426743, 0.0 ], [ 77.261467944219518, 28.832343932455878, 0.0 ], [ 77.261825261332007, 28.832551312387903, 0.0 ], [ 77.26315453211491, 28.83359715344633, 0.0 ], [ 77.265117134128431, 28.833563620815699, 0.0 ], [ 77.266633688796958, 28.833891431104739, 0.0 ], [ 77.267747904224635, 28.833893688111203, 0.0 ], [ 77.268768393814128, 28.833827248652437, 0.0 ], [ 77.27133917480711, 28.833854336221719, 0.0 ], [ 77.272761285004108, 28.834146932806927, 0.0 ], [ 77.273811324615735, 28.834902796722684, 0.0 ], [ 77.274896619654157, 28.834921282655991, 0.0 ], [ 77.27630633571718, 28.834911740330455, 0.0 ], [ 77.277884470979075, 28.835039226354596, 0.0 ], [ 77.279970522654537, 28.834588309128758, 0.0 ], [ 77.281347298064787, 28.834343353567785, 0.0 ], [ 77.282829548266847, 28.833630558554145, 0.0 ], [ 77.284740201139584, 28.832488945211189, 0.0 ], [ 77.287265955381329, 28.831089383320617, 0.0 ], [ 77.289409398767575, 28.829750391140031, 0.0 ], [ 77.290891548818763, 28.829037516070642, 0.0 ], [ 77.292630703457064, 28.827892898046571, 0.0 ], [ 77.293173677351533, 28.827449234796507, 0.0 ], [ 77.292826564711518, 28.826772473734692, 0.0 ], [ 77.292626265514741, 28.82547762060339, 0.0 ], [ 77.292537639617208, 28.824302060671595, 0.0 ], [ 77.292693574708935, 28.822392652692141, 0.0 ], [ 77.292698695814394, 28.822157927086685, 0.0 ], [ 77.293179774369719, 28.82193125298026, 0.0 ], [ 77.293157789874442, 28.821192896632429, 0.0 ], [ 77.292878033121568, 28.819175473432864, 0.0 ], [ 77.292497244633068, 28.817424691313157, 0.0 ], [ 77.292531630795935, 28.815848657012946, 0.0 ], [ 77.292145368582339, 28.814349361937833, 0.0 ], [ 77.291647832114634, 28.813586173557688, 0.0 ], [ 77.292711695742184, 28.812832638744904, 0.0 ], [ 77.294484659619556, 28.811873045934313, 0.0 ], [ 77.297643933010917, 28.810215631271937, 0.0 ], [ 77.299766043593195, 28.808959965476401, 0.0 ], [ 77.298256894639735, 28.806552755767349, 0.0 ], [ 77.298644181976186, 28.806257385763185, 0.0 ], [ 77.298289014279746, 28.805077291605844, 0.0 ], [ 77.298163063518444, 28.804739706913352, 0.0 ], [ 77.297404822178152, 28.802831566343841, 0.0 ], [ 77.296454792141972, 28.80098726510813, 0.0 ], [ 77.29716379023948, 28.799909003925688, 0.0 ], [ 77.298585821712209, 28.798440230433098, 0.0 ], [ 77.299248691530096, 28.797730182387923, 0.0 ], [ 77.298538148014273, 28.7971311282387, 0.0 ], [ 77.299693352235792, 28.796546803938433, 0.0 ], [ 77.300892083669765, 28.795711609741119, 0.0 ], [ 77.300576888093858, 28.795320509631996, 0.0 ], [ 77.301815491917807, 28.794402113785647, 0.0 ], [ 77.302591796317458, 28.793727508046093, 0.0 ], [ 77.302416032092168, 28.793053618737151, 0.0 ], [ 77.303315270366738, 28.791978526807569, 0.0 ], [ 77.304620388420446, 28.790625123457204, 0.0 ], [ 77.306798812526864, 28.792020446044589, 0.0 ], [ 77.309410341863639, 28.793641070374388, 0.0 ], [ 77.311198234695524, 28.794610428157746, 0.0 ], [ 77.312597688481461, 28.795053272370701, 0.0 ], [ 77.313742284903469, 28.79495508766642, 0.0 ], [ 77.314294639408658, 28.79494758903008, 0.0 ], [ 77.315599299310392, 28.795372041901256, 0.0 ], [ 77.317599351302547, 28.795338502373596, 0.0 ], [ 77.319658314541485, 28.795222060067697, 0.0 ], [ 77.320109555759814, 28.796370185676757, 0.0 ], [ 77.320945116562882, 28.797357016386151, 0.0 ], [ 77.322097046220335, 28.798684596189247, 0.0 ], [ 77.323295258408976, 28.800516125411434, 0.0 ], [ 77.32419363744701, 28.802124578901577, 0.0 ], [ 77.325771879229052, 28.801345873138903, 0.0 ], [ 77.326288719655111, 28.801220329695763, 0.0 ], [ 77.327310946340191, 28.800616815822188, 0.0 ], [ 77.328566771031021, 28.800218469808495, 0.0 ], [ 77.329169984099181, 28.800060813696053, 0.0 ], [ 77.330932387857771, 28.799570269906955, 0.0 ], [ 77.333192566168663, 28.7989538226234, 0.0 ], [ 77.335127692244171, 28.798399020232463, 0.0 ], [ 77.337020085270126, 28.797172564766651, 0.0 ], [ 77.338371206863229, 28.796322857589988, 0.0 ], [ 77.339063638587277, 28.795998918885637, 0.0 ], [ 77.34002183088154, 28.795712940857989, 0.0 ], [ 77.340656791715389, 28.795404811786703, 0.0 ], [ 77.341352444254525, 28.794929959206531, 0.0 ], [ 77.34249379304849, 28.795871439585671, 0.0 ], [ 77.343014901670784, 28.795544636822221, 0.0 ], [ 77.343571579513537, 28.796224802439426, 0.0 ], [ 77.343780617650779, 28.797134011308888, 0.0 ], [ 77.344609913677687, 28.798422522592031, 0.0 ], [ 77.345449297799448, 28.800130514094207, 0.0 ], [ 77.346826035511668, 28.802535094326416, 0.0 ], [ 77.347542978770505, 28.803737850454525, 0.0 ], [ 77.348237364248959, 28.805996906436235, 0.0 ], [ 77.35042536883094, 28.805194525891178, 0.0 ], [ 77.352960638409471, 28.804179814711816, 0.0 ], [ 77.35507734194276, 28.802252415436904, 0.0 ], [ 77.357198264864678, 28.800123776281492, 0.0 ], [ 77.358757471006086, 28.798438698183574, 0.0 ], [ 77.359486374562394, 28.797293402393734, 0.0 ], [ 77.357695808296882, 28.795536223867728, 0.0 ], [ 77.358442310783573, 28.794458311417781, 0.0 ], [ 77.357940877788607, 28.79386297438899, 0.0 ], [ 77.358360221912903, 28.79294738442028, 0.0 ], [ 77.358133714405284, 28.791065063419769, 0.0 ], [ 77.359405637073479, 28.790348049600997, 0.0 ], [ 77.360389545861608, 28.789743685964915, 0.0 ], [ 77.360886557780375, 28.789651247881565, 0.0 ], [ 77.361835951091223, 28.788878573309614, 0.0 ], [ 77.361059717558774, 28.787775513893394, 0.0 ], [ 77.36250965641436, 28.786742720443723, 0.0 ], [ 77.363398356572603, 28.786136765145091, 0.0 ], [ 77.363875963091786, 28.78606077128256, 0.0 ], [ 77.366062979002095, 28.786180667834838, 0.0 ], [ 77.367768485667668, 28.786560981393468, 0.0 ], [ 77.369112528930231, 28.786029579318026, 0.0 ], [ 77.370490511646963, 28.784794249639763, 0.0 ], [ 77.371899787372584, 28.783878111069384, 0.0 ], [ 77.373532821010002, 28.78318368720273, 0.0 ], [ 77.374934965245345, 28.782602868080282, 0.0 ], [ 77.376487582048114, 28.782108372323727, 0.0 ], [ 77.378829365653218, 28.781207463610357, 0.0 ], [ 77.379544452558548, 28.781604967731131, 0.0 ], [ 77.380218015744276, 28.781263762250759, 0.0 ], [ 77.381753685264442, 28.780668296996755, 0.0 ], [ 77.382340502296188, 28.780828863240384, 0.0 ], [ 77.384744217720069, 28.780599813495204, 0.0 ], [ 77.386270679722244, 28.780440260177244, 0.0 ], [ 77.387765775327992, 28.779961487070253, 0.0 ], [ 77.38886224540245, 28.779425872188295, 0.0 ], [ 77.389565020956852, 28.779504437343821, 0.0 ], [ 77.391221863784992, 28.778575392304333, 0.0 ], [ 77.391993356250708, 28.778101548446784, 0.0 ], [ 77.392761672874528, 28.777778607435724, 0.0 ], [ 77.393931060787068, 28.777395105102642, 0.0 ], [ 77.395127213448362, 28.77664301688424, 0.0 ], [ 77.396406989730593, 28.778257325734156, 0.0 ], [ 77.397360390157289, 28.779094736114786, 0.0 ], [ 77.398490013328981, 28.77970018034976, 0.0 ], [ 77.400145104269271, 28.779760639837772, 0.0 ], [ 77.401325448182533, 28.779763049808377, 0.0 ], [ 77.402269684852669, 28.780130628414746, 0.0 ], [ 77.403455386656589, 28.780787266540543, 0.0 ], [ 77.404765913193444, 28.781848477333565, 0.0 ], [ 77.405991110649097, 28.782438642223777, 0.0 ], [ 77.40573689993181, 28.784581485723734, 0.0 ], [ 77.405678968711385, 28.786442363434336, 0.0 ], [ 77.405157819879989, 28.787691889278815, 0.0 ], [ 77.404878031637026, 28.788324726122507, 0.0 ], [ 77.404846832805845, 28.789817020450858, 0.0 ], [ 77.404495562717386, 28.791136386414166, 0.0 ], [ 77.403540549348818, 28.793100094443648, 0.0 ], [ 77.402899881865309, 28.794599254456163, 0.0 ], [ 77.40227937111537, 28.796954149587766, 0.0 ], [ 77.402738047425544, 28.797783464864892, 0.0 ], [ 77.401039102383919, 28.798896420365033, 0.0 ], [ 77.398607651530909, 28.800433535667228, 0.0 ], [ 77.397040475634867, 28.801615678391922, 0.0 ], [ 77.394936047629457, 28.80299032807066, 0.0 ], [ 77.39429273480053, 28.803701074700918, 0.0 ], [ 77.396673747076036, 28.806389911021363, 0.0 ], [ 77.397899200393269, 28.807885831368488, 0.0 ], [ 77.398423841697095, 28.809202620143459, 0.0 ], [ 77.399050003562664, 28.810219149545709, 0.0 ], [ 77.39983549812122, 28.810902815607427, 0.0 ], [ 77.401743832927082, 28.811621489227839, 0.0 ], [ 77.403595078724337, 28.812339212217207, 0.0 ], [ 77.404891460646823, 28.813182091962471, 0.0 ], [ 77.405490488235941, 28.813678207431568, 0.0 ], [ 77.403439296516055, 28.816144004377133, 0.0 ], [ 77.401396099118884, 28.818224136566812, 0.0 ], [ 77.400049454753642, 28.81977884699981, 0.0 ], [ 77.402163221200198, 28.821607802962333, 0.0 ], [ 77.399227070130721, 28.821761369134222, 0.0 ], [ 77.39621862574576, 28.821729210900926, 0.0 ], [ 77.394332103673932, 28.823593750462084, 0.0 ], [ 77.392572808284342, 28.825745460442903, 0.0 ], [ 77.390077256502664, 28.828488927842219, 0.0 ], [ 77.392838011846749, 28.829439619558492, 0.0 ], [ 77.397077237646812, 28.830732984443159, 0.0 ], [ 77.400428339300376, 28.831693141843207, 0.0 ], [ 77.402223458816309, 28.832376397398075, 0.0 ], [ 77.402716837240362, 28.833373943816547, 0.0 ], [ 77.402936727139476, 28.835608159189725, 0.0 ], [ 77.407240169865332, 28.837489289420695, 0.0 ], [ 77.408272107579691, 28.836415844194665, 0.0 ], [ 77.412313471668995, 28.837168886490332, 0.0 ], [ 77.413640733129711, 28.839286799944173, 0.0 ], [ 77.414151176889519, 28.840385202751236, 0.0 ], [ 77.413513537725223, 28.841733396440983, 0.0 ], [ 77.412867681591877, 28.84256153280975, 0.0 ], [ 77.411048365062683, 28.843940919156353, 0.0 ], [ 77.411627124751448, 28.844503740188507, 0.0 ], [ 77.410105441515313, 28.846223354058381, 0.0 ], [ 77.408369216292726, 28.847268618207281, 0.0 ], [ 77.407159727189736, 28.847718628209787, 0.0 ], [ 77.405432572600333, 28.848327949567718, 0.0 ], [ 77.403648622965093, 28.848919560328838, 0.0 ], [ 77.4013022297395, 28.849988388639868, 0.0 ], [ 77.402240767125747, 28.851563358974953, 0.0 ], [ 77.402586790415114, 28.852323683569772, 0.0 ], [ 77.402136941550296, 28.853792253406272, 0.0 ], [ 77.403603480505964, 28.855627342847487, 0.0 ], [ 77.404745962174573, 28.857473929102031, 0.0 ], [ 77.405310026864214, 28.858740908541993, 0.0 ], [ 77.405025520894384, 28.85959162147946, 0.0 ], [ 77.404772785224537, 28.860744727337444, 0.0 ], [ 77.40497711954653, 28.861905241145998, 0.0 ], [ 77.406013473313621, 28.86336434441591, 0.0 ], [ 77.407276062777314, 28.865850129452635, 0.0 ], [ 77.407949208900149, 28.867370408895486, 0.0 ], [ 77.406908949913486, 28.868829394844465, 0.0 ], [ 77.405777052205408, 28.871024799883902, 0.0 ], [ 77.404632031406877, 28.87293487399505, 0.0 ], [ 77.403904153183646, 28.874029937062993, 0.0 ], [ 77.403300371155453, 28.874657429791753, 0.0 ], [ 77.402333640407448, 28.875329342984784, 0.0 ], [ 77.40282025786405, 28.877567730137592, 0.0 ], [ 77.404217015819683, 28.877288514067352, 0.0 ], [ 77.40552063592969, 28.876907152052148, 0.0 ], [ 77.406812680233742, 28.877079021575597, 0.0 ], [ 77.40774073126488, 28.877345612457013, 0.0 ], [ 77.408090585393055, 28.877015864221839, 0.0 ], [ 77.409541803383945, 28.877777259425489, 0.0 ], [ 77.411553808130776, 28.878145215372211, 0.0 ], [ 77.414248031957911, 28.878691870700145, 0.0 ], [ 77.415766231655141, 28.878984713086243, 0.0 ], [ 77.418436559737955, 28.879765697749811, 0.0 ], [ 77.419115641251494, 28.880095287248039, 0.0 ], [ 77.419545814123907, 28.880929735472737, 0.0 ], [ 77.420014793809045, 28.88175328444585, 0.0 ], [ 77.420942304919876, 28.883881298364923, 0.0 ], [ 77.421657298524579, 28.885234443354189, 0.0 ], [ 77.420543645461294, 28.886558129298486, 0.0 ], [ 77.421799913172961, 28.888456634381654, 0.0 ], [ 77.422517729638457, 28.889675647000352, 0.0 ], [ 77.424498035186147, 28.890663415000311, 0.0 ], [ 77.425881666468214, 28.891021069588923, 0.0 ], [ 77.427393087332987, 28.891649088136457, 0.0 ], [ 77.426922336749556, 28.892295557715613, 0.0 ], [ 77.428025044001004, 28.893336251451593, 0.0 ], [ 77.429658322121497, 28.895441966617728, 0.0 ], [ 77.428823531882585, 28.89618321464269, 0.0 ], [ 77.429488419019833, 28.898122437614091, 0.0 ], [ 77.430221539452162, 28.900448453386741, 0.0 ], [ 77.430757227997901, 28.903106685812478, 0.0 ], [ 77.431587095497179, 28.904444811815722, 0.0 ], [ 77.432835420386382, 28.905823179281537, 0.0 ], [ 77.433676779252693, 28.906608072753706, 0.0 ], [ 77.434337663285149, 28.907826080250349, 0.0 ], [ 77.435129474919407, 28.910085895267883, 0.0 ], [ 77.436199825393047, 28.912702317202761, 0.0 ], [ 77.437039511574554, 28.914493325399135, 0.0 ], [ 77.437714326348001, 28.915963066897199, 0.0 ], [ 77.438281070163825, 28.916206904615265, 0.0 ], [ 77.439234421138991, 28.91618861266625, 0.0 ], [ 77.440389050931117, 28.916575998713686, 0.0 ], [ 77.441157084434664, 28.917225508964936, 0.0 ], [ 77.442944020913103, 28.919299911724181, 0.0 ], [ 77.441800830064196, 28.920203968673917, 0.0 ], [ 77.440442491199875, 28.921372884335902, 0.0 ], [ 77.441075123074768, 28.923043149960513, 0.0 ], [ 77.441128201920179, 28.926012143871592, 0.0 ], [ 77.443731738018442, 28.925466798591465, 0.0 ], [ 77.444713347067747, 28.927779831622868, 0.0 ], [ 77.447392432833652, 28.927269171063969, 0.0 ], [ 77.448101605095317, 28.927079242062351, 0.0 ], [ 77.449975878685621, 28.926773712270801, 0.0 ], [ 77.451711590542644, 28.926717491904412, 0.0 ], [ 77.453409536520709, 28.926643883450385, 0.0 ], [ 77.455320866585851, 28.926389185737488, 0.0 ], [ 77.456929721491704, 28.926012280856593, 0.0 ] ] ] } }
]
}
